# index	path	equivalence	max-channel-error	provenance	decoded-rgba8-sha256	encoded-sha256	alias-identity	alias-target
0	col/col_black_1.png	pixel-exact	0	analytic	62fb561c59d0cea247fc588f3311ee665375f35d8675b186e2792cb7dfcff88c	953d1700bd27cfa3f776bec89360c55b7bcf094132fb16394cb172e5f5edc16b		
1	col/col_black_2.png	pixel-exact	0	analytic	d8d553546719ecc9637714ba865b13783ef9f55aa28c0b79b0dfe2e7042cc38a	128a17617ff09a91e74050d43ae74d9c69b7da96111f5288ee7d5ddf290d837d		
2	col/col_black_3.png	pixel-exact	0	analytic	72a7a4c4c5ea6171fec5a6224303453de08bebea8f4aa34e1f59d5e177f4e526	a9e4ffcb81fdfd6b47dc892cca91872ac7d1a27af6ba1b7c8d67489d5d995710		
3	col/col_black_4.png	pixel-exact	0	analytic	0fbba07a833d4dcfc7024eaf313661a0ba8f80a05c6d29b8801c612e10e60dee	d4c66b108c68501254c4dcb9308ab5321c99d8ce9c59658c23d69398e3b330f3		
4	col/col_blue_hi.png	pixel-exact	0	analytic	c34fb4331b2d031d7c644860b54a678424c66ef12352fc165a91dc09840d98fd	c97dea7122b09cce672648f3cb64495b7820136ce563900bb7358708599acdff		
5	col/col_blue_lo.png	pixel-exact	0	analytic	b2e50d5d7f3e1936da75a863f0c00e2e5b665550b4b26b298052e843d2dbb640	07c330fbac8c020e9cd79781e2145a34fc1227812bde0b6fec51c58bb9607bff		
6	col/col_cyan_hi.png	pixel-exact	0	analytic	85d8b62ded901c24b4abd09d1a5a46cb79f1ff0dfd1008f85310f0c3c685d683	fa02f3984c136eba2dbce97e0d6cc131ace843c8b3d49c08defc70f6df43c4a2		
7	col/col_cyan_lo.png	pixel-exact	0	analytic	fe9a4f628991fe7e2c2845f25e342f95b997a80e436e2f63d36c3083a542ee09	11ef67a635ff2bdfd2c18cac143e93f991afc08f9c589e4aed42a520271c1761		
8	col/col_green_hi.png	pixel-exact	0	analytic	3d558540e8c59a9e6915aaa700c8d714c8927167920bf0bcf84c4ece2589f368	1b9f52056c5b661058b129e4eb31d7c865ef39eabbbf5b07ff59faf0109376c3		
9	col/col_green_lo.png	pixel-exact	0	analytic	d6025b35b705dbd83b16bd7696413ac5464fafc53a12b3b5cb751b99dca431d1	8cd5d591f270addc648d9ed30e9ef88834acf3d66422c7d6b7edfc00aba2c8cc		
10	col/col_pink_hi.png	pixel-exact	0	analytic	da97c4547c0000c0e3b6afba6bbed63c835a948d33bcd05b99e221089046d8da	b7b9d9f30476e991f32ae9d87f3ba7b3344612218e75e2d97e36a956998f2d5e		
11	col/col_pink_lo.png	pixel-exact	0	analytic	1bb99fc585c20416a309baba9cc25fe4031fd3be38a6d5eaa31b627bedc28a8b	cd3e9e311be047f52ab54049199c6c336b8f22aaa62c4f429e9f70993a82aab7		
12	col/col_red_hi.png	pixel-exact	0	analytic	0bcc07de1631aa0395013f35790f719bd754f61e4bb2847a86fdc2365d3d8d63	4ea696701145dfbd00c6ecc2ff6982e1c6779fcfe6adc5668ce8a1cb6b841384		
13	col/col_red_lo.png	pixel-exact	0	analytic	571b2764451a2bb5c5c4cebdd6a62e2e87aeb9020dc062f99183f639c584d8bc	16db005bfb56e58fd9a874b1beb6f6dd5de6da37cb29f2f8e1c4415ca7f92660		
14	col/col_yellow_hi.png	pixel-exact	0	analytic	dde6bc7b9ee85fef4bd15c4e7c3e65565faad0829d32c2b7ceffe953840ec9f1	dcad140910c833f8036f26facb54538bdf3f4083d68fa8ba752561d5cc6e9d92		
15	col/col_yellow_lo.png	pixel-exact	0	analytic	910a01cde437d4676e66a9effd54743c2c7c0163d1afae23fceb481d1848b374	39b5b1d1980dcfec8ddd7881b2f32043f77bfc021be059348f07c5caa5e4b5dc		
16	Gradient Layers Alpha Maps/00.png	alpha-only-exact	0	analytic	c309c3c52f133fe4d512ad22fe3f214b0c881dd6e4f0a56869703eedc98398c9	f50b52047bf3ad1a54d194e5a811f34e93a0971d89ac4d8e7db7cca658589c69		
17	Gradient Layers Alpha Maps/01.png	alpha-only-exact	0	analytic	6a5459dcc36c8ffc84bc6b80860c5b588a9b2ea6cc462b13d5bd631df57ed7b4	259e84364f9ff4cc32807a01f1563be3fdd616fc83fcac3de22bfb270e68c0a8		
18	Gradient Layers Alpha Maps/02.png	alpha-only-exact	0	analytic	da820120f584ad1e3becce5ce6ca597e90b4a432226298ab6269adefb6283d71	70582eb8a41502ac72ba80a32cce976cf70f3fdea3644977b775af653dd0bde9		
19	Gradient Layers Alpha Maps/03.png	alpha-only-exact	0	analytic	9b52bfde6d919ba7e1d53dd3c0b5e99c7a9701357cff7f852d913e5931035db5	0d80a91b9a78b00adf495b0ca222921ed61a9fad99902f56b2d3b683bd882922		
20	Gradient Layers Alpha Maps/04.png	alpha-only-exact	0	analytic	bf01ccefaa0b75d19e03aba185e6fe509faade9fc3bd8d9fbf5a0bdea5586b1f	6e019b706f70f7155e91f1025fcdd74791a396bf6d38a28e8b0d88398aa82427		
21	Gradient Layers Alpha Maps/05.png	alpha-only-exact	0	analytic	44f3f6f8d6b573bca3d02d12d097d1f30fa4f82ad73d196031f9dab2bdca62bb	40ddbed4987d496a703250377b6dc6b5944e6dc0c1463f71bd26f2d393b9c90f		
22	Gradient Layers Alpha Maps/06.png	alpha-only-exact	0	analytic	3c671341e9a290dcedd2cb7d5913c58baf7c031bcb72b50558a70334d7ab0fb7	45f36625d46b6d4df3b1a3255ce80e04fed108129472bc73bed85a00c1c7e041		
23	Gradient Layers Alpha Maps/07.png	alpha-only-exact	0	analytic	460165a4f292997d3e55016cc4bed89c8ff7053faa8233a4bc6810cc2c98871d	c9fc701e89287e94339d81e0a43b38a876b6c7dd2078cf766021a2493da482a4		
24	Gradient Layers Alpha Maps/08.png	alpha-only-exact	0	analytic	ead0a4c86c470503f29711e71f2afb05e09617ec51dc58dd3f23d05c9295df5a	158e99f4337178b0af9024766b99b7b72a9dc19afdff07794d65a4a3343cb988		
25	Gradient Layers Alpha Maps/09.png	alpha-only-exact	0	analytic	23a44067daf916acc97ffc8262539bf256dc00f56cc9b9bd31074b17c0885e17	b16acb74a42c4fdfa993c261c093d87c16c3987357ca3e77344d4b6b31971c61		
26	Gradient Layers Alpha Maps/10.png	alpha-only-exact	0	analytic	5739db07cc553d49a9e4256219f92718d97ae6b60872946ac0aea6bca473b37c	895a951eb2717f022ebae16ae0d0c2a1cbe301d2ae983040c7cd7bfbeaeb26f1		
27	Gradient Layers Alpha Maps/11.png	alpha-only-exact	0	analytic	0a0f4905c19d11deb00bef25f16ad92deabd8553714c1f944d07d552307b2888	0902ed63ea7d6a5f588f5852d9413d064c07ecc2348a843ef921445675762097		
28	Gradient Layers Alpha Maps/12.png	alpha-only-exact	0	analytic	5b90305918d61a06b924ad59444195480cd3320d1ccf1fdbaa5f175d94757a04	8dca39365e725b638b0875baed88e40ad63ae8ee7d406482919cc9e8b8ff55f2		
29	Gradient Layers Alpha Maps/13.png	alpha-only-exact	0	analytic	b57222b83916a9f5432da88155bf3b8b25ef43a4ff37b1900ea4ac7a1bed9e86	6d7d16a597c8bdd587602eb79d3c214935d3ea6f08c2a157774bd961482645e6		
30	Gradient Layers Alpha Maps/14.png	alpha-only-exact	0	analytic	3578f3b9d3d837123a5759949adc099358bd21c853e0e5ab7ff867bd2f8d4835	53e48ec517cd173c05f33ff832904f3fdbaff5bd6f586d088a71bca0ace092ee		
31	Gradient Layers Alpha Maps/15.png	alpha-only-exact	0	analytic	dac82107d980410d6a0eb6bc046854653fc650982a6740255d884967f6db9fce	13bbc4c9ec80092901bab79aca059371e74fb723afd36e146b7472b02a06cdce		
32	Gradient Layers Alpha Maps/16.png	alpha-only-exact	0	analytic	5aaefa2ef9fb9f99ee0c392c402aee22cf0d2a270f339f2e261b4bb9927c9ae7	1d32df1d75ced8b80d2de7cfa174477cbdb2c9b2db8982f826ad20ad810251f9		
33	Gradient Layers Alpha Maps/17.png	alpha-only-exact	0	analytic	f13688273602449da70cd485b41038c68ed3596591c878581165c33fc6749919	77d4dddcedd733f24839fb325acda4abb6d1a7022ac12b54664715eb6e14f518		
34	Gradient Layers Alpha Maps/18.png	raster-fallback	0	raster-asset	a8b04d9d433803b3eaa7e79478170af6532c200685aaf109472dcbe493b33635	eb3e80bec73c5bc08282f843b10d737d124ffef88ab259ea4eeb5e37380e43a3		
35	col bin 2/bw/col_black_1-grad00wht.png	raster-fallback	0	raster-asset	09f9345fb31c6d1e890548f73c910317ef786b6ece400e4499d29c737cf68f53	9db925cc49d1032eae0cc6d88e6466e2c440dfd616c5a3495573b5320bc062dd		
36	col bin 2/bw/col_black_1-grad01wht.png	raster-fallback	0	raster-asset	b5e24bab2c6da34ef5444c8d49804ec4260676f720f84fb491477463f22b9918	d5c6c5da67e8d6a9d6504957d0d41a4e16c4bf4b3404db8ee6ef7897f8986d82		
37	col bin 2/bw/col_black_1-grad02wht.png	raster-fallback	0	raster-asset	3d8f5ae0bf8e99bc3988e28bf5a36b7b3c5b99801c63f287306b401079f953cd	fca1a2a8376b7b5a1dded274941f72ffc03c9fc0c0efbe5950a5d089c58deaf8		
38	col bin 2/bw/col_black_1-grad03wht100.png	raster-fallback	0	raster-asset	0a23fa46889f8b9b3f2921d1c274cadc82d9930e5e5c06afd814bcf71dca1c60	02a36b32f92654a7c7eb5e771cf4eedd2c6531b8f7553e01b5fa71e18835d99c		
39	col bin 2/bw/col_black_1-grad04wht.png	raster-fallback	0	raster-asset	51e6369237293a9580a7caf896531e640341c5d7a1132f46d423c3eb19a7cdaf	6ba680c19aa46c24c99b06a2fb6dbc50d9341dbaa7e446930adce76bca5633ab		
40	col bin 2/bw/col_black_1-grad05wht50.png	raster-fallback	0	raster-asset	e93bed68e77ae7f207d5285534a87a6f63de547e792c6470747236ad6c3246b9	c5cd582ed1210163dab73c157bd42664d17f8125e2d80a2e630d8205cb563c03		
41	col bin 2/bw/col_black_1-grad07wht-rotCCW.png	raster-fallback	0	raster-asset	042a5199bc149864f5cd3a40e3c535e3fc594b29ce84abe2cd812d1545920524	31e20919b6976495ed2eedd024c00b8478acf3949a2b8bd37c812110fd46ac80		
42	col bin 2/bw/col_black_1-grad07wht.png	raster-fallback	0	raster-asset	56938f4bb6afa23227df8cdf1b26bea7a9185f09c9e4dd2d08c99394a4c8fc17	8b3f3db7f8d053a458f9092a773fb9a7f13f97a6f05da716ea051f86e0c4edd6		
43	col bin 2/bw/col_black_1-grad08wht100-rotCCW.png	raster-fallback	0	raster-asset	62df61bb6e00805235b0711d5f0380aa8bb1a2e39c5050096c33cd2b40464146	478351be93f78feb0b75973c0af0f14cac67670ee14b6973b32e24e1af74144c		
44	col bin 2/bw/col_black_1-grad08wht100.png	raster-fallback	0	raster-asset	b3fb3e260890c504e02788825ab740f55ea66dcb775b98e6c8818d40899c148f	a8be8e73190ee8410eeb75b9c7025490095f0b78784e9801432995d11bb7e6f4		
45	col bin 2/bw/col_black_1-grad09wht-rotCCW.png	raster-fallback	0	raster-asset	29d050681818104c8a693bd5d69960c519c15af2b12a747e5794e7a9a65001bd	3789e601f85697a6aa4981117c0a57e515a8760118291762c1dc44de14e40589		
46	col bin 2/bw/col_black_1-grad09wht.png	raster-fallback	0	raster-asset	e088bd1379213ca0cfe19cb5330e4ee70d2d2f75379db58c23465729d6cc3f71	9973c2dfb5773fe7e3acf7490526b275cf8131169ea4c56761280547e6973b22		
47	col bin 2/bw/col_black_1-grad10wht100-rotCCW.png	raster-fallback	0	raster-asset	7866f8474f99991bc475a5631f023ff64524c4817a4cda678bb83559bd9bac2b	861eb5db144f8eb2d22ee74d497eeba67898ede28bb69cce0459e32eacb37fa3		
48	col bin 2/bw/col_black_1-grad10wht100-rotCW.png	raster-fallback	0	raster-asset	efe54893fe7cbbcf6d308057e41d871f4c74aeb311134be741e3c211cfdc2ddb	ec1924cb6d025d363f81c57427fbc0bc5b2b2478fde4a1df6cd13722d6741cb4		
49	col bin 2/bw/col_black_1-grad10wht100.png	raster-fallback	0	raster-asset	a31e296f9af682e16c94ca9bbcd7e1374103c17f56f1eea14922a16bef8a4ab0	8286d753808e952a3ae339f94f8f52356956747ccfc068ce3de4b4bd618ed7fe		
50	col bin 2/bw/col_black_1-grad10wht70-rotCCW.png	raster-fallback	0	raster-asset	740805c53591e89afceb360890253c476d93bb24cf49c1b150d78e7d774a53ef	8a620cce979eadbb561d7fb990a6a1ebe70e7501cfc71fee519291d852fe8be4		
51	col bin 2/bw/col_black_1-grad10wht70-rotCW.png	raster-fallback	0	raster-asset	aa1edd578e201c539251899233b6067c183dbfb8c605ffa9019ba97f6ec2b05e	5c9568be47a2fdf8ed5561040af755cfe413458f7987c6fe98388bdc37383724		
52	col bin 2/bw/col_black_1-grad10wht70.png	raster-fallback	0	raster-asset	702258636bd0dfefef0d8488af59b2b98c2c55b4646ace1512df8f36fcf35f08	7d812a5aa3d7313bbce97a1c7501b15746f0236a072234488eca2df2e26bfd10		
53	col bin 2/bw/col_black_1-grad11wht-rotCCW.png	raster-fallback	0	raster-asset	e85fcef006e2856af15c0217184e5921dcc3f85cbaa8de823e8cf3b12f374f18	f39bfc414772c8df1c6344235334417cbfc986e75b84ea42d6d3b96442f9c27f		
54	col bin 2/bw/col_black_1-grad11wht-rotCW.png	raster-fallback	0	raster-asset	ed6e7a2f0a81693cd40c780e94ab5c1513a8324f818d6bd9e7071e45ad4edb56	5a17752b44d738ba6769802b1d8084e86ba9b836aee232050e3c46f264af2e62		
55	col bin 2/bw/col_black_1-grad11wht.png	raster-fallback	0	raster-asset	d667f18d27fe47e6bb4d0aa5b5f06f729e54abc827ee03384959b2e8172e3ce0	88df92c9dc2e5057b7706e6bb846d50378b179aa44d4e0f6b881715af2b3e06a		
56	col bin 2/bw/col_black_1-grad11wht60-rotCCW.png	raster-fallback	0	raster-asset	09f7117ce94abf68cb0bd829e4d7d91e1a4be0cfaf723817802332aa6c0ba8c5	f935070879d2f2b476ef6c90aa613399e901fb73f68e7f2f6dd683e5c9c24841		
57	col bin 2/bw/col_black_1-grad11wht60-rotCW.png	raster-fallback	0	raster-asset	496ed0425c6cef24be7b9b42a44563c0da14f66b6adb61903988b7436425a21a	479a4dfccf553f0de2c894b1e1094b91278696c3b9e9c1a740bd1f761e23994a		
58	col bin 2/bw/col_black_1-grad11wht60.png	raster-fallback	0	raster-asset	78f5868e783a5d09bf27d52aa754e366f542dcf20d660c13eb032e0545f9092e	34a7f1c1ee6ae3f129d7e50a319b6af8b9263a58c9a57887c0e0af405420849c		
59	col bin 2/bw/col_black_1-grad12wht-rotCCW.png	raster-fallback	0	raster-asset	f29d2f4011a5ffefa83ea287e2ef06e7fe283ddab93a1f0820a3a831caf1f980	cf9fd918744b8140653a5e8b4b9abfa97520391a84e9d75244871af141a20716		
60	col bin 2/bw/col_black_1-grad12wht-rotCW.png	raster-fallback	0	raster-asset	ed0ad80fbee247172c766ab7ef90a7fa818e12cf6897afb7d4439f77bb84c672	863a4911f9be98896d5f3c04ab81bb0e2d96211c9dd3f0d82e3e507a8aaf890a		
61	col bin 2/bw/col_black_1-grad12wht.png	raster-fallback	0	raster-asset	5f07d9e67195f80455befc2af100ab42ccbcf8ad19dff480c1756ca0583a562b	69ffb73ae23d7cfc22565f05c5cdd2d186e56cd3079f4a33e21b52e52c5e1e8b		
62	col bin 2/bw/col_black_1-grad13wht-rotCCW.png	raster-fallback	0	raster-asset	371772870f9f24971d92901e3fae8e64c9e939e0184c2e306e2aaf47adfa5477	a491797ad158c18b1aab4376d568a270c684035e530917d2d9e9121f28bdd694		
63	col bin 2/bw/col_black_1-grad13wht-rotCW.png	raster-fallback	0	raster-asset	09e95290786da43ae556211555fa80577f70bd40c1960aa42cb3f634907f01a7	c28475ff982e5cd95039cbe3e13383e21f50a0fba73cf08e4c2133f75ef3cec6		
64	col bin 2/bw/col_black_1-grad13wht.png	raster-fallback	0	raster-asset	90185a7701f6196f32b92cb9b93a61628147002b4303f44853056447884a1362	8a36047e2eb75b2ae032171d79369f741e0ab917249be5586ed9ad12e1cc3bfb		
65	col bin 2/bw/col_black_1-grad14wht.png	raster-fallback	0	raster-asset	65b3ffb2dec1210bbdcfdd05c18f0a21f223caaea463b1938c1ac27d8a593a37	e8f2abaaecf98b66f271fa80c1010a34df9608ce37e64e4568e15a59dcd0ca29		
66	col bin 2/bw/col_black_1-grad15wht.png	raster-fallback	0	raster-asset	d49d8a33bbaf1fad945e3419bf4131241dc3e5362eb57abf40c443a36b6a8224	524de15c137d23d3f565346d3199501e4136c16fec0f0258c3ebe0bddfd8ff09		
67	col bin 2/bw/col_black_1-grad16wht.png	raster-fallback	0	raster-asset	e66a07c7f42861e4963f4a58a0a39ee26b77e980a94bbe9ff9f4a790bd0ece17	455e82a3bdf5af6853eb3105c48a9b087834f3d6fbd73b293befd9001c2298a4		
68	col bin 2/bw/col_black_1-grad17wht.png	raster-fallback	0	raster-asset	e9cbc300b7c98aeae7c64f7eae2caf0979b9eed0e148a5d8b6603f3c128fc99c	ecc7c886cd75819398481856a68408f4c90262fbc27f8edfc3fcdd03bc7653c9		
69	col bin 2/bw/col_black_1.png	byte-alias	0	byte-alias	62fb561c59d0cea247fc588f3311ee665375f35d8675b186e2792cb7dfcff88c	953d1700bd27cfa3f776bec89360c55b7bcf094132fb16394cb172e5f5edc16b	bytes	col/col_black_1.png
70	col bin 2/bw/col_black_2-grad00blk100.png	raster-fallback	0	raster-asset	45b6e3b1da89028e568300fe8b924c80824e71a1af24fc3a4793b9323f05c818	42be51c8bcab8a32d839c3916dde0692cb3333387e2f42b0bf1c8ebd3cb2af88		
71	col bin 2/bw/col_black_2-grad00blk25.png	raster-fallback	0	raster-asset	ae258184853402e3b0e05d58c81e2773d7bf13ac60afbb57c8fbfcad2ca01812	b79383f9cd333affbe4a9b33e22f0dae3fefdeba26beb7005db3cb7a3d97456d		
72	col bin 2/bw/col_black_2-grad00wht.png	raster-fallback	0	raster-asset	b07d17331da37ca0616629faf0c73058ec20c4bd2b51eea7b99610a1b357d4c8	eb4e40d2b402fb8fc3cf3c70e8b6ae6b71b934ec00568528968bd88a84f6f731		
73	col bin 2/bw/col_black_2-grad01blk100.png	raster-fallback	0	raster-asset	85a962896dc50692c12715d50389bead56429a1422bfc8b5d13b786952a633b1	d93b4df55bc5c057a01195b13c91be27038e6c3ae7f3b2873814fd0141af500f		
74	col bin 2/bw/col_black_2-grad01blk25.png	raster-fallback	0	raster-asset	4e4a3728be6939c09a06896c58028b1c8080bc7057c230df45351c4ff80592b2	9acdcab9dfe7412ff346004ef2075f477f4ebbcc24b98d0acd77e060de5534b5		
75	col bin 2/bw/col_black_2-grad01wht.png	raster-fallback	0	raster-asset	fad17b5089ea043bbff8425cc8f6dd4f42baa9e56a1ea6e17711cbcc273fc98c	4dacc0664568c213e70bdd73c2781a82ae6b0acf47be461421f0adf37c2e751d		
76	col bin 2/bw/col_black_2-grad02blk100.png	raster-fallback	0	raster-asset	03e6305f03132f453cbe40d551a154b7dfd3918a6d613a3e627e8ee868fbfb9a	6eea0b34c0ec7df90a3a09077a958e9d4c6079c604c74df372080c395ba8b526		
77	col bin 2/bw/col_black_2-grad02blk50.png	raster-fallback	0	raster-asset	987f115be219ccdee6a715498d039f3535527130dabe284a5eb1d720d31f930f	9952121a52e56cc0208e5a9d9054908a4a504b6780d09ecd672cc6257b229c8c		
78	col bin 2/bw/col_black_2-grad02wht.png	raster-fallback	0	raster-asset	e897b94f0e44ec1dced6023004629a8f374597167d04c9ed9bb5b04bcedea5a9	599862f82e297a8921604ddc83528f9e9a4569dd4c855d270f3dab178973699f		
79	col bin 2/bw/col_black_2-grad03blk100.png	raster-fallback	0	raster-asset	d618c74745c0da1f2440b24abe3be57cb52e675129948677ad020fc564009211	8c1a64a171db2f0992c2f4ff30fe4636d0439d801b6ce4de630b8e2dd4c9ef16		
80	col bin 2/bw/col_black_2-grad03blk25.png	raster-fallback	0	raster-asset	17edfad59ee2b5f353f7c9dbb8dd54a65c0f823327d10365643c2897ecd2dcd5	a58356e0f1f285cc1c8a7ccfd4d86af18c701b0848461a90f759e8512763d4dd		
81	col bin 2/bw/col_black_2-grad03blk50.png	raster-fallback	0	raster-asset	dd63b47dd4353282457e7eea1161f6dba4dac52742475a7f1c602cc809480720	6971d3a24b62cc95133c9768d58ba2df42b36ddb4775a8edff5223e8f02723b3		
82	col bin 2/bw/col_black_2-grad03wht100.png	raster-fallback	0	raster-asset	ec09a5ca154c89c474f6966df20af137d79bfa411766b6adf0e4b79b4b50dea0	bd8f17328629dde0e6748b5f364eb4e3a667e1facb1ea986218a063079483bf2		
83	col bin 2/bw/col_black_2-grad04blk100.png	raster-fallback	0	raster-asset	ebad620c6a0a048f253aa3e41444156ca091d47f5c9c0e89251c17a13e3e4a99	b0c1c7512ac22c89cd8540d593e1711f261f9aae4a7530d93da490c4e5db8d9d		
84	col bin 2/bw/col_black_2-grad04blk50.png	raster-fallback	0	raster-asset	fbf4e54a7c6c08784a7edc725a18f385194e4b6a89871ef2f9f5b1699a809d6a	c39d4e10ce2a601ecb6daa3588b61ff088ad5688bedda312b463c92555673439		
85	col bin 2/bw/col_black_2-grad04wht.png	raster-fallback	0	raster-asset	d304d3d48f885a1fedbf68df03cfbb207455666466238f018f9197ab9c1f2f23	24206949f9dad37c5d8340eb3457dc7bd99c4c7ef1891d4db3709f2a1f952369		
86	col bin 2/bw/col_black_2-grad05blk100.png	raster-fallback	0	raster-asset	ed98bf922f846542a284dc15689d3902e00695ce9f6e320ab306f51bac1b50f6	b51f82c3dfdeda6875ecb5f6d3a6544b959fac02d5bb2b26c20eab7f5a09d70f		
87	col bin 2/bw/col_black_2-grad05blk50.png	raster-fallback	0	raster-asset	9afe402608a0fcf81d60977d178de14a6c146331186efc18e6f482f0019abfa7	6e855b52d15293381c382dd34db1252f5ba6ce7a075fa31dbd6d6db3df2cd200		
88	col bin 2/bw/col_black_2-grad05wht50.png	raster-fallback	0	raster-asset	72e51d58ee6f55c71d0f91295d916da7f5b3ae770617b2758cc6e98e4bc034f2	11aaaf85eba3be7a8cbfc746ab8064b73342043de0d2570e71cfdc8605d182c4		
89	col bin 2/bw/col_black_2-grad06blk40.png	raster-fallback	0	raster-asset	1c1c6f66d61e810c0b1141d647e3349c7229a8da42a2d1ea8533ccc99fd45392	56314126439b0922f1207b31c9687b3f9fff8a6b0252813e2de7caa88b57834f		
90	col bin 2/bw/col_black_2-grad07blk40-rotCCW.png	raster-fallback	0	raster-asset	72e0c84568b6fe646137d8f5f79b2449cedc78bef9c04da0b8d39dad4c9273c7	51bca93dd267cdea39218ec10eaa84f32f5e2b5761dc82a12b9f7a46ea66751a		
91	col bin 2/bw/col_black_2-grad07blk40.png	raster-fallback	0	raster-asset	f17d717191081cabe02db6ea9cf706fc492a4ed612a31c8a97e4cca53ebaf211	04ff0d68fc63d7ac65f4543a6a3bbc5ee9dc76a5de2ce2aff6ca8b30fe0abd7c		
92	col bin 2/bw/col_black_2-grad07wht-rotCCW.png	raster-fallback	0	raster-asset	f4743d810b89c10b137162c05c30ce8ba92bced6526b3ce393ff13e0c225261d	c721a4c369982e86f689f0c3570a6c279592849e57723d9a60622ef4ace30476		
93	col bin 2/bw/col_black_2-grad07wht.png	raster-fallback	0	raster-asset	d9e160fda2443ca2dad824bedb2b2123eaaa6cd3d2116e81be36a861284cb639	1dd804b84ff178734b83e6096948ee3c4cb7e9e35192671aa11d485ec37d0e98		
94	col bin 2/bw/col_black_2-grad08blk-rotCCW.png	raster-fallback	0	raster-asset	132ca70ebb450daef792f08a90f6a81b8e969bd65e77bab4d4282bf9f535575f	fc83324a4611bf6098a39f71a577023a5fc88246c35d363b892bc3dbdcee319c		
95	col bin 2/bw/col_black_2-grad08blk.png	raster-fallback	0	raster-asset	97d82cddcda627f19c6b48681856d580992d13b7e5712b45405d464b60a171e3	3ca0a89a73d27f0a71d7cc3bbd70c00411a266a88b92285543d9bd1294814462		
96	col bin 2/bw/col_black_2-grad08blk50-rotCCW.png	raster-fallback	0	raster-asset	dc956ef7bdae9c292a7efe1853879df6d6c20c49b01838599bae1d33d1f986af	2e1fbbcfdb1a863bd664c528ddd1cce6bf7037dfad4b43266ee8bee4c0d5938f		
97	col bin 2/bw/col_black_2-grad08blk50.png	raster-fallback	0	raster-asset	a9bc24f79785a656c8f397f66040c8a743a800c9f071679ba2fc2894869bef2b	851dc4e0209b07581b2d2dc2282d85d601abcc897261ad643b9f9eded72ede62		
98	col bin 2/bw/col_black_2-grad08wht100-rotCCW.png	raster-fallback	0	raster-asset	a3879b2f57d00daf62b9b4f4fd8f5804bfecf73b79cba4ae131fab2d9ad0242c	c464eae20109361b2897aacbec76763ba5df81699ba5c55198a92637bc7194d2		
99	col bin 2/bw/col_black_2-grad08wht100.png	raster-fallback	0	raster-asset	d12c9a1e68bb5059cff9e9d6810364916a9024b1597577a1a83ee644ab2e1c8e	ba89d9d88b60b72fb2183a467397f9aef2afca8760668119124e93c5df4e709a		
100	col bin 2/bw/col_black_2-grad09blk-rotCCW.png	raster-fallback	0	raster-asset	e722269255cab2455a39b916fbad0d6ee8017c439688af7fa8c30671e16bd7f9	655883ebe0a21a010c288f652bd2fb6892216b568b3d8fbe0e64398a71a06324		
101	col bin 2/bw/col_black_2-grad09blk.png	raster-fallback	0	raster-asset	0f047348457eb785f155abad00a03050971bf5a7118ee57bbca5709829298d7c	3d28bbf6744f1d1783da204161b9962a824413dd46e681975ecb8fc15fe02a6f		
102	col bin 2/bw/col_black_2-grad09wht-rotCCW.png	raster-fallback	0	raster-asset	98588a6a6b46b973690e5ff266853e93731eb777410d32127518a013cc2ac970	384240d884920ac01efd0119c6ab0f15424c7ce151995bacd1bc6517330e3753		
103	col bin 2/bw/col_black_2-grad09wht.png	raster-fallback	0	raster-asset	82993077ffebb116831c550e7a7c3575d7d182ee5c7236d1b61023667e5579d5	c8f8d12625229e14bda4466195e164c5c0c5aaf642194f7ee28252f5e538ec4b		
104	col bin 2/bw/col_black_2-grad10blk-rotCCW.png	raster-fallback	0	raster-asset	d7023ed0463dd0438e4b1e5242479a0662bf9f68065e7492a5b50db25b16398b	a1f245fe0d6d0b53c12cf7e91ecae2b181fea7ef37192cc80ad9102886ca10db		
105	col bin 2/bw/col_black_2-grad10blk-rotCW.png	raster-fallback	0	raster-asset	44641566af956e3152f629fdf16f0e044bee78da7aa1387de54762d9310b97e3	3b6811362d890302b75fb68c850402ed5c6645e6ac738ea7a65b26b249fa7f20		
106	col bin 2/bw/col_black_2-grad10blk.png	raster-fallback	0	raster-asset	3fbb91a57b6c8593af6f3a33d057984ad4ca787537e9a96c646499b7623a49e6	95e7fd589d5f6e2c547a1fbd67f6441ddbaf6dcd449dbac004f2518cf5993fea		
107	col bin 2/bw/col_black_2-grad10blk50-rotCCW.png	raster-fallback	0	raster-asset	0b548385b8dd105a563d72a0221bd5f66f96083466d512737202f4552e16a5d6	19eb60c309571bb9af0b3506b08a1707bcbfd46474ab856f3519d3cab0fe5c53		
108	col bin 2/bw/col_black_2-grad10blk50-rotCW.png	raster-fallback	0	raster-asset	1214ec3cbcd0d8f2b93d9284cab93a8ea67eb8428e5bd93e654a6868663996ee	d8c62b1b1bbb06d8667640000b4a107d44e6ccf871b98c5b48182e49e8dce957		
109	col bin 2/bw/col_black_2-grad10blk50.png	raster-fallback	0	raster-asset	69e532bfc3d6a9f7bcc79133d940936609e80876aae6ea9dd71da781034f2bdc	159830b8ea773450659a2b89b676f0f7036cd5d2d1ff390116f306dcec6493ec		
110	col bin 2/bw/col_black_2-grad10wht100-rotCCW.png	raster-fallback	0	raster-asset	abb95d92ed9d909d3b67d868002bf7a3d93abfd0bbb95932725316f9b5742539	17e579b6c7d1bcb6cadbd131ca9404339dfba5e5f2afa3181c0672c10ead6606		
111	col bin 2/bw/col_black_2-grad10wht100-rotCW.png	raster-fallback	0	raster-asset	aead78f78a7556aa18298df880442d5ffa8f524b25379426e84f45a12445e396	af6543360fd95edc6f9f3c57b121016e20be1614838fd1b55d68e4998f3f7f78		
112	col bin 2/bw/col_black_2-grad10wht100.png	raster-fallback	0	raster-asset	7cc2a0539b71f0ab02184f71aad7bbfa0546fd8795fbcb1304c0fb0b05774d98	a218dc9ac1015f0f77d44f9be6db41781608c4eeec29c52b40408f4dedb3d4f8		
113	col bin 2/bw/col_black_2-grad10wht70-rotCCW.png	raster-fallback	0	raster-asset	5ebf4bda7abed30e230719a7e7e7868f90bf9412de93bfbc9eb7cacae81153f2	bbe9c79e5a878f93ff4b9bf09e97f3214b502b519c944c34d33b016c35c2f825		
114	col bin 2/bw/col_black_2-grad10wht70-rotCW.png	raster-fallback	0	raster-asset	b57d30abc3acc8f89f8f9aa71fb5ed486a6a39553a1ac9df9b7341a4fbac1e1a	ef8d999a6a5bc27066f438221ecda7043e8081a9b9572a28e7f7218dc5de9798		
115	col bin 2/bw/col_black_2-grad10wht70.png	raster-fallback	0	raster-asset	5162ebb8701ca812bb1b5e7688d9999cfeb97e7c8f1ac3e1e902f01e54d82c8a	51c4bb76f0c8eff41d5cdd94781b26dd5f6f3476dc68175b4d1913f2ed5a2d41		
116	col bin 2/bw/col_black_2-grad11blk-rotCCW.png	raster-fallback	0	raster-asset	44a37890187ac9d26c7c099fddf6050d6f8e886d86247a9f780538fadc65c9b9	6781f2f84ff14926bfb91d9ac6e507252102e794a48827ea46cd1dbcf166739f		
117	col bin 2/bw/col_black_2-grad11blk-rotCW.png	raster-fallback	0	raster-asset	3d725232702b2c58c2056956c6fe5481f226e1075cee2ddd0c761a44e1cecea3	4cd2faa8cb0bbeff582abbc1e05446f0ea0f6debbddd83d3db0d90d57c6a24ec		
118	col bin 2/bw/col_black_2-grad11blk.png	raster-fallback	0	raster-asset	5670797b8812f48b9b1013d8c061267ac94a02b86f0d08cf6efa9afdf6efbe18	e6db58f7561a56624ccc9bb9f39b3c65f931af3b0c15a7463f4f45cc4e014ab6		
119	col bin 2/bw/col_black_2-grad11wht-rotCCW.png	raster-fallback	0	raster-asset	1c2b118e35ddda12e6158219e7aec135cdc2055fe5430bdeff0f013c644bba31	8c9199939a46cdd9ad8704d60c0e2d63ee795c08cf6c047f3e71566837132954		
120	col bin 2/bw/col_black_2-grad11wht-rotCW.png	raster-fallback	0	raster-asset	cea6a21d4e5761b68f27e8bc0b6600bb44a1bf19e63943f86972bec2c736b135	d3f0650076b14a68ca982fdbe4266cc9bff6afef272c15641b18ab1c9671a7d3		
121	col bin 2/bw/col_black_2-grad11wht.png	raster-fallback	0	raster-asset	a3b6dfc81f742a5738bc45c9e81a64a171f193c73d1b212a43a526ca198a68c3	6b88a333e0c58a8c5a5dc011efbf79ea8b5b12b7a43637dc854fc9af41e31646		
122	col bin 2/bw/col_black_2-grad11wht60-rotCCW.png	raster-fallback	0	raster-asset	d1af4828961b05cd1d0f8a04484d02ff34e23466b2d00fa12bd4074a630b95a3	e5d62e8313d044c179ad3ac76e836af2dc4c787e038aa4bf1ee5ce5909f55005		
123	col bin 2/bw/col_black_2-grad11wht60-rotCW.png	raster-fallback	0	raster-asset	2144ce2ae908e8ed463a1683b6c539ec4b1f03efcf65854c5e46dfd0b30f0527	e16f243e3e6602b60b9348785dc011d2c5e1df28220c23d6e797d768cced865f		
124	col bin 2/bw/col_black_2-grad11wht60.png	raster-fallback	0	raster-asset	8e19a22e78d3672a2e38477e9c8fe407578e5ee0d76f5fa44f91f4b60893af30	9c32f01100e48e300293f38540c49749a0a682f9d5b544a09e3c59fe24f9c44c		
125	col bin 2/bw/col_black_2-grad12blk-rotCCW.png	raster-fallback	0	raster-asset	1d3e323df24efe3594cb4643aea9655d6bb6f8ab54da93f17846b6627cfcd353	fd6bf734b063a20dcce682f0980908d806b3b19cefe3f3fdfbd394f2ff370e19		
126	col bin 2/bw/col_black_2-grad12blk-rotCW.png	raster-fallback	0	raster-asset	8aacbdd3de74931a85199112432c29d2e7f30f364f6f5aea9a4a293ba3d8df39	0515aae3d3e51d688e7f91e1fa73c4540908a44ffd20840eb3d7e24a4819e194		
127	col bin 2/bw/col_black_2-grad12blk.png	raster-fallback	0	raster-asset	15545573848e507f31ee6f0a1d74c7fea0e69adb9d89f27335be2acbcecd76fb	bd98069284b9573052f58a9a2893ee95715c05b48e71e777c14cf7b7ca28217e		
128	col bin 2/bw/col_black_2-grad12blk50-rotCCW.png	raster-fallback	0	raster-asset	843fd48ac50766f1a6cff89443c4dc63a4bb22b62527a77a7023de92b103fae8	b3da4399acab5284595618e845c7efbc306b297e51a60084cd13a622c8d33f5b		
129	col bin 2/bw/col_black_2-grad12blk50-rotCW.png	raster-fallback	0	raster-asset	8ff99ef64335f3d37b1b1cb172f2912b648abc49ccb53e5c7bd00189fc381971	b10d5cef5b2829e3c9f649bd64b8d1d0ef062a715de0889c005af31246a05e8f		
130	col bin 2/bw/col_black_2-grad12blk50.png	raster-fallback	0	raster-asset	013640e3947da58fd3e04c746799253c6f0ef005381f29088a417d25fd38a4ef	f3e71bf7205e9523197b63c3d0b2f4d93c12a23945f62d4e8d4609e69a1afd9c		
131	col bin 2/bw/col_black_2-grad12wht-rotCCW.png	raster-fallback	0	raster-asset	7be0fcca768cb67b9a41a83e9802fd2e56c51ba1d24103c3572ad5d4616e00f6	56c739362cd298c0f811dff5fec4f21fe0dacce22ff0c76962d7493d821b887f		
132	col bin 2/bw/col_black_2-grad12wht-rotCW.png	raster-fallback	0	raster-asset	f5e03ebba436d404347e209f2960574c5fb318b4366293dfccf12dcdc05c1291	2ad1f927f78ec10515ebd490321a37976e3d904e1fd4bf50f9efa246c87b242c		
133	col bin 2/bw/col_black_2-grad12wht.png	raster-fallback	0	raster-asset	8c712cef57fbcc0b8cb57fb1263bceb81be24778b60837035b0567c8b69f7561	33d890bc3dfb1d52e148e37903a6075bcb6e09507b5649f1851f745ac978e254		
134	col bin 2/bw/col_black_2-grad13wht-rotCCW.png	raster-fallback	0	raster-asset	02a676fb0b663c07f61a83bceaa4c7e057b0a57ba1fcc283b8ac4b236648fbe7	289b4ec30d8b4c1cd5433f0d605de38271785d0096b932172745970d6e69e25e		
135	col bin 2/bw/col_black_2-grad13wht-rotCW.png	raster-fallback	0	raster-asset	b0c2ae18223ceecac08567f5a78d16fc84c06fae5e2c996c8310e001c00bd658	a1c73f9cc0aec414c01012cad328d04bbc96fe02c28e2a29b1153ec12151c543		
136	col bin 2/bw/col_black_2-grad13wht.png	raster-fallback	0	raster-asset	842304fd809e463a058475a740ade512164f0799f25dfc2058b5b70a0e602890	0cc49c397a237ddb2a015bb857aa281fa77cf03ef6ffb272587907aa81e1d02c		
137	col bin 2/bw/col_black_2-grad14blk25.png	raster-fallback	0	raster-asset	40cb1809cf416be090ce7a7b3f032faf9dc780b5cb60b582c1b6113f83e6da64	365fca8a01abdf0a670570ad94ca1b3ae9653596472af7474055e9f21fdb3a2e		
138	col bin 2/bw/col_black_2-grad14blk50.png	raster-fallback	0	raster-asset	27ef3421e8a2cd2d2a6ac1cbabff1c8618eae2586fb5c8f5c03baab91f798620	842c396f68febab6a8a3957e76cc29bb090dc0817d998bc044e7cca54258a4fe		
139	col bin 2/bw/col_black_2-grad14wht.png	raster-fallback	0	raster-asset	90c79e8b0c8c29b33d47d90eb0c94dee652342e499f27acad6e03e71e14f01ba	2f2e6fa81e7bf2218a3ce2113053357051cb11e1674cb038963f972dc1a16326		
140	col bin 2/bw/col_black_2-grad15blk100.png	raster-fallback	0	raster-asset	bec16c14b229fbe09a7112f5950909c0cc8a7fd11a3630aef397ee4adcda59c2	0966bbb2e6918952fee6bbcc456e0c46566234933adf41cef912cdef91aec67a		
141	col bin 2/bw/col_black_2-grad15blk25.png	raster-fallback	0	raster-asset	ad9bb4a6c71d3dbe8278a29f7e7e0d061d608cf1ab459210fd51e97d82bcf0e2	51f43b2b1989df280c33c527feab6959979af879a0785a40951221d50d380f65		
142	col bin 2/bw/col_black_2-grad15blk50.png	raster-fallback	0	raster-asset	3510959ff25f501c8ade31f573cb80eb4bf9e9b2d4e81cf59cbf27b6737056ad	18dac6472676ed6f5afc6e2cbc474b8d32e918208cab2f1c543de900944e9107		
143	col bin 2/bw/col_black_2-grad15wht.png	raster-fallback	0	raster-asset	9777251e37041630e4406a797d9332c44de3d0b0cd48dc24169b860e3bc9fd25	06706ff021f20b41ad713c07e63d46a8ee3a56799b0c66ba0b8669302b7d3d7f		
144	col bin 2/bw/col_black_2-grad16blk20.png	raster-fallback	0	raster-asset	7e6f48ec825598a20df71cef285f7ca3833a54494323f765543412bdaca2c716	e3932dbc7810aa67a3108c71536d5f7e80d7df1056c9ec8cf47954b2ece05bf0		
145	col bin 2/bw/col_black_2-grad16wht.png	raster-fallback	0	raster-asset	6285c813ac566fee215d2a38d192c2e44cbd5643393ab6c631401c29b77d9e75	593ffbefab3030fd5c0e440a8e11754d96f92ce84ffa9dfde76c6850e1513361		
146	col bin 2/bw/col_black_2-grad17blk.png	raster-fallback	0	raster-asset	70cebde2ffa16a856c58b7424d26ed334a6bd1f98362a038d5e107db20312a83	0e7c0cf5b2bccda7039f47c96597d1c2fa64ab736211d8a22590fc29a4378a0a		
147	col bin 2/bw/col_black_2-grad17blk50.png	raster-fallback	0	raster-asset	3df638a7a60817ba8c11d99de8aad51cc9acaf1df9c4827d965034caca85113b	5249b9cc43c492b578d67757b7277445e93681fdeafd3cef83b25576239bbcf5		
148	col bin 2/bw/col_black_2-grad17wht.png	raster-fallback	0	raster-asset	a5d8ae3fa13fa6563ec3eae0585331c4b4d160e6a971663686b4d7c22c35ad6e	0b715eb53cc877e9d55ac65257588467e54beb8d43cd6a600d798c5b6a8eafd7		
149	col bin 2/bw/col_black_2.png	byte-alias	0	byte-alias	d8d553546719ecc9637714ba865b13783ef9f55aa28c0b79b0dfe2e7042cc38a	128a17617ff09a91e74050d43ae74d9c69b7da96111f5288ee7d5ddf290d837d	bytes	col/col_black_2.png
150	col bin 2/bw/col_black_3-grad00blk100.png	raster-fallback	0	raster-asset	daf218d84de74d7c1ccfe2cdbfa7fd75060c68586ee05754ee82cb0add5b3548	53a408ad959e0118070238752962bc2fc92a5e295ab59461d2d6cfaa6fa8ea9b		
151	col bin 2/bw/col_black_3-grad00blk25.png	raster-fallback	0	raster-asset	d5e46b9471100b3bf3e5269a822a918f38de95f10f2e6a005a34e0b73f3087a5	9652cb38814c699f5aeff329575b48760fd85d3bef8696913a36d4db2882d141		
152	col bin 2/bw/col_black_3-grad00wht.png	raster-fallback	0	raster-asset	1e44d7a961f836f53e360c792205be9195876621f2f47b18a26334d57e35ab35	a600775a657f118a9b6e7617faf179d6d1b4b48c602b286e7dda64302cab7f6a		
153	col bin 2/bw/col_black_3-grad01blk100.png	raster-fallback	0	raster-asset	51b7d7ad1ff783b6473b82724e0f9e2ecc9a05507b1177da115dfbb8261596d3	18b33051a99506221014ef75ad4fca336ef7e220a05917de58d3f184640794ed		
154	col bin 2/bw/col_black_3-grad01blk25.png	raster-fallback	0	raster-asset	99b2960bcc3ad958ed03bb1027763471473640f6e1337afa1e93e4b444ec793c	c046de007fcfe67367eae293e4516f6c6de1f7a5a94ad7f1a5ddecc845a00d68		
155	col bin 2/bw/col_black_3-grad01wht.png	raster-fallback	0	raster-asset	c03f105aa4290305fd11d8cf696760d6d68b2223e27aa873243ccb109e96201e	92f1a12100f12219f8f11184414d6a8612a9404c969ab722c35b92baa191a544		
156	col bin 2/bw/col_black_3-grad02blk100.png	raster-fallback	0	raster-asset	8afcbfca2cf3e7dc159723846388ba1d1f610ebdc11e8bce7cc2d12657dbbb67	09059a47b901df65b31a1c76913bf9d2b3b628b0b911a4c2ccb0530dc9cfc889		
157	col bin 2/bw/col_black_3-grad02blk50.png	raster-fallback	0	raster-asset	c60bc0ddfac396d2c7d1d6014a755920e584fd39a5cf2726b7b57217cebe04cc	0fc70a68c9801ba90bbcccfd95ed43e8a9d926327e87fba67f4586882a5183e2		
158	col bin 2/bw/col_black_3-grad02wht.png	raster-fallback	0	raster-asset	72e414e4f67bc92d929eb5db71cf4994857ac0c939879eff059519a63272f773	bc4553d31bd28763232479f65f6a6b71377c884f0a7871af09100923502dbd3f		
159	col bin 2/bw/col_black_3-grad03blk100.png	raster-fallback	0	raster-asset	15e672cf7639b9104f0297332ba0ab365db3cc45b47b4ba90260efbde96e9567	9910c71b64f1b54694b0202bfcd27e57c8b6d63005d56d0b145070c2f3d8330b		
160	col bin 2/bw/col_black_3-grad03blk25.png	raster-fallback	0	raster-asset	b952e4ee65ef47f002f04d17b2ca9d15168380685d51e3be8ca0c122e68ef5d0	13fad15e1645172e6457bda4694975192b63d6d15ad23296d9b907fdf1e64b90		
161	col bin 2/bw/col_black_3-grad03blk50.png	raster-fallback	0	raster-asset	b49f8bce16512b8efca69804523fe02df2d3d155c5a2b48a3ca4b13632eb8c63	99f93de866b406605a5a6ecb965d3e27601c2fa06e53633db6b63dfc830abd0c		
162	col bin 2/bw/col_black_3-grad03wht100.png	raster-fallback	0	raster-asset	d5cbc7481b948a4b1e29c2ea2ac9158e72ae018e31b2a8f1e80cd83fd48a8859	0a32c9c736c1a705eefec6e6a979abfb1478ee1731a5c18d9a7085827d1b5478		
163	col bin 2/bw/col_black_3-grad04blk100.png	raster-fallback	0	raster-asset	89d03e18da0bc7609446437993a17dc70619043e545559371d70339d74b49903	24fa4450f18d6aed153f36e957f7b1493364f498463ce5f02b9b86b300647b26		
164	col bin 2/bw/col_black_3-grad04blk50.png	raster-fallback	0	raster-asset	425dabbd51da6cb624451d77696b2050294eda1c65b5f7b46f11505766e38412	96f58a89a281ef167b74be6ab980579c9ae244b46fb916d97984fb039daffa3f		
165	col bin 2/bw/col_black_3-grad04wht.png	raster-fallback	0	raster-asset	0941692736d1aa25e692f4f9b6bf44ec0b05ee135eb64770d170a0f5d4196738	7849c0308bd24e9610f3557abe88a16984ad3187215126ca4212aacb864db84a		
166	col bin 2/bw/col_black_3-grad05blk100.png	raster-fallback	0	raster-asset	f9704f8c571fbb83562d3c1789d5720f07b904ff94e281c21df655f70df75ecf	df0c2ed3938aa5743ca301ebae78e109a370d015752507ae1dde8f2c1c8fd7fb		
167	col bin 2/bw/col_black_3-grad05blk50.png	raster-fallback	0	raster-asset	7a488234e6c248ab2ae5f6052140491419c3cb76948118d68b74ef0558e06179	6f48b213762295563bc5d854b9a8e7515ba8b7342a64641b0e92a1fe1273ef82		
168	col bin 2/bw/col_black_3-grad05wht50.png	raster-fallback	0	raster-asset	3f622f8046c66fe72627d898a98aa6c2a8f851e50a2c525b2b54c629c1803fb7	7604f128868c810037a57692a54ce2771ce4ac1db9ad09634cc3ce76fba89f0a		
169	col bin 2/bw/col_black_3-grad06blk40.png	raster-fallback	0	raster-asset	700be7921bf8dc98975b23ab81330164cd7b7614230636917a59fd0de9831503	981f01bd6f6f5cfa41162cee736de8960f5cf8b89e9f26441cc5caac17536222		
170	col bin 2/bw/col_black_3-grad07blk40-rotCCW.png	raster-fallback	0	raster-asset	51c498b80ac25fedaae8056ba5e61bfcbb4466eeccff4aa924e62fe1ca364521	ee7be65c20442b1ec430b81935e313aafc267adf746cfec79ae88999027118e5		
171	col bin 2/bw/col_black_3-grad07blk40.png	raster-fallback	0	raster-asset	5d9f4ed401a85d2aa026340b09837b66d7fa384b06738ab234fd5aff36df4402	bf70debb215cfba91ce67b63754b3b587af5645ee94d9a314ea25a54451bba0e		
172	col bin 2/bw/col_black_3-grad07wht-rotCCW.png	raster-fallback	0	raster-asset	77a8f925c6d386c3902239e2e8aabdb8395d87d9fbf5c3ff5326d2333fb65e13	b91c958f97708ac9330d42d446512307c78fd6c4e02cd6d31407c161122f673a		
173	col bin 2/bw/col_black_3-grad07wht.png	raster-fallback	0	raster-asset	93199a52f348b1fa584dbd3d7ccc5493917865a8f15bbf5916f21430153f08aa	d8608a7bda4aa1436eef74b3c4997ce8a84d79ad20fe39caac6323d18dbee8ba		
174	col bin 2/bw/col_black_3-grad08blk-rotCCW.png	raster-fallback	0	raster-asset	7288bf4b29625be093c7d61ede883eea5aafd5187b0de4f2b5fee55e8c2ef48c	c51312a59fa751f649d03e3bfc8768b681e22c6226b94a5bc3b164c5c9433314		
175	col bin 2/bw/col_black_3-grad08blk.png	raster-fallback	0	raster-asset	a90007d62918ae5961e1acb9c862d94c6a85387d0aa4a88b9a1d9968927e3e5a	1fd13994adfeedcc8c71bfddfe5ed4d98c6bd26a6ea472f942a0d51a0316ef2c		
176	col bin 2/bw/col_black_3-grad08blk50-rotCCW.png	raster-fallback	0	raster-asset	6cd59d0ce1ada097b7bb9841ff6faba7b3456eba3999d60dcde446c5b401a57c	d05dda40928ae982e9c60fff51da75e3dd1632b6297a793322bdbcbf796a6a06		
177	col bin 2/bw/col_black_3-grad08blk50.png	raster-fallback	0	raster-asset	5899066ac7c7d64a6c5f6bfc7863a4219497a0a79cd37c6f9f8487be230f632a	72889fae633b263643416b8e81dc007edbc07a2c533963a1fca6a65bd4cf0450		
178	col bin 2/bw/col_black_3-grad08wht100-rotCCW.png	raster-fallback	0	raster-asset	2ee69ccdcd999aae8b189b73cb0a5db4c88f9560487c8e3cea78268541bf2ee4	f80dc044aae1dd2210b555e959b2732bb2a5241f732675397a278a44a011b8f1		
179	col bin 2/bw/col_black_3-grad08wht100.png	raster-fallback	0	raster-asset	2ea670d79fed02bce8d960ee5440c7d3409354a93fed6e31b9be9aa225344a33	c3496eaeb55a3a7db9c6cdf179061e5da78f83b9034e10cfd0ab88db18734357		
180	col bin 2/bw/col_black_3-grad09blk-rotCCW.png	raster-fallback	0	raster-asset	c9ba1feadd6f136eb335e68537a6f75f6b833459b27fff8ba88efc258e40b4cf	c41574c63bfd3ee915c0f0b38f204b22fa61a400edd4d46591e0664431ae574a		
181	col bin 2/bw/col_black_3-grad09blk.png	raster-fallback	0	raster-asset	e11f0757d0ad45e50b3105e6eb074e8d5914a2262c92e2382c503ee46ca473c2	5c53ff001b82f560423ca363f04749eaa090d6c81725e1d5508af66a592ed397		
182	col bin 2/bw/col_black_3-grad09wht-rotCCW.png	raster-fallback	0	raster-asset	f3f96f90ca7103b03066d51f89bbe4bc8d068b00d9e86ee0dc8c266fb3206d2a	6f9b7685631ec254da6bdfd50383d307f0eb62ab9d5dd2c6ac330c25d6faf62f		
183	col bin 2/bw/col_black_3-grad09wht.png	raster-fallback	0	raster-asset	586f2853ad6e22dce414f6e6a806d1a80ac36f0f810a0dd4a5f43c19dc0616ca	385d1359d0ce064967de00ec7692d7f3fe7a85db6b05d30ddaa55b20f330f135		
184	col bin 2/bw/col_black_3-grad10blk-rotCCW.png	raster-fallback	0	raster-asset	f84cc8ddc61b3a3bba56a93cf30b07c2ecff00f652f5a8f82ab8095f6d4085aa	d68461d5b7f709eca2ecb6d29e74c640383a4b0ea1afc1d838eb0f494731d4e0		
185	col bin 2/bw/col_black_3-grad10blk-rotCW.png	raster-fallback	0	raster-asset	c2da41ba5fc3d2e34860f5db8936aa94e72b8a2ca9584915d1d9e5cc8277b861	d8cc6c6c7311e6387d3c72b5023a40a38de6aaa633b3065ff8c6e53de4911ff4		
186	col bin 2/bw/col_black_3-grad10blk.png	raster-fallback	0	raster-asset	c971e166ee2e75f6b7ae2e9c6ec3d70379f85892bbf71cc569a35da1368fd208	995e7d52b2414d1e3c0b494979d43609de509c544fb82cab57fe076132470360		
187	col bin 2/bw/col_black_3-grad10blk50-rotCCW.png	raster-fallback	0	raster-asset	4add11bac4afff261a4ac52013d5407cc0fedbc47ee76c1265136cbf34505468	793e28960dd8b87139f0fbbac949ca5ce07ce4b5cf14373d6c36e26fa09538cf		
188	col bin 2/bw/col_black_3-grad10blk50-rotCW.png	raster-fallback	0	raster-asset	64153e862fc8e23d7daea7345e4d49ecbbf74b6317ec6d16a808148051d9a795	b06dab34f96bd46cad32e0a076a9034e1458f79f692e97dcb1d46281da22c742		
189	col bin 2/bw/col_black_3-grad10blk50.png	raster-fallback	0	raster-asset	86b3e0a7be1c4f38f5d8bf6fdfb7deae69cb539cb944e42adec03ab89da01803	49155702226b0bd20735d3004801c54c7ec84d3ac74ead5568543e90534d3221		
190	col bin 2/bw/col_black_3-grad10wht100-rotCCW.png	raster-fallback	0	raster-asset	45d455d2687031f6c2081d5a1f8ba85c51f2dadaff20747356272b1b3e2e768e	02a311ee10990e5b580c166a12b378eef72ed303fa4dbd904fed4a677c00af95		
191	col bin 2/bw/col_black_3-grad10wht100-rotCW.png	raster-fallback	0	raster-asset	c40858fe7e34b042752e37b701ef270a6c46b80fe54143336ab40a8113339f2a	8b7959a484ac617abf37c62634e7aae2d90b8b58c95969cf72d730c9bea9b8fc		
192	col bin 2/bw/col_black_3-grad10wht100.png	raster-fallback	0	raster-asset	3999051c172ea024a914bb3bb7b7334fcb77dccf9cdb826739ac6fc0d443ed34	65321373e9849f09ef7f3ce96fe68d460012102391220438e338d2b6769767f1		
193	col bin 2/bw/col_black_3-grad10wht70-rotCCW.png	raster-fallback	0	raster-asset	9cfad585c672317bb3b77038d4c71da9ee734f2ca61a83bc31c8ade626c8a927	8cc27cb93fad3fda08ed1b4a162f19c062b87ba4916baed43df6c1cb9efd8e2c		
194	col bin 2/bw/col_black_3-grad10wht70-rotCW.png	raster-fallback	0	raster-asset	9645024cbf61ebf532170956a074ad7e62a11c15e372710e9aaaf7d53581c658	692f82ab3efd83a62da11ac3a3b5460efa68d344f620363382465965b807f8e4		
195	col bin 2/bw/col_black_3-grad10wht70.png	raster-fallback	0	raster-asset	cadcfad80ae494ad75b41d6799aa6350d40fe50a30e532a8f520ff5bb54bb1c6	82484ff526d225ec3ed78e4206ef88156455fd664d7d9df174e7ff563ec04911		
196	col bin 2/bw/col_black_3-grad11blk-rotCCW.png	raster-fallback	0	raster-asset	1fd155215a9941fde4cd26b25a330b0cee1d3b58128ab581afdf6fee5b03c68c	30039bf28ee03ddd415fa5aba7fc172bbf18214042bc05e5ca1be8023bb51881		
197	col bin 2/bw/col_black_3-grad11blk-rotCW.png	raster-fallback	0	raster-asset	ff38252184c283cc9fed1dbaffb8cc33f382e867e74b73d0a7935f289ae14334	cfd7f3d861f050006dec5d358a6685ceacd413d44055d9a22f6adab77cfb9065		
198	col bin 2/bw/col_black_3-grad11blk.png	raster-fallback	0	raster-asset	c377ad24fb8f6a32f6877757aafd07f09f176c6da0e6f6122d4e6d89b06ab97b	b29eb42943876ed9c9621fdfd607f11e3bacd2f0e43dbd555eb0913434dad549		
199	col bin 2/bw/col_black_3-grad11wht-rotCCW.png	raster-fallback	0	raster-asset	6fbd20e2c77eba3fe3e6207db94d7d079909dcfd8371c1b50e7ba918178eaf1e	187a94667f5b25c66a8ba5c20af4be49829c0375a792ae0a62980359a70e7939		
200	col bin 2/bw/col_black_3-grad11wht-rotCW.png	raster-fallback	0	raster-asset	f633563dc2fcf226ca5f521cab887c5538e408d920d23075e359ec6a0e8a7186	6c49031352ee29ab4e3be0f00c3183c65334cfa5d0e2db4dcaf5597468272363		
201	col bin 2/bw/col_black_3-grad11wht.png	raster-fallback	0	raster-asset	f137b33c1ceb11cc93ce01e36484f73cfc9ede7a31c17f95cfa34e5decc9d5ef	e91af1c0ce82ff94c087622d3d6b55de4959b5073ac1a1e3c86c24add6a931c7		
202	col bin 2/bw/col_black_3-grad11wht60-rotCCW.png	raster-fallback	0	raster-asset	c14df9a4dc54bea1adb7e3ded73ec393bb5384c9900838cb5991125fe751b68d	cccaefe82fc119c843cde69649b5ea9c0c1e0083b8e465155c53f0f175fb81ab		
203	col bin 2/bw/col_black_3-grad11wht60-rotCW.png	raster-fallback	0	raster-asset	78988c752c1feb11a932a65528f216432b609110433d9c00d6ddd91097d21ff1	03939f54384f5b15b9532f9f7710b766990589d1ef2c4e03298e9ecd02d18338		
204	col bin 2/bw/col_black_3-grad11wht60.png	raster-fallback	0	raster-asset	51334df2c44e9d5890ac18d5c8ec12a531c250311efe2278aded6aad3a676b5f	8c1c197a4a9bff7453154ae60e968e5e23ec3764e727eac42021dc39a3c0f4b6		
205	col bin 2/bw/col_black_3-grad12blk-rotCCW.png	raster-fallback	0	raster-asset	6b0a2979ec3c8fb579d64fad6c6a19ec2bcba70d03ff34b8da7d23b38549a89b	2d01bb8d9d3182439a414b6dfcee09100e1db5cf9394e101bf3fd71c3fe692fc		
206	col bin 2/bw/col_black_3-grad12blk-rotCW.png	raster-fallback	0	raster-asset	8a1787b7bc57544d5303a4fba7e739fc38533d1e2438f309fb086e5dc51cd25e	c92248bea256c9eac11378a614fb0cd9fdf04dfcad24a0b15321baa28026041a		
207	col bin 2/bw/col_black_3-grad12blk.png	raster-fallback	0	raster-asset	165aadef07057d85e1a4242ee8b47dec8dd1725c9307250e2255bb04adc34afd	66cc117b4a22e62b5a55645cd1d7f63905b0118b956e6896749574932c808295		
208	col bin 2/bw/col_black_3-grad12blk50-rotCCW.png	raster-fallback	0	raster-asset	a125f43d57c76b5c064fed312e58221af8eb52e0b9f4bcd325c05cfacec4a45c	41d5dfdf1380c5d6b93a887b6e0f56c6a5b9efe7c6f400204c7d18838018814f		
209	col bin 2/bw/col_black_3-grad12blk50-rotCW.png	raster-fallback	0	raster-asset	94c1e210c9ed86096902a9dd923d187f4de9af64b1515808ed24306bf252156c	e278825353710c40fee754235cfa375cade384392e5b57f611b0190dceee3974		
210	col bin 2/bw/col_black_3-grad12blk50.png	raster-fallback	0	raster-asset	700709dbe37413581ef74c2f98a29e804037e49999c6930def89c374a48eeec7	f82b2d51b74ac6ed44244cc357647967915c3532233768e06144fb2baed3b22f		
211	col bin 2/bw/col_black_3-grad12wht-rotCCW.png	raster-fallback	0	raster-asset	4246cb7d7d0f063509e9f13b22189b79fb20c3a1da5766c911c5c6832d199dbc	1cb55affc6fb4b8208c06ae5b9f579ccf04c0601e534b35163da3bc34c17b6f8		
212	col bin 2/bw/col_black_3-grad12wht-rotCW.png	raster-fallback	0	raster-asset	67cabba388e7f48add5d0c9b8a4329f6ef5145a9f00a779c313ee7219d2a0005	5363a5ec9174e52f2f1ce9128e7d74531ab77ce09c061d8561ae3638b3e9359d		
213	col bin 2/bw/col_black_3-grad12wht.png	raster-fallback	0	raster-asset	732d797dd3bfd958559fe50fc5eac8b5dfb07805df9af59f9ec1c22cbd302d21	0cd7c5404e54a7dbaf926ddd98c53d056e48868cc686dfe8c53e96465bee38ab		
214	col bin 2/bw/col_black_3-grad13wht-rotCCW.png	raster-fallback	0	raster-asset	9aabe01e9813aced1c2ae15305d0b92129c2d03ac18e772da907f392d289af2c	1f149ca3025e617a20a69a20fb5b9f2b9981c36eecf3f5081e884f8da6d26067		
215	col bin 2/bw/col_black_3-grad13wht-rotCW.png	raster-fallback	0	raster-asset	b6b76bd2aba7ff735552a61abd538f8689c3f2faae28cf6813638f437a5b4952	412ba60359efad4c26e1912d8fbfeb61e36f42b1a36c3b1bfe5a640a7127b547		
216	col bin 2/bw/col_black_3-grad13wht.png	raster-fallback	0	raster-asset	683596c61c270a23eadb9eb9d95ba856c5f68165a7528ea4f5aefe219535f694	132281ab97e0276d259c30b2059a8a0cad58c842ceaf244e3c13d9a2d2a5ad6e		
217	col bin 2/bw/col_black_3-grad14blk25.png	raster-fallback	0	raster-asset	ebe08adf9a33e88ceb105f0b29829321605362529eb74701542494e7dd29400b	8d156a3ac6512947bc779673212116711daa458dd4e262d82c8b8001ac5d9cd4		
218	col bin 2/bw/col_black_3-grad14blk50.png	raster-fallback	0	raster-asset	54af44436ae14558100b921d3feb94e9fb8a3922343d3436461e4907c9e35fc9	8138bb2f65bb58204667065b1340e30ac7e5410f19975c33871bff3180f1e2ff		
219	col bin 2/bw/col_black_3-grad14wht.png	raster-fallback	0	raster-asset	2e97d02f35f324dcaf06b2dd1f5281d9841d16da84b75befb1e5cb101d0651bd	a9eecb1e37e25e1c0a60a39fcc3f994d14b1ce33915c44d919bdb75193e4930c		
220	col bin 2/bw/col_black_3-grad15blk100.png	raster-fallback	0	raster-asset	ebb90ea407a6a23bf8712725f58d9528c38db4e5ec65d5b9881f756db31aa1af	56d4c826cb0ea17277f50e8d7c963dedcaa25495656806955c2803ae38bf538d		
221	col bin 2/bw/col_black_3-grad15blk25.png	raster-fallback	0	raster-asset	c4c56cdf49b613b36a02f712b3ecf3dfd30b8de44a965db48583d2eb62bed2bf	abc125f19431b7986775171d5ca1d7a427211799d63c1e6b1b8c59195324661b		
222	col bin 2/bw/col_black_3-grad15blk50.png	raster-fallback	0	raster-asset	b035c7947be00e93a71fef3dec4e56e7c505e8989d24f074840c5c44683ded8f	e840472ca6424287f46b3980a0956336116df2caf8990747299eca9d6f1c92f9		
223	col bin 2/bw/col_black_3-grad15wht.png	raster-fallback	0	raster-asset	1875eab516525e8d0bee20d46529701077cfac71756df328b03aacf5dc39d4b2	6cadf6410b2526fdbb167cc51597748e3d107aa9bfb1ca2c8b1e6c4fcbe427bf		
224	col bin 2/bw/col_black_3-grad16blk20.png	raster-fallback	0	raster-asset	85c080436825865d76bd78e36225c367b23ebc14b13e2170b7de69013ac17981	ceb54b628ef2e577b266fda0c1e58c1ab0928e5997c280ff7c5f503adef4ff07		
225	col bin 2/bw/col_black_3-grad16wht.png	raster-fallback	0	raster-asset	10467826fe14c1d11dcd68415eb1473148eb24eb487667218d4ae390ce6b3cef	fb5a8989a85e4f2ef7304a4cf742d0a418ef6c578b82f4d3ec13ae2063b2ccfa		
226	col bin 2/bw/col_black_3-grad17blk.png	raster-fallback	0	raster-asset	ab36e1ad4d6915c0d7474f0a0576e036e7a924c570ca11aed63b73487f6bfb76	2a9f3c71d75f510e4421872d73c2c92c193dd6941b1cfb2ec82837bd090d4afb		
227	col bin 2/bw/col_black_3-grad17blk50.png	raster-fallback	0	raster-asset	ccf0033e4e76933e8a85dc28e4f4cde9e0c63505d0bafacae125d4bc0c38989b	554ce7768342641fbfb3602b82686bbfcf009fe4f199849c9cca6f568dfdbf48		
228	col bin 2/bw/col_black_3-grad17wht.png	raster-fallback	0	raster-asset	0e5e1b2fc339d8dd6908391d0b9cb3fa2e66443c8ff26cb42c939e6693729e5d	978f8d21145c351853dc4e00da85a468654f1867488a8c5184d4d9f0a25c2ec8		
229	col bin 2/bw/col_black_3.png	byte-alias	0	byte-alias	72a7a4c4c5ea6171fec5a6224303453de08bebea8f4aa34e1f59d5e177f4e526	a9e4ffcb81fdfd6b47dc892cca91872ac7d1a27af6ba1b7c8d67489d5d995710	bytes	col/col_black_3.png
230	col bin 2/bw/col_black_4-grad00blk100.png	raster-fallback	0	raster-asset	3822852165ee5e66bb20730f8051d277e155e4bfc352f3bf03b81b7d42d71758	0f819600fe0c410f65ebd12ffa195b27ff11dfa83a6ba4e4d62e26698e9ec764		
231	col bin 2/bw/col_black_4-grad00blk25.png	raster-fallback	0	raster-asset	8784a379e821a50cbd6d042ece7f4d700a0bfdd3f55a985e56a6491dbffea603	462f4601b2760160cf99c7743183236d538a9013bcdffd35f38e1e9b47040ac7		
232	col bin 2/bw/col_black_4-grad01blk100.png	byte-alias	0	byte-alias	3d8f5ae0bf8e99bc3988e28bf5a36b7b3c5b99801c63f287306b401079f953cd	fca1a2a8376b7b5a1dded274941f72ffc03c9fc0c0efbe5950a5d089c58deaf8	bytes	col bin 2/bw/col_black_1-grad02wht.png
233	col bin 2/bw/col_black_4-grad01blk25.png	raster-fallback	0	raster-asset	eb8f7cdfa3949fbe59b62515db084bf1d06d7a5e3d35bf6f1d7f5512e95c92c6	00f2b79cc589d35bdc02c24560542de6c1efed7aa476f308f55a1cce617f95c4		
234	col bin 2/bw/col_black_4-grad02blk100.png	byte-alias	0	byte-alias	b5e24bab2c6da34ef5444c8d49804ec4260676f720f84fb491477463f22b9918	d5c6c5da67e8d6a9d6504957d0d41a4e16c4bf4b3404db8ee6ef7897f8986d82	bytes	col bin 2/bw/col_black_1-grad01wht.png
235	col bin 2/bw/col_black_4-grad02blk50.png	raster-fallback	0	raster-asset	544c7b0e8e41a8891069c2460b84ca681b0cb3edff54cab365897737b9858048	59e9232098398ab1d039636a1db51e23a4b1c6d59b18cef4d171f850bc6a9d8a		
236	col bin 2/bw/col_black_4-grad03blk100.png	byte-alias	0	byte-alias	51e6369237293a9580a7caf896531e640341c5d7a1132f46d423c3eb19a7cdaf	6ba680c19aa46c24c99b06a2fb6dbc50d9341dbaa7e446930adce76bca5633ab	bytes	col bin 2/bw/col_black_1-grad04wht.png
237	col bin 2/bw/col_black_4-grad03blk25.png	raster-fallback	0	raster-asset	10668814d180d18e276c5221a5a81262f9e25888f635550482b58ae26de7eacc	ca2763114e4086dd662feb3d6046892d98732973ff61da4c8b83e8122230eff5		
238	col bin 2/bw/col_black_4-grad03blk50.png	raster-fallback	0	raster-asset	19cc8532991fb851c13d11890c1bb1c2c35a02a061becba61e7744c61644d9d1	f713613c1addb6cc481353547483b8becace2ef067efa301458c013938b21394		
239	col bin 2/bw/col_black_4-grad04blk100.png	byte-alias	0	byte-alias	0a23fa46889f8b9b3f2921d1c274cadc82d9930e5e5c06afd814bcf71dca1c60	02a36b32f92654a7c7eb5e771cf4eedd2c6531b8f7553e01b5fa71e18835d99c	bytes	col bin 2/bw/col_black_1-grad03wht100.png
240	col bin 2/bw/col_black_4-grad04blk50.png	raster-fallback	0	raster-asset	abeb16d14f8ffb930f6c470616b4633af8cc4ea0f081f26e630b9b8aa5f08a19	627330bc68e8a11d7d27836a3a862610fb7f90df18d0d84deeed8ab9573f63c9		
241	col bin 2/bw/col_black_4-grad05blk100.png	raster-fallback	0	raster-asset	5a1e2dd43276ad9a771df0663c7593219c4dfc4456ee058138e94819a37c7f02	f45c0d08e8918e57cd068c8b91f9643057a5fcc8ef172d7b2b0db6e7e5268529		
242	col bin 2/bw/col_black_4-grad05blk50.png	raster-fallback	0	raster-asset	e2781edd60065325c4359dfab2695470fe65287c73bdea87f414922e7adfb35c	2a3157b4bc859327c68b873b96a9c3f6b80638359f904643704a9b30d85f35f9		
243	col bin 2/bw/col_black_4-grad06blk40.png	raster-fallback	0	raster-asset	20934b78ad098b2140640bc4b957065b16fad65953e67c07d622df67354fc75e	cce0981883c71f066856c5796a3a815b47dc070aac9c788b988e69fedc7e4c16		
244	col bin 2/bw/col_black_4-grad07blk40-rotCCW.png	raster-fallback	0	raster-asset	f03f0be1719701a21293b5d6b1b23fa97c61fb438fa34d7d6fe6d00015f5dd4e	f7f8a828aef7d861d9cd9374ad022d8f6a218fe06a56a699e5d2ea2b3d3fe78d		
245	col bin 2/bw/col_black_4-grad07blk40.png	raster-fallback	0	raster-asset	58d35707597e17b2fc792ebc56e78c10353ec8591329b4a2c6ce48d7d22f6b21	35c72b3f7b0cdf4adef466dafa541879ce4fc756e27ae7a1cd4df69b7d14d267		
246	col bin 2/bw/col_black_4-grad08blk-rotCCW.png	byte-alias	0	byte-alias	29d050681818104c8a693bd5d69960c519c15af2b12a747e5794e7a9a65001bd	3789e601f85697a6aa4981117c0a57e515a8760118291762c1dc44de14e40589	bytes	col bin 2/bw/col_black_1-grad09wht-rotCCW.png
247	col bin 2/bw/col_black_4-grad08blk.png	byte-alias	0	byte-alias	e088bd1379213ca0cfe19cb5330e4ee70d2d2f75379db58c23465729d6cc3f71	9973c2dfb5773fe7e3acf7490526b275cf8131169ea4c56761280547e6973b22	bytes	col bin 2/bw/col_black_1-grad09wht.png
248	col bin 2/bw/col_black_4-grad08blk50-rotCCW.png	raster-fallback	0	raster-asset	e5ee50342f15c5ad2c4139a934d3b0460f15ac26c365cfe287d8daf93982835c	cdd367560a985793211ba2a32615148db2623152143b318af00dbc746b36c5b3		
249	col bin 2/bw/col_black_4-grad08blk50.png	raster-fallback	0	raster-asset	a061280283623a0725a1460d568452ddbbd9ad06baab27378926d52478bb5c59	c756da9c34867dd942a3b1f7f18fe97286246d9614d7f2fd1303ee1ead0a6b0f		
250	col bin 2/bw/col_black_4-grad09blk-rotCCW.png	byte-alias	0	byte-alias	62df61bb6e00805235b0711d5f0380aa8bb1a2e39c5050096c33cd2b40464146	478351be93f78feb0b75973c0af0f14cac67670ee14b6973b32e24e1af74144c	bytes	col bin 2/bw/col_black_1-grad08wht100-rotCCW.png
251	col bin 2/bw/col_black_4-grad09blk.png	byte-alias	0	byte-alias	b3fb3e260890c504e02788825ab740f55ea66dcb775b98e6c8818d40899c148f	a8be8e73190ee8410eeb75b9c7025490095f0b78784e9801432995d11bb7e6f4	bytes	col bin 2/bw/col_black_1-grad08wht100.png
252	col bin 2/bw/col_black_4-grad10blk-rotCCW.png	raster-fallback	0	raster-asset	21a2aea34c43313d56b43ec1b147ae1548e283b100d5ff39d1397cd7e5b690c1	660c2801379918f59807d067a423ef5fe1590becdcc0c62eadcc985f8a160217		
253	col bin 2/bw/col_black_4-grad10blk-rotCW.png	raster-fallback	0	raster-asset	05f98252d568b3b569444a0e015e6182834989342e16a08edef69fc2de5ba651	b1f838d2600257b131ea01db3f62b6030f976a73a803f0e2939e25e54b62b566		
254	col bin 2/bw/col_black_4-grad10blk.png	raster-fallback	0	raster-asset	3c883b385d6f4665a8e2180bc9e6419fcc5886e987c8eab2bdd3a90648f8b255	bc3932d0a29b4d4f5f56ac5c3d2d092afd38b1e35d35c92ae5864b1c0bf75b2b		
255	col bin 2/bw/col_black_4-grad10blk50-rotCCW.png	raster-fallback	0	raster-asset	4f8b43707177921d0ab9e1db3e62c9f29005d464c06699eaa3c2054b05a90b46	c3e0b667a6444f6f96a2c06f813c6dbd6b0d07fc2a3a488d1ca1423545fffef5		
256	col bin 2/bw/col_black_4-grad10blk50-rotCW.png	raster-fallback	0	raster-asset	186c4bc2fb531c93d827b6b89c21a911880bef0c01582d4d010139ed33c8d307	ad630855a728409b92a34d3e7b3ce1f44b9e5eb7fb660355e7f30dae86f8ba48		
257	col bin 2/bw/col_black_4-grad10blk50.png	raster-fallback	0	raster-asset	3a0973c971d57f9b10497019c4715f14ab3503186085b6ce3c037a6aade6cfe0	4f3f8c51bac0b9c4db397cf099eeeb258b37ef3cebb5a530080902eff6601d5c		
258	col bin 2/bw/col_black_4-grad11blk-rotCCW.png	raster-fallback	0	raster-asset	0365bb5195f090a7ac26aa48cc6972dce4cbf9ccc238f5e3250b547e62789138	1de241b9a35260b1f1298855d08962f6b27584641854c3961568135930169f3d		
259	col bin 2/bw/col_black_4-grad11blk-rotCW.png	raster-fallback	0	raster-asset	6b93cc8b5dc03f901352482f9943d79c4e296cb46228c7f8955d96ec3c6cd381	e3ec5071bf30bfbbc98e7a8e8c0e1f16f1db440c5e8c4a6cde661dbdac519081		
260	col bin 2/bw/col_black_4-grad11blk.png	raster-fallback	0	raster-asset	d85a60b7e1affa682aec1f40a99ccd9552acc7ac90f7dcabe011c75c6613cab8	07a8fb91eda670ffe7c519b510c47f591f8844b38e68c40388df961582324eb3		
261	col bin 2/bw/col_black_4-grad12blk-rotCCW.png	byte-alias	0	byte-alias	ed0ad80fbee247172c766ab7ef90a7fa818e12cf6897afb7d4439f77bb84c672	863a4911f9be98896d5f3c04ab81bb0e2d96211c9dd3f0d82e3e507a8aaf890a	bytes	col bin 2/bw/col_black_1-grad12wht-rotCW.png
262	col bin 2/bw/col_black_4-grad12blk-rotCW.png	byte-alias	0	byte-alias	f29d2f4011a5ffefa83ea287e2ef06e7fe283ddab93a1f0820a3a831caf1f980	cf9fd918744b8140653a5e8b4b9abfa97520391a84e9d75244871af141a20716	bytes	col bin 2/bw/col_black_1-grad12wht-rotCCW.png
263	col bin 2/bw/col_black_4-grad12blk.png	raster-fallback	0	raster-asset	849252353692abb45e9ccec5619e6e65d584c58eb91d7e4e08ac53e0e276252a	2392df09b4fd427be0e03b57485dd6c86b5edaaa818ef9e0c28d1166ee017023		
264	col bin 2/bw/col_black_4-grad12blk50-rotCCW.png	raster-fallback	0	raster-asset	d511e602591efccf8d13283a86677972aab8d1ac8a8cf56cdb1c1562f30b5c1f	bda6515931c72944234b4d354c670345803f2d7bc42d2860650ba6b76cb57057		
265	col bin 2/bw/col_black_4-grad12blk50-rotCW.png	raster-fallback	0	raster-asset	37319dcf549689d674561f6e50d99ea0d3f7311439fa0f6402e37a986e7ce430	4329986c4ae6080336ef07854eb71b77ed5069caf6a61e9a61cb2fac93218656		
266	col bin 2/bw/col_black_4-grad12blk50.png	raster-fallback	0	raster-asset	025828dfedc1f0cd698d6ab7d3a608a4dab976099414312e746000c34a0c9df4	42dec21a02e9c072e5222cc31df3c533eb3117a3308525246e16f35601250292		
267	col bin 2/bw/col_black_4-grad14blk25.png	raster-fallback	0	raster-asset	05c729619b626b230383f732a20c3cbdecd8f1156f886c3116dbac5db5625ff4	0fac46bca741c6445474edd7e9c72b49998cde41c9290398ebe019da0e02d84e		
268	col bin 2/bw/col_black_4-grad14blk50.png	raster-fallback	0	raster-asset	b1b217cc0800f02e20e05810edb9a1526991e18f22b293d953b5ad0a4fba1580	fab99d2c91a43d65c5e677ba99c4c7db6b8cc125daa59a244d92418c1169e673		
269	col bin 2/bw/col_black_4-grad15blk100.png	raster-fallback	0	raster-asset	1fce0b148ab60d636488380f499bdb2076470334e5010d77060b6899c58f94bd	53278f0d9b8e39026fc3806912f89e432ab9f14f9fb29f7b53e8596bf3cd4575		
270	col bin 2/bw/col_black_4-grad15blk25.png	raster-fallback	0	raster-asset	2cb52c6690118298c6cb8ee79b92779a163cd0e09b5d1ba79c35c776a312de13	5f7d93abd46ad43c40e263f834cc67aa9e58f2f7eaf7038f70f5887265d09831		
271	col bin 2/bw/col_black_4-grad15blk50.png	raster-fallback	0	raster-asset	d5b94ec2cdeae82194489dd0cb2cb084e28b27523cc9d2ecb06276fdb77b743c	19138ac6e565c264bca96e97721ef4c3c5dbf42a255850d51fa41cd265693327		
272	col bin 2/bw/col_black_4-grad16blk20.png	raster-fallback	0	raster-asset	cd9363395a8045d746654e174fcb93694af502fac77dbcb6c68cbfac0e88d103	f7d64e50ae9b979fdfd91ef42f41f2ffeddb6d62206bf6837370bfde1175b7f1		
273	col bin 2/bw/col_black_4-grad17blk.png	raster-fallback	0	raster-asset	0c7b37a70ef79480d8c5435429c04884884a0ee92f256fbd6d7127a9882736cf	f64bba47b7ebf076b4df7641c075acf3b5d6199e76fb96ae07d0040a2c67dd38		
274	col bin 2/bw/col_black_4-grad17blk50.png	raster-fallback	0	raster-asset	bc5e833413c803fb14d949e67bb3911adfba382f0695e61fc68d28ecb3977517	8b349ed2246ed7dd102dffa2637783a26ff010d433db9a9d21c7189c84dee494		
275	col bin 2/bw/col_black_4.png	byte-alias	0	byte-alias	0fbba07a833d4dcfc7024eaf313661a0ba8f80a05c6d29b8801c612e10e60dee	d4c66b108c68501254c4dcb9308ab5321c99d8ce9c59658c23d69398e3b330f3	bytes	col/col_black_4.png
276	col bin 2/rgb/col_blue_hi-grad00blk100.png	bounded-difference	13	analytic	4f3d7e7114f7372462d08d71a704535d92e0e5b21e6184ca2227e3ad91db4f91	f3e0b4fcb6c45c28788c92acf1c1f2e189c69f32c7d094de092ba3254e8c86d3		
277	col bin 2/rgb/col_blue_hi-grad00blk25.png	bounded-difference	4	analytic	6efda267de4c44a49c882ac274057ad7c6d178ade52deab28a20e0312aad6481	2285e4751ef63eaf61ff024a89539090cc608696ed33b4ac62ef931f1d9b2c1c		
278	col bin 2/rgb/col_blue_hi-grad00wht.png	bounded-difference	13	analytic	fc556327d71647a13e26a7974a95d0a1bf15644eda69b62908af6021d5452fef	c06bdf1a1181374e1bb3a0f03c7e9b6aa1723ae819f5e07eddbb6eaaf781e211		
279	col bin 2/rgb/col_blue_hi-grad01blk100.png	bounded-difference	13	analytic	5fe30ceb12da4e2218b80525277d847116a1039d79c46b3c7f1c81450a85e345	067d3efc90486185b49c9d4b345c5ba91f28988e1a1d2e05e8062126136ccec8		
280	col bin 2/rgb/col_blue_hi-grad01blk25.png	bounded-difference	4	analytic	8fbc56005b037f75715eef010a68989a380ea22a5a4115347a2d87217f9f83fb	85ec432203da528acd1bad485ed2fbe3d79f490fe0e7c16955903a0c2a2db4a6		
281	col bin 2/rgb/col_blue_hi-grad01wht.png	bounded-difference	13	analytic	2b0eb032889a29ba2b5ba806faec161252e895d72eb8e81fbde57b26b1c12498	5cda1cd54c13d07ba8230306e8c9675430b8a27ebd65427c38f97aab8751999e		
282	col bin 2/rgb/col_blue_hi-grad02blk100.png	bounded-difference	13	analytic	3887e6ee22837c818dc6ddb7464b0797ece0f8e0715535472b76a5957f16c3a6	20a4a36d4ba4518eec21c53fbcd1cba1bfe57f13b89146d56db783d383a77c87		
283	col bin 2/rgb/col_blue_hi-grad02blk50.png	bounded-difference	7	analytic	1d700a5a51be52a3b03e3877798993b7bec6f8484e3b17048c1af385bef24ba4	52a8fd1d7be5faf5fdaf6a3f4d32e8c977bd6f99cf9c6db4f976d242210bd562		
284	col bin 2/rgb/col_blue_hi-grad02wht.png	bounded-difference	13	analytic	7157bc06f7596440326212cbb53c62376a690733d29d761c4d247dcfe9d9c67a	ddd7c492828cffeba5aca13918fcfe26473b9f607a4c12be0ba0777db4b6669a		
285	col bin 2/rgb/col_blue_hi-grad03blk100.png	bounded-difference	13	analytic	51f7ee23948b2e0c4abb2004b4ca683fa106c394d7f4848f0b926fb21f7e7c38	02a65fbf2b7c4604d9baf6aacc0903bed4c8606892761506508fb2bc3f4d2760		
286	col bin 2/rgb/col_blue_hi-grad03blk25.png	bounded-difference	4	analytic	2f393db4be99a41d9bf8d10507bb57a4ce3ebb1dac5cf9a91acef25a55ab58e9	2396da092faebf9d4b553bc0a99ab744d13c34268edec0e462b5c1e068e9f92b		
287	col bin 2/rgb/col_blue_hi-grad03blk50.png	bounded-difference	7	analytic	7fe9f52fe0065783f22580d8e5bcc7f8402fbfad82e04971f3f4601b334434c5	19ee9ab061f06dd64ba014fbecee0e640498a19deb0c1c4d28bf7e944825885c		
288	col bin 2/rgb/col_blue_hi-grad03wht100.png	bounded-difference	13	analytic	9e2d3c31c8c5466c572bdde6932e3caba9a0be10d6a1fbb5f8f6f031365f53c5	3f5824eb5374a4141228e7da1f69d7fd0f1430b10531f529de37be1ed3dd3a02		
289	col bin 2/rgb/col_blue_hi-grad04blk100.png	bounded-difference	13	analytic	c8c15f0e4f6dfd60f66e529e74bc9d61c2de2d5818cdcf104b5cac1c5abeca06	369c29430cbd9315fb74acfe44b0617491f87df21cc436cd215fc574b91a3214		
290	col bin 2/rgb/col_blue_hi-grad04blk50.png	bounded-difference	7	analytic	fc1a34504b5c793c280e7097837b47b03be0b466e63a26c2f74e1c32263dbc3e	8162371117dc21bb342112af9627dfad4f7e43aadff98f9d272fecfb55e4ac61		
291	col bin 2/rgb/col_blue_hi-grad04wht.png	bounded-difference	13	analytic	63533068b7ec00bbf306a682a7e175a15a37ca0561d59d6c235c714bb96490ee	6eb386a8838a6c9a8eb8c6fb62f9c6288b94783d6291dd7a2c4b6e8ab704429d		
292	col bin 2/rgb/col_blue_hi-grad05blk100.png	raster-fallback	0	raster-asset	9cc0c1ed5280e39a81d7ce1a4d09b0b5da3553b018dc0768579481c878011aea	c4968a72aa2a3887ed723525e82eceeb8b1a92f2ab950edcecbfa451539de1a8		
293	col bin 2/rgb/col_blue_hi-grad05blk50.png	raster-fallback	0	raster-asset	739f93889fea8762018c46a14647729bd64026c72c8dbc2bc1e09191a8fca5fa	3a70337256f73b54ca6d4cb18f00fd5050268c27e0c6b645a9b685ba635d2d2e		
294	col bin 2/rgb/col_blue_hi-grad05wht50.png	raster-fallback	0	raster-asset	26a9b8caec0dcefcf1e80b481b02151b1a38fa61d81b1eaf7cce7b067d3e2bca	42b930f80dfaa1fc3abf9b5e23b99b89f753f736714a06c0570dab9a967d0b32		
295	col bin 2/rgb/col_blue_hi-grad06blk40.png	raster-fallback	0	raster-asset	fffb5f528a7798f1f1fca4749d9d7bcbba368e0c209e207eefd916f44e3e3115	adb948faa2768fe462b95a7d0e6c864daf81473b1aa53412fa00ad54009c9ef7		
296	col bin 2/rgb/col_blue_hi-grad07blk40-rotCCW.png	raster-fallback	0	raster-asset	dfe734050075b5ad44f1af1782cfc8c3433b88e9874d00bb629d97e6ef0b0326	a01fba7bb8e71ea12fbcc192c15e10ed38cc2fb1419a9e93c9e35dd3b32ed8a6		
297	col bin 2/rgb/col_blue_hi-grad07blk40.png	raster-fallback	0	raster-asset	893f34caf297f5537fd11b4f62829f5a9f8cdb8fb75fc89c9214c1a75c467f06	5d74aa8dcc23f23efaf365db5d7540c172af57b9ab0de34888cc77c25ea15ab3		
298	col bin 2/rgb/col_blue_hi-grad07wht-rotCCW.png	raster-fallback	0	raster-asset	6a81cb84cd3e1a0b9dd5a336aada4db5e15fe072f0f7e3c639bfec46f1ff64c4	c3f9c7f9c56fc7ca10f5282ee75e2f47d539bb6d756159015806649e3b54cf5a		
299	col bin 2/rgb/col_blue_hi-grad07wht.png	raster-fallback	0	raster-asset	88f16d0d3f6f43d8a8f1a2f132748584e85167f99ca2ccde3bee11649be4e42a	bd3123e573516c3bf925d492d9971d7250958c442d569f50b66e4b2af2f0e40e		
300	col bin 2/rgb/col_blue_hi-grad08blk-rotCCW.png	raster-fallback	0	raster-asset	127c2c6ee883b93e35aa9d7cf3d69e784247e06670243523a856b8cff956244b	2e30f466bf9ab38e9831cec322d95d67ae3b753b53db63bcb3ace3cac15e0db4		
301	col bin 2/rgb/col_blue_hi-grad08blk.png	raster-fallback	0	raster-asset	7d9a00f8ac9dc642dd759b631fc730240cccf29b7661e907ae7202e516d8234c	9f110542686e3c43e621a8efc0e348f775b8c2290fae385409abd04a2859fbd0		
302	col bin 2/rgb/col_blue_hi-grad08blk50-rotCCW.png	raster-fallback	0	raster-asset	60411cbf8c5250c0c8376cfee0528c97ee5ed7ee0c0362fe886ffce8e9b69011	4ce59110ffb58817ab8f1a2ed7ef4e11b5d9bb247b80a238d2e668c2f9078551		
303	col bin 2/rgb/col_blue_hi-grad08blk50.png	raster-fallback	0	raster-asset	533ab82e1209fa7216de67aaab7bbcfaa72cfe636e1022d2f9af23295bdafc5c	472c85ef6856ccadb44a245c4b9835b88729fd1c1bd6cc75fd10a89d897712e7		
304	col bin 2/rgb/col_blue_hi-grad08wht100-rotCCW.png	raster-fallback	0	raster-asset	029308c9467243b6c788c3d81226e689dee0f68295045d0abf755fb1f135c638	e2a72fcd18ec85892030ef40710aa28cc2fe49ea08c309d8c24d32abfcd73e38		
305	col bin 2/rgb/col_blue_hi-grad08wht100.png	raster-fallback	0	raster-asset	d20e9717013c9e6fe4c999037a29a8175a9b2b2afff2cb7e794e67fa524a0930	b877f00235960f34c2d3ab52bea20bdb63ee5dedadff1699605f3c9d48ae566d		
306	col bin 2/rgb/col_blue_hi-grad09blk-rotCCW.png	raster-fallback	0	raster-asset	761dad0f5665eeb5046f2abe0d642e1364095cb578949e6e8e269f8a469e208c	f0ad109f2515fd9b614e205aa5c1919ea1dd870730db3fb955249946179708b7		
307	col bin 2/rgb/col_blue_hi-grad09blk.png	raster-fallback	0	raster-asset	7eb784458b4971f21bb8e6f4d258d9afc689b76469b4b7419684732b31220112	09076cc782dfe450e1bf2329289f0043838c4c896e2c39a942256c27fc0e15d4		
308	col bin 2/rgb/col_blue_hi-grad09wht-rotCCW.png	raster-fallback	0	raster-asset	21c7390e2fecc4e564ac70908bbfa08b2cb7e529b306ea3cb7bfdf67b4afcaac	d450c5739d7b2c542e945a17baa0f36904bcb02e3b996b9d764ac9d7f0d50b04		
309	col bin 2/rgb/col_blue_hi-grad09wht.png	raster-fallback	0	raster-asset	fafe0fdda2c7400aeb46522a9c8484290dbb7566f7427e794658cd4bd6706210	9d803c0661cc3c7941b10a8cc6760331aad29c141af8ed54bef0c90be6ca6c2f		
310	col bin 2/rgb/col_blue_hi-grad10blk-rotCCW.png	raster-fallback	0	raster-asset	4f479df4273ea9e93e9af6a5dd20ca5800763541deffd9426af815515c892e7f	20da3ae1f811e8730535c333586f03969978729ce232fa8db7e669ba9671cc91		
311	col bin 2/rgb/col_blue_hi-grad10blk-rotCW.png	raster-fallback	0	raster-asset	c3fc6fc51b479c20e9bd1febc8c77c18280acccce62215d408dbe5dcd1cef083	4baae7077ef2507ca2f53a7de5a0aec09ca65acf45b0b88055552d048c82eb2e		
312	col bin 2/rgb/col_blue_hi-grad10blk.png	raster-fallback	0	raster-asset	56155749b42be663510606f94d8622667878d4041d8a733b21a599c7dd44fd50	07c74326a3880ffb663b402027ba36aa77b641518ae625fd496905184f236b3b		
313	col bin 2/rgb/col_blue_hi-grad10blk50-rotCCW.png	raster-fallback	0	raster-asset	e02dd8c9381b00cb1024e761ed2656a269088b7ece5e8b1c89f0898cefad285b	09e6ee7205bfac825c0cda264e6bbac1f45c480f0bd6836d7385f8782fcd4b48		
314	col bin 2/rgb/col_blue_hi-grad10blk50-rotCW.png	raster-fallback	0	raster-asset	221f2ce0ed5ca4f6a5daab172b692b6077ff121a62aee006e3e3b26e1abc9761	c4bf3381627e807c17ee6ba7d8955f05c503f4b28488462a64f9dc80bbb648eb		
315	col bin 2/rgb/col_blue_hi-grad10blk50.png	raster-fallback	0	raster-asset	3eb92944b505880cf1dcfb5c1a67922028f00cd503cb72d4b3f91a1e10f0419b	e8d781afa244028a48034adf5c8291a0bf76fb06608a475eae82b794e4a8b86f		
316	col bin 2/rgb/col_blue_hi-grad10wht100-rotCCW.png	raster-fallback	0	raster-asset	b02275b2df631c038522858f8a3168357976e52c5ed5fce133411320f9aad51f	2540738ed1efdafaf114607dbc148acc96dcddf052b567ef02d101c3fa2cd59e		
317	col bin 2/rgb/col_blue_hi-grad10wht100-rotCW.png	raster-fallback	0	raster-asset	fcbfa83cd5a769f610dff1e48fb63e350886aed065c89c86ffef3c54f27f6146	90e3083ac639e6f9cb465bd710678520b49bb722185e6d0d2d5251d552afd896		
318	col bin 2/rgb/col_blue_hi-grad10wht100.png	raster-fallback	0	raster-asset	9f5380437ce776157ff24b828c83fda2b29265a9f3ad1c26791eea9c83a243bd	28700e9bfa8a920d064ba44a4f3dc29b15adece8a124546d91ef1b40d8cfd9fb		
319	col bin 2/rgb/col_blue_hi-grad10wht70-rotCCW.png	raster-fallback	0	raster-asset	5b40660d0347a685cbf12f807a1744ba4983e922317a7af3ee39ee2ffb7a6217	02ccb2d0ad0e26378feda059f3fbf0d556ba847b621fd1798b905cd0a017a99e		
320	col bin 2/rgb/col_blue_hi-grad10wht70-rotCW.png	raster-fallback	0	raster-asset	e334d38a7441c85ca786ff6aedff766e1f0a819c17027d34fb2fa6bbe88692e4	5e2c03cadb8b8010f094e561a39f46dab745e845bd56c3c7dd246600701d3b8d		
321	col bin 2/rgb/col_blue_hi-grad10wht70.png	raster-fallback	0	raster-asset	7bdbb64cafca7b943b2e71c99b729864dd03422514015f1c3d0a60d85027a0cf	6df57dae03e9745932158a88ce9846eac376ef4bd3f6477afc22c71fdabf4392		
322	col bin 2/rgb/col_blue_hi-grad11blk-rotCCW.png	raster-fallback	0	raster-asset	5a610c2244ee861c4443730cf61df5c1ec45427ea6c875f0b94d14a594b08aa6	172dc4df53b1fa833968095ddcc37242ff56e86b7f8b36cbc3e2eea4c75255bc		
323	col bin 2/rgb/col_blue_hi-grad11blk-rotCW.png	raster-fallback	0	raster-asset	3ef9f138dead3256ec932b4f43ca5be6261056739626f307a5ee10b74becc03d	dff55a6f386a2548ef24d50990c7891945c965e46c94875e0a5b70bdebbf7555		
324	col bin 2/rgb/col_blue_hi-grad11blk.png	raster-fallback	0	raster-asset	9e7f192c9c87b14f88b2dd12de933cb6f2483edae01d3023cb6c8eef24f90e93	a2ceeb8619a248c22cb691a7a0c45e6e3374d369736f029abf87e291a67a1ddd		
325	col bin 2/rgb/col_blue_hi-grad11wht-rotCCW.png	raster-fallback	0	raster-asset	f5ec2a8973c1d0a03fdd2ded886771b5f6f897dfd2a3a41e67f3361d29cd764f	20af659b10244789d96214abbf1037e20e246c463f6c7e91b7cdd8ec5f518d36		
326	col bin 2/rgb/col_blue_hi-grad11wht-rotCW.png	raster-fallback	0	raster-asset	203b32cbfa6df0f8f03b822a0f5b8a184d073a7ac980dc66c54f46afbcde6e2e	be95ba4ba243b1b0f3f3204fdd6344ce5d90ecc5148407b153baab38d0028b53		
327	col bin 2/rgb/col_blue_hi-grad11wht.png	raster-fallback	0	raster-asset	2c38330cd627c27b39474dd1bff31cc2405ce542deb818d5131a8a3caf456fe6	de96ff555c693ebf05fe26f3124e6e86dcd5492bb71bf09dc8c6db2329390fb0		
328	col bin 2/rgb/col_blue_hi-grad11wht60-rotCCW.png	raster-fallback	0	raster-asset	d4010f72b73ff262632a162183c22bbc58b1dd142e9a94bd4e5e705100d92406	798cca8b9885fca5ec42acbb3a35b5972bc2f738b14fa694debe9d1a993ee8c8		
329	col bin 2/rgb/col_blue_hi-grad11wht60-rotCW.png	raster-fallback	0	raster-asset	68902482534190a330842e9e0e31daeca5579a373b672e3e5983ec2555982c94	7fd7b7a34542563a978ea2d9d3b6f510a57ad9589cbb5f91d3addf1e69419996		
330	col bin 2/rgb/col_blue_hi-grad11wht60.png	raster-fallback	0	raster-asset	8bb175087c5c92aa67288c7adb5944f20a6755332c576c0e763e24498ad11e7f	c5488eed4e4be8841fad940d772f7f14a6fcec4658afed8db5d4fae9c4ddfe05		
331	col bin 2/rgb/col_blue_hi-grad12blk-rotCCW.png	raster-fallback	0	raster-asset	f341f71ce7833d656f242339a5c99077e5b2b3780df75eb88f3742236f6e3f2b	da59fe84ea1ed3043282c0d3132f42138271f9456bd06b34b7e7dcc6144d4876		
332	col bin 2/rgb/col_blue_hi-grad12blk-rotCW.png	raster-fallback	0	raster-asset	c5834fcab48d8ae7804fe466327757d6d477ec1a629484d9ccac9235acdbeeb0	ebb97990810c919695d62d30cd2f16e9cf1a54e06e65fdb78825684ddbcbae20		
333	col bin 2/rgb/col_blue_hi-grad12blk.png	raster-fallback	0	raster-asset	b762d24f1a1f2935f36dd946c9a1813c15b80adc8ed42a3214f10bd95abc8daa	5089f069b8c5f2a64d0d31a79f1b8b5e5eba48b718383f29447e6702d3d663eb		
334	col bin 2/rgb/col_blue_hi-grad12blk50-rotCCW.png	raster-fallback	0	raster-asset	cf26714240a4601af0f5d2bfe8cdde078f05de9396e3d3358dbb9d41c851cf9b	e3711619873445cad75bfa6e2251cdd2948904aef466c6f314fa9ab18b6e6cf9		
335	col bin 2/rgb/col_blue_hi-grad12blk50-rotCW.png	raster-fallback	0	raster-asset	35018286c8352027eb26d472955eda0c434eabec832527d2379389cccd3b5947	f0647446eaaa75622c6db0303f1a1f34645e06234df2b5ce1d903119a5c54633		
336	col bin 2/rgb/col_blue_hi-grad12blk50.png	raster-fallback	0	raster-asset	c06335c879569dafeba267649b435ff5d9af4d8ec8ee2832b0f359b0cf3d6f95	ea25b460945682dc9f5600add9285c439685061deaea47134fdc30c463a019da		
337	col bin 2/rgb/col_blue_hi-grad12wht-rotCCW.png	raster-fallback	0	raster-asset	ae13fa8025fc1e0df8ff2859d5ed40e009b852acbc43f5bd0236053d16cd5367	6b846a8c96cbc9ad9eb4834d306cbd6f3db61df77c06d126c6f1b3afd1a716fb		
338	col bin 2/rgb/col_blue_hi-grad12wht-rotCW.png	raster-fallback	0	raster-asset	d488c2059379d1679f5535781fe8c0ce42aa04999061150988c22f869fe5d19f	f2ed734a5acaba16a578a02d949b5b72f0ccbdc1508adb66a20131adf9af2678		
339	col bin 2/rgb/col_blue_hi-grad12wht.png	raster-fallback	0	raster-asset	1edd4c29a1c34e02ba085dc316611666f66445c107452910dace1bff5d975d9f	e27587d8b42507ab7e71df38ca6f5218f2b18104113486e3b0255ba031a291d5		
340	col bin 2/rgb/col_blue_hi-grad13wht-rotCCW.png	raster-fallback	0	raster-asset	d5bac2aca7459a1848bd3614b7e2b4caab86c5974d78acb9f1ffe6e9cd4a1625	5487b09679694c217fa508f1cd7272beacb59ea1eb52193094f4c088bdad6ca3		
341	col bin 2/rgb/col_blue_hi-grad13wht-rotCW.png	raster-fallback	0	raster-asset	69041514acc7d308ad2a9f53b8788efab3a37bba61b924d26a852444165750d0	a0e1b8596c2126cc1aea0f81237c85fa78bfd4ad71b91b17fb0405001b6e0488		
342	col bin 2/rgb/col_blue_hi-grad13wht.png	raster-fallback	0	raster-asset	162a42fde836cc503ba2a9fce0aea2f1ef8457edd932ab23d117129ddec9c7db	0986e5e78a203dff939cd02eb6d25270192499304a1848b5ab3b881a7558598d		
343	col bin 2/rgb/col_blue_hi-grad14blk25.png	raster-fallback	0	raster-asset	191135fe83b1e43d5404a673eade5df44454dd59f24b4cbf050477d50fa0d4aa	af53c04a5ee7eeb3073f7ca3fba88adcd2de012d9eaf31c1add1237034a803e0		
344	col bin 2/rgb/col_blue_hi-grad14blk50.png	raster-fallback	0	raster-asset	f7dd7063547ad2dcc8d5a7b4fbc1f55d662a8342ba32525a4953f951053d0cef	833fd218cb4a3e13e47acc258a26ebe1502b301429d73fe05b7ac69a6cc03da9		
345	col bin 2/rgb/col_blue_hi-grad14wht.png	raster-fallback	0	raster-asset	c6579c57ca204b8666d355ab23063baa302267c8c56f72bc9b7853cae4054912	98577a04335c19509d378199adfd82e431b8651919bf451195fac29659dc6cdd		
346	col bin 2/rgb/col_blue_hi-grad15blk100.png	raster-fallback	0	raster-asset	eb4b0c430689f024cfab538cebd405ef8e25de76b20e9712cd84ee423fcba707	011ef052f3db26a76e1048649d4f3e696c66dfc6339a2978853b06eb595264e4		
347	col bin 2/rgb/col_blue_hi-grad15blk25.png	raster-fallback	0	raster-asset	af97899466bd9ce66890c462339c615bc08d244c585c4c0e664783e6be67932a	ebd8fb3d0adda37790959071f5182ea8727749ae5f2aa1bd8463fb1e41212e98		
348	col bin 2/rgb/col_blue_hi-grad15blk50.png	raster-fallback	0	raster-asset	f5e5bdbf8e0215f115e2bdba2072cefd62db7d0e2c8e5e4fa594d557feb00b9e	6c18c5f5524dc43c18a45803e8eab40db4af05af1159f4a5b36d7aa721b5b238		
349	col bin 2/rgb/col_blue_hi-grad15wht.png	raster-fallback	0	raster-asset	5cd98208d04f382815807881ef8c61254e447dbcd9977b33bf0a41e68b04f91b	1a6fa780cc6f77ef4713136b3cbdc6155f91cb5be79153bfa06ae115352cccf9		
350	col bin 2/rgb/col_blue_hi-grad16blk20.png	raster-fallback	0	raster-asset	2a4e0dbdb8493bc2ea07af79ec2b6eb7a22e9cb07775e8cb81c328fdaa8abcc6	1988f27e46d0d0ac4cff6740c875235ab3e8a311c5671489ddb2a8e84505456e		
351	col bin 2/rgb/col_blue_hi-grad16wht.png	raster-fallback	0	raster-asset	0a32147edede18b159b0d4139be5a92123d32990e2e268e08d37d8986c566fe8	138fac490a820afa198834af80588d20dad1cf8b827b0b812e4f9d0578e29375		
352	col bin 2/rgb/col_blue_hi-grad17blk.png	raster-fallback	0	raster-asset	d60d3281d27c10b598f89ed45610cb18fee452e29b3d0acb616c06c94d73fefb	e0f6c2e892106d11ca476bc7246d3059bba39ed6be1541a4909f59af4665541f		
353	col bin 2/rgb/col_blue_hi-grad17blk50.png	raster-fallback	0	raster-asset	60cefaa43daafdd37e8d5c9e4e6af081b51c47ec1da0e608254348a8889013a2	cf17eac92eb57b6981f610b71b8df832a494b062837cbf7ac4c0006851eecf24		
354	col bin 2/rgb/col_blue_hi-grad17wht.png	raster-fallback	0	raster-asset	4ea2fc2fe7b1dcd36cc812f967d820371d38cbf712a4e21427cb80560c2d7be5	739633ba8b412157021828741f98df4a8462a212bbcc73faae8e3c87bd24d8c6		
355	col bin 2/rgb/col_blue_hi.png	byte-alias	0	byte-alias	c34fb4331b2d031d7c644860b54a678424c66ef12352fc165a91dc09840d98fd	c97dea7122b09cce672648f3cb64495b7820136ce563900bb7358708599acdff	bytes	col/col_blue_hi.png
356	col bin 2/rgb/col_blue_lo-grad00blk100.png	raster-fallback	0	raster-asset	cbe153af8f4c101fa37783bc267ba07a6c73daf9842228e8d3e6f562a60dbc69	84f56ebbb7bd80e9ef2dc6cbc4c970810d4caec91d530ba6cf96bcda0f8112e2		
357	col bin 2/rgb/col_blue_lo-grad00blk25.png	raster-fallback	0	raster-asset	eafefa25df57a34f60d8d1b1e2b6a5550e054d2f4b253612d11d564d7f9760de	9bcef15f9b70907cca8b8fb9d17068c68107d5ee76657610063ce2f2f3988065		
358	col bin 2/rgb/col_blue_lo-grad00wht.png	raster-fallback	0	raster-asset	57c3b7b20c4ed459be72176e6c840bc2c955f7369655a1754883554b2df20ee6	efd19f032fb720479998350f4f225da9552e7d1e6ed3eae2efad8f7eec72f868		
359	col bin 2/rgb/col_blue_lo-grad01blk100.png	raster-fallback	0	raster-asset	bbf85330b9e614ec90a8d37f0f27760a995aeddb10027155c8b46d9c104fc679	3e054c707513ddc09f25b19323a8e87d98ef540abbfc27ef73c8e331aa977721		
360	col bin 2/rgb/col_blue_lo-grad01blk25.png	raster-fallback	0	raster-asset	f6f01326958c1e2de3717ccdc9860afc610ecb6769374b878286ff714f9e5f8a	560fb6ab933650d07e30abc046cd4538edfb19d1ae22e186f24bba950696c887		
361	col bin 2/rgb/col_blue_lo-grad01wht.png	raster-fallback	0	raster-asset	690a80c5fa573ccb2a74a37e56ec6839f9fb8302b2ceafd946137aaf05866352	9a235d85a2132b17b31c5172e6b1ee33fa78e32005a23d957a3280e9fde62e3d		
362	col bin 2/rgb/col_blue_lo-grad02blk100.png	raster-fallback	0	raster-asset	76b6c9f5cc2c05f8c67fe6b273fbca74a811b32819d2b5f04ae8e38beea03296	f05eb1e96d063353146f87d2be1bac70a556232721e3169161b5f9e95fc9d110		
363	col bin 2/rgb/col_blue_lo-grad02blk50.png	raster-fallback	0	raster-asset	0f0a7a1b2323dc120630b944465163dceaab1f814bd47238d892698d99dfb145	2b8ef0ac8a361f7b31dc105405af64f9e3a62d221a97ee66ef95aea55286613b		
364	col bin 2/rgb/col_blue_lo-grad02wht.png	raster-fallback	0	raster-asset	8397c38d801c428ad515aafb8cb4d566cf458b34f36a0628756ecd42637f9b81	3ed986e1e2785cb6c63cb9fcb67066213236ef8dbbb53d2284d8bf3cadbcec71		
365	col bin 2/rgb/col_blue_lo-grad03blk100.png	raster-fallback	0	raster-asset	25fcb218b9f4a7de13b00a019541a84036eaa70985ec62eec80c0eca1eee268d	ae5b975943883cc7d02981efadaa868ed2f4818ba5635729d6a7d50df9f4419b		
366	col bin 2/rgb/col_blue_lo-grad03blk25.png	raster-fallback	0	raster-asset	56abe625e94872b9cec2a5c0b00954d31581ec4d17d8411ef65b739577b6d064	3b8f799e6ca31ad9afe9fb0605c72c3d78d4350fd7edd28761fa9cc91cdb274c		
367	col bin 2/rgb/col_blue_lo-grad03blk50.png	raster-fallback	0	raster-asset	f1f936ebe73cf11d14b69339f2d3c6b57ecb07564beb07c231be042f4222d4b2	ef4f7780d7789deb6a42950f1002aae1953083e2905a291bdf57571ac23dfc89		
368	col bin 2/rgb/col_blue_lo-grad03wht100.png	raster-fallback	0	raster-asset	3becf7ca04cec1f9011ec97177e835a17ef0e72d7a3c47a9096249852620ffac	10dd7f44ceeb9b460f285c1d6614225ec75901facbb42634414a48848aa69df7		
369	col bin 2/rgb/col_blue_lo-grad04blk100.png	raster-fallback	0	raster-asset	a4efdc919be169d6e1348f4639a56dde1683aabd3b8a5f8ff7221ca3ba0bb931	2c269327563506a559f2007fa59ff3e68b689e98651a1517993164e688b55c7c		
370	col bin 2/rgb/col_blue_lo-grad04blk50.png	raster-fallback	0	raster-asset	e1c0d3419d1412f12130e7357e437e6f03fc8bf4890639d9500cb88d20c975a9	faba20a465223c4d75b2dfcce12745e1f6179bd06b73b8117315773c2d7996aa		
371	col bin 2/rgb/col_blue_lo-grad04wht.png	raster-fallback	0	raster-asset	70b209adda898bc87f4c4e724ddfee6e4c49e2bfc9bcc56b4512592d8e7af4c7	e958fcd3173d9605e2e0b8602b81cf33fd5ce52b55281eddb0a4461269e600b1		
372	col bin 2/rgb/col_blue_lo-grad05blk100.png	raster-fallback	0	raster-asset	2fc05384a94b86edf8b909d14bb251effffc99f7c209cec0c150a2ddea38def6	8ac44a630f75c237e045a7ebfb545bd3c8d0136bef4837dbf36a3ba41c51cafe		
373	col bin 2/rgb/col_blue_lo-grad05blk50.png	raster-fallback	0	raster-asset	4d5e9bf1737eefc85eb3a3aef18d1de69ace3c839e21e5c557e7d81c4139545c	ce35d755dd83bfb5c2e295928372ce0348825a3e222a68648ad5d086d076daf5		
374	col bin 2/rgb/col_blue_lo-grad05wht50.png	raster-fallback	0	raster-asset	efa2b91e7668f5cef399c54e3c4dbac40795f3cd4399784e35a98adf98980016	7aed43bd365351a38ee787942f59e3cf7ead660ba5825bf9a8a8f92f2f8213c7		
375	col bin 2/rgb/col_blue_lo-grad06blk40.png	raster-fallback	0	raster-asset	33932e059edba2828f80d7de0b861b517ad86e0984822aebfaa5000fe08b5fd5	8c554830d97583e57d5643564311ded2363b21c9102da7508a79b386c6eb065a		
376	col bin 2/rgb/col_blue_lo-grad07blk40-rotCCW.png	raster-fallback	0	raster-asset	b590ce1ff22f74bdf4c090e02573dc22a508e880449608bf147d92f0305cf84e	7a3931f66d4f7e59ff9d49174c9c1687882baf8fc686f30fe293a72c4ddaf4f9		
377	col bin 2/rgb/col_blue_lo-grad07blk40.png	raster-fallback	0	raster-asset	b4c364d836e725faba2d745a9c3443041c245296564ef0df3fcee6f3aee65f4e	d908200847a20f559ac52c3d8b93f068c9b35d366d523c70d73ffcea84017f7c		
378	col bin 2/rgb/col_blue_lo-grad07wht-rotCCW.png	raster-fallback	0	raster-asset	b2ab055053d4b637765a0c47371fbea849f44e319468341163ccc0ac052a20b9	e542c0002a26c6742bc6ab5e0bd93b7eaa91afad0f5c1e8e52a0162d8c3eaf9f		
379	col bin 2/rgb/col_blue_lo-grad07wht.png	raster-fallback	0	raster-asset	555ef80d0b312c4fc5009124a1f58107638de83a5255c2b13e4ac0990c9cd95f	f6eeb6812695b8cca1cebff2a8e3988f9423392cb172960cfe833e9ab94bf1a1		
380	col bin 2/rgb/col_blue_lo-grad08blk-rotCCW.png	raster-fallback	0	raster-asset	a26ec33c8ea2f7420a7941f9c219f57c40963d3cbddc7b77010e3e3e442bfb3b	a3c9865b1b5681e8e3991dffbb9f180a32c08754bd0cfd23800499417b83b258		
381	col bin 2/rgb/col_blue_lo-grad08blk.png	raster-fallback	0	raster-asset	c0de48d2e4b2f60c9fd854ba874b9785345dbf144007fc18ab065f0c5f3eedad	234fa44602bcc379c3ea6b233223586a394ee7779ce72108c322a149caa7b343		
382	col bin 2/rgb/col_blue_lo-grad08blk50-rotCCW.png	raster-fallback	0	raster-asset	abd7fe83c6fe2255e4a4c82b655b4ce5fb1efec8a3b6c88a5769e0a9b5198f6e	4910ee78e4d22db3619416fac46e291ac24397ec082d1f991f0f1cac293d9819		
383	col bin 2/rgb/col_blue_lo-grad08blk50.png	raster-fallback	0	raster-asset	f205ccb92d923ac912e10148074fc2ca4bd1808f494778c39c99226bdcfa1983	b5f4723b98b990f8041c48006755c5446e47ee911156fbb948816c35a1339096		
384	col bin 2/rgb/col_blue_lo-grad08wht100-rotCCW.png	raster-fallback	0	raster-asset	bc02d1960b8b9e76c264456558105899fc0d6e872c039b071b80c99f61054d0f	c7afa4b356a66395e7ec5b13157401c239a53c42285cebfbbedcbdd9e23908f8		
385	col bin 2/rgb/col_blue_lo-grad08wht100.png	raster-fallback	0	raster-asset	0d6e09a47fee5efbe0c93f251bc1a23e78ff851f5fccd7644a3e0702fe4ceecb	dc3ee2f15e873eff8e2c7baa00b6039f0c546e5eb8d281ae650397272bc89946		
386	col bin 2/rgb/col_blue_lo-grad09blk-rotCCW.png	raster-fallback	0	raster-asset	4074de6021f1217e17f42b20c4192696e9f43ac0753c54c94b95099694cc2697	fb37dee432cf23f4d3b048aecc0c5caf477a287827d7b173b9509abc51a910bf		
387	col bin 2/rgb/col_blue_lo-grad09blk.png	raster-fallback	0	raster-asset	fbedcea3c60ae71763e5650a84cd36678a8cd6b659ffb87df4f2e6e8ee2c0fb3	c0a575d4c45e470bc853e4a658f7e879556b36ad9c0e01240bc6ebd1c863c3cc		
388	col bin 2/rgb/col_blue_lo-grad09wht-rotCCW.png	raster-fallback	0	raster-asset	b46595ef8939c67fb380a097887ad61d0830d9253e76bd704529530c24e1e7fe	65b16cfa75baa7a93caad990e3fae4b18d539dd288bfead514d6f0659d030b65		
389	col bin 2/rgb/col_blue_lo-grad09wht.png	raster-fallback	0	raster-asset	8767b427ffc707176b8467f5e311683ee745159a185dcf095b5d9cc3ef85b527	4c89c3d4fe094dba92f34e6091a25d7de850488fe6ed5a7ad498ea1449dc643c		
390	col bin 2/rgb/col_blue_lo-grad10blk-rotCCW.png	raster-fallback	0	raster-asset	f03bf6b64c2bb2e4aa6c55f2b7233745505340bb4ebdd0acef7bfcc5c6bed407	bc8106ab5e0b5d75358af62934301137358aa5166022ab3d212cc638bddcf709		
391	col bin 2/rgb/col_blue_lo-grad10blk-rotCW.png	raster-fallback	0	raster-asset	b7ebc696973b9de5dcb70be1d6a20f501a2122416ee50d6a1acb0f427d038bd5	cd2693ff372d94dc839983479498c5f14e015dfa2b054d755f8df41ae4de4f37		
392	col bin 2/rgb/col_blue_lo-grad10blk.png	raster-fallback	0	raster-asset	e9c952f098346c217ba512ae803ab6f2eff5b8a80363cf1698350c5d3bfdbac1	19ee20a15805986b9f423c881dbb32d7bee30bd921ac78fabbfd7226912c0d49		
393	col bin 2/rgb/col_blue_lo-grad10blk50-rotCCW.png	raster-fallback	0	raster-asset	dc09eab37392bcd9a83a72622dab087e956653cbc9fd2b6251304983e82c3966	5cd1fdb0505f20b8d1bac87ff01556c01193d369626913ba37e4314bc33772dc		
394	col bin 2/rgb/col_blue_lo-grad10blk50-rotCW.png	raster-fallback	0	raster-asset	d7e18d8dab5dc921de64cc93fbba99f689c1572f649c19b671e7d95ce58faed5	f4ec6ac883b79c3bd83190bc67c6a5a3496d1d213f6996b837cc0929e578f979		
395	col bin 2/rgb/col_blue_lo-grad10blk50.png	raster-fallback	0	raster-asset	cb3195255fdbc27a1944be51656a9ce197a07b239a81377682f7b1f18a28b24b	02f08047b51f63f2926ad277c72b92131008253148762ca9aaadc033804ba6e2		
396	col bin 2/rgb/col_blue_lo-grad10wht100-rotCCW.png	raster-fallback	0	raster-asset	ee042871f630f9f92ff6b31e5fd8418cbeeb42be2bf22e15a1a1016b15f04818	793d54be46c8e86813d1d255626e5eab0d425e85a9dd983f3636c4cd674d855b		
397	col bin 2/rgb/col_blue_lo-grad10wht100-rotCW.png	raster-fallback	0	raster-asset	8fd31a2134b89de651ae850794157ba64ef1e1f6a5e04de55339da8a35a6a11e	d5338aaf4008761de7afe227fae02614f6e5cd76ebe174936a81ce6cf1a27a1d		
398	col bin 2/rgb/col_blue_lo-grad10wht100.png	raster-fallback	0	raster-asset	7e6d5f5dfd54ada4521faf8e4f258b5ed8774f54c40b22960d1d53af979ab234	3a105537b5378bb7d06ae309c4e23bbf0968fca83e52234658095361c71a6b2f		
399	col bin 2/rgb/col_blue_lo-grad10wht70-rotCCW.png	raster-fallback	0	raster-asset	e5b42adb22e63b36b40bc55ef79d2c79403b4724b02df8c130f1fa7ce79d2073	82b04835ad9ed5c84f351e864c892c0c021c06c0b852c0434902ef0e8be571fa		
400	col bin 2/rgb/col_blue_lo-grad10wht70-rotCW.png	raster-fallback	0	raster-asset	c580be7a16269e32de46c034112654d17240ff3660d1627d3def87ff50ede410	bedc9d9ce9bc9a4b5af92f95069e3903c4d62d1788f00280e4e098f48cd216c6		
401	col bin 2/rgb/col_blue_lo-grad10wht70.png	raster-fallback	0	raster-asset	302d464fbe878bdac3bb3afb067ed961ce8c12d91a35a2024093b218b465406f	db8452f980e1b27e761de07caef23c797ce73660941eccf2cc1c74ea8aeb0128		
402	col bin 2/rgb/col_blue_lo-grad11blk-rotCCW.png	raster-fallback	0	raster-asset	1a78ee148061992c3ecd46527a1179cd38880b2fca51058f3fc834a816e28201	c2d2775777b802dfb9afbe719c5bb33c5abca3adbc3597bd9a616ff7ec633b92		
403	col bin 2/rgb/col_blue_lo-grad11blk-rotCW.png	raster-fallback	0	raster-asset	6b4fdaa4cd7175048ec19c225ee2ed58c12bbf3ba8bfd228351dbddcf28a70db	50082512441d2ca4e49ab3bd166608d52b0d305b318e5133f9473b41cf792a01		
404	col bin 2/rgb/col_blue_lo-grad11blk.png	raster-fallback	0	raster-asset	339e620244370ed2e67226082f8db670cf476ce70704062afbe555440b877282	becf53dbb167df0159741d2b23a47e110a038c634dbe1ba91aa3d82f3aa1c812		
405	col bin 2/rgb/col_blue_lo-grad11wht-rotCCW.png	raster-fallback	0	raster-asset	7fdfd26f61c90bd5bfdc799808cbf929e342123d34347dd4ca86881032b24efc	368f3a79b80699e8caa4448ce2ca26c0bafb7aab35d9f5c6d6009b9ac469896d		
406	col bin 2/rgb/col_blue_lo-grad11wht-rotCW.png	raster-fallback	0	raster-asset	7720738a09581f67a9c47e5dcf1df7e10759da3ca33b8f6ba6feefbe11a3bd32	e77a077ec37f14af9c1c28a1d1d9d91ba0c5542000a7375a632f9e9fc7b101b4		
407	col bin 2/rgb/col_blue_lo-grad11wht.png	raster-fallback	0	raster-asset	ee1dc08e3fddf7940be1857e135fe1dcf41de7ab6d76db77736e49f9c8123242	ecc31f4a78a37fe466c14b94b618f0cb5f5cf7a70e6dc8223a07460108dc0648		
408	col bin 2/rgb/col_blue_lo-grad11wht60-rotCCW.png	raster-fallback	0	raster-asset	85963e81c30c92852aa6a4ec09294f63bec377ca229190db1440507c2033a611	7281eee6290e0559d7e15d578a8870fabecb769fa97a0cb1310890860d2c52e2		
409	col bin 2/rgb/col_blue_lo-grad11wht60-rotCW.png	raster-fallback	0	raster-asset	c85fd9304866024d726894f3ea17595d149b643f7b8719905ae83a032d21ec60	84f2b6ce6f6d0f7618b888d57160490233c5cdbcdf288be1e24dbe1e20b2f79b		
410	col bin 2/rgb/col_blue_lo-grad11wht60.png	raster-fallback	0	raster-asset	e0c0055c820b0e9aa0d8366f132be115d106ceb94a2578eb691c4a8bcba02099	831f08b43e8c2d97e0e39a76f881428a750022b66be4774ced26a6b232bcd6d5		
411	col bin 2/rgb/col_blue_lo-grad12blk-rotCCW.png	raster-fallback	0	raster-asset	7351461f39f9abbf1ea733e76cd82a6d619c001a42f93decc9155c63f3179931	f8a293a67930274af737732b478800c0aecfdd5284f76cfd68d9c90da97ec3ef		
412	col bin 2/rgb/col_blue_lo-grad12blk-rotCW.png	raster-fallback	0	raster-asset	dcc35104619e2af668a8aac1902f722661be86f52cc6a8c8885bf7e860742580	981ffa9072f6fda359cc7e674c35d92dc1157127125f2c23dd656b25422d0a5b		
413	col bin 2/rgb/col_blue_lo-grad12blk.png	raster-fallback	0	raster-asset	e20e1fd761520c03af4fed4cadc8bcc0fdc71770c3a84ce53ca9385e6cb495b0	9ea75306f1e7ea5ca467dd017db2ab1fda164217aac351cd987507d289f4e49f		
414	col bin 2/rgb/col_blue_lo-grad12blk50-rotCCW.png	raster-fallback	0	raster-asset	6ea552312db499a38ca0537cb5a4096fb2ee244187e2a86dd30be6236dd5acb0	5553b99cd9d258f1b8a7e71be947e7e40f9f998f00e5d8c9db999bb46d47bcda		
415	col bin 2/rgb/col_blue_lo-grad12blk50-rotCW.png	raster-fallback	0	raster-asset	7a7025ab0b2490d357c6b9eabcb8c94ace40aa51f40d90b1bed209ba7fcdb12c	08654fd94e918a00ba838afce1f06c6feb9d60d99171b31178321282e5bae4cf		
416	col bin 2/rgb/col_blue_lo-grad12blk50.png	raster-fallback	0	raster-asset	07e6479fbbf93e29bedae2f6a55e792bf44a35ff60305d6a065d76cbe725ce3d	4217f16217b37b986282ab3127ffa66ea374b4986cdd2150877e4def8065994f		
417	col bin 2/rgb/col_blue_lo-grad12wht-rotCCW.png	raster-fallback	0	raster-asset	5c787a4813721ec02bf5f3ada19203c8aa1ec297b1aeb4841ba5e315d6475c9b	099c845e853490358bb742fdafa42a86f52bc6a348d66b510705a67c2eb7d11c		
418	col bin 2/rgb/col_blue_lo-grad12wht-rotCW.png	raster-fallback	0	raster-asset	59f1c5d958364dae2c497ccde35e938e69540b8251a203fc4830949d17a81069	58ccd33884c1d30639a0972aa33ee969b3013592a3dcb14fc64a3515749e39b2		
419	col bin 2/rgb/col_blue_lo-grad12wht.png	raster-fallback	0	raster-asset	544d0dc022249a6b8bc6c0cda94e0a82b0d1d18ad37f4bdb95b3689cc95c5134	82cbfe6b0fdbe977a74f164bb7068ad14702b34d0cf582135c6ab47e9de3a218		
420	col bin 2/rgb/col_blue_lo-grad13wht-rotCCW.png	raster-fallback	0	raster-asset	39784b5daa696ad49026b1b2b9d893bc2e2b5339d0f064710576c7d0efa86c0e	054e4389dd7bf5c75f145bc676d176a4c9f41833dc98223b34ed4ae7b59a91e7		
421	col bin 2/rgb/col_blue_lo-grad13wht-rotCW.png	raster-fallback	0	raster-asset	149699ce22b988ddd1863dc91fec30c2f9855c3b96e325c5f2616b053c53b873	f03ea00f448b56cfa089920458e23f503342b1244b6754f49275541e88e651e7		
422	col bin 2/rgb/col_blue_lo-grad13wht.png	raster-fallback	0	raster-asset	ee59cae0843f4ba10a9b6427615977decf4913b1f8aa7ea7a07b5f4011d4cd19	36704628954d09cb78c8644a374e9ff7478997da0792d57b722652556935cce9		
423	col bin 2/rgb/col_blue_lo-grad14blk25.png	raster-fallback	0	raster-asset	d8fc7c9d6818a540475847f49b823c559cf222f8cf316dfe57b60f5dbda5f6e2	f1f950d7271461942e46d84d71d60db5b11fd3cc32c108c9e54837ddce8da9a4		
424	col bin 2/rgb/col_blue_lo-grad14blk50.png	raster-fallback	0	raster-asset	462bf3a0b3d1074d1917e29cad3b0ad6aeb912f15e3b21da1b70e0d7d92fe3c4	ead401138d0c4438243df0af669bd19f426f776beac79b58f6c8dc6f091d889b		
425	col bin 2/rgb/col_blue_lo-grad14wht.png	raster-fallback	0	raster-asset	f59de688f080a70fb9dfc4b35e88a403b7b459e8c3c9df6f3f792c592406fef2	f34e4fabded6039937037f99c93defb648949101919802d0f158348965779dd1		
426	col bin 2/rgb/col_blue_lo-grad15blk100.png	raster-fallback	0	raster-asset	b9ed3d3864677d59bf45220782c17c7b3e3f556a38910ac41f69115cbc05d733	77535304af1f39cef737f16f309d972b5e100043fc04ef9e21e437a9628ebcad		
427	col bin 2/rgb/col_blue_lo-grad15blk25.png	raster-fallback	0	raster-asset	96f4243a9c6daa5d42596add465cc73269c25ca397121f33b5dec86dc238052f	19373fb85a6e4a808479a709b2019f58f2d18e08ee3cbce152b7981ba00dc0d6		
428	col bin 2/rgb/col_blue_lo-grad15blk50.png	raster-fallback	0	raster-asset	8abf6c8649fcc06bb4f33b0801daff0e0ae901a7ae542188b390eb24a692daf4	8eaf3f7bb12d6abea633d0b5b6426dcbc5f8c805826cb98135989332046faaf0		
429	col bin 2/rgb/col_blue_lo-grad15wht.png	raster-fallback	0	raster-asset	190df575e025b7fd1ec189bfe847db919fffa91f119138469cf86ed8e6d8d694	a6709d35c441b1af9e608b99067ce2ac0fbb0c4e9bcc3f6cb00c841d3c424b7e		
430	col bin 2/rgb/col_blue_lo-grad16blk20.png	raster-fallback	0	raster-asset	f7c3b05d2c8c0d02eccf1812736f5802cea6072f033bb1ea64c52aa7b98a1fe3	c1895d1e04ed06ebf64f61aeb45dd3e10eaae2fa8abd504ea0cfe60364ef61de		
431	col bin 2/rgb/col_blue_lo-grad16wht.png	raster-fallback	0	raster-asset	46feeb625fff2e718fceeb5746f46bd1abf779d670bd8669245b0df5411a9a7c	32deaca18aa1435df2b259bf2a07b5bbefe703a35a8336c5f94c1173731a6b7e		
432	col bin 2/rgb/col_blue_lo-grad17blk.png	raster-fallback	0	raster-asset	2e2950377559bcb959b8cfcd29301848a786cfa68a161ea28c5946aab613c3a7	2d54054d0281473f018eab4d5eb71d7aa9b07f8d46dd108e830a36b39701b560		
433	col bin 2/rgb/col_blue_lo-grad17blk50.png	raster-fallback	0	raster-asset	cb3ca3b27e885b84bdd6f845c40fffd7b0e36782257bf37486d856cffe42235e	b66884d0937ac986000778496aac743273cd2a4910fd949bb2501b98bc8efb65		
434	col bin 2/rgb/col_blue_lo-grad17wht.png	raster-fallback	0	raster-asset	c910ec7c7cbd49a0ba0c3dc76ea43aee42946d641fdeae831363d7c62810a809	9709824ef3993e50199a5ac16d7179d9247f13bf20891a3edf2c825ece9d9147		
435	col bin 2/rgb/col_blue_lo.png	byte-alias	0	byte-alias	b2e50d5d7f3e1936da75a863f0c00e2e5b665550b4b26b298052e843d2dbb640	07c330fbac8c020e9cd79781e2145a34fc1227812bde0b6fec51c58bb9607bff	bytes	col/col_blue_lo.png
436	col bin 2/rgb/col_cyan_hi-grad00blk100.png	raster-fallback	0	raster-asset	a81ee82665f382842d46c872e68584dc162e1a1d230766fa09808b022ef98829	b9301408ea117402b9de0c3c21ad14bbd12e06e92adbb7e3907b1b46f231a1f5		
437	col bin 2/rgb/col_cyan_hi-grad00blk25.png	raster-fallback	0	raster-asset	a7100bb49a58577660de06fa6b4cc4fcb560dfcde30ecc8779210c03faa284af	a390da910c14a502c940a2359416e3479aaa15ed0827c2f4ed425dc2ff7516a4		
438	col bin 2/rgb/col_cyan_hi-grad00wht.png	raster-fallback	0	raster-asset	ea979cb27ead65af17e8f81e932d7fbe3ab14a91223ae02e4dadd35199ba8e05	9534ed5844282412cf058ece02d937ed04bf5d5514c9e0fa23e586c10d6ada5a		
439	col bin 2/rgb/col_cyan_hi-grad01blk100.png	raster-fallback	0	raster-asset	1cd33b9bf3afc037b58c4dc182ec333c364d63eb836a74819c1c12832ab8b68d	2766831ce933151e40d8f6be8c2f09dc02fd07d4cc72abf36201862ed586bf2e		
440	col bin 2/rgb/col_cyan_hi-grad01blk25.png	raster-fallback	0	raster-asset	8039a2e07ca5f00843a4f1f9a81a3f9baa781ff733620e8adccd9a1e699f4fe0	2b23b3cb9da93881443aa18c92aad19454845f9861fc5ee9eba3c9f0dcd7fe6d		
441	col bin 2/rgb/col_cyan_hi-grad01wht.png	raster-fallback	0	raster-asset	cb4b7e4256e4c789d63ae395ca4042a9b973a19a7b033d1be445f9954d5114e4	3de52937503680f040c8bafb18e3b77e541ddbbfec1c8e500eb954acea8620a1		
442	col bin 2/rgb/col_cyan_hi-grad02blk100.png	raster-fallback	0	raster-asset	52298e6d51f970918e731d0e3d4bb33961c67f73cc2d777df119421a3cb24948	a7205f314012af851473c2f6b61f79fd0ba959327e7c029f84602360d2443155		
443	col bin 2/rgb/col_cyan_hi-grad02blk50.png	raster-fallback	0	raster-asset	a956b3fdbaa4890ea3f7e510801eb3d677adb523efc647d2076f9e58b782adb6	c34c1ceb1b3da9722526ad34f71909bf72ce0a983d67f5b4521b2e6fa84b00db		
444	col bin 2/rgb/col_cyan_hi-grad02wht.png	raster-fallback	0	raster-asset	fa2912adc1df0f83dd0ce936fe063e2093888656ae38955c3945647546dcaf64	21f2302fa1a71b553be64e6b50111a2080bde6a33c650bd72b5ee61ba1ab720b		
445	col bin 2/rgb/col_cyan_hi-grad03blk100.png	raster-fallback	0	raster-asset	bc8d6700bb12f0c3fbc6154a02648041871a2c74b8f850bb260f81136ecf99df	9a9aae77577583fd878953d0c700df3ab1bfcf7fd32521e742aa9ca5f7cc9156		
446	col bin 2/rgb/col_cyan_hi-grad03blk25.png	raster-fallback	0	raster-asset	82fe81b8ff32f7a05d5d26bd435011ab170e40e4ee54656faddfafe4f18cd044	ad81c4fc4805cb92f00daf732fd31f0afa3feaa21a97c7317b268bc89dd4e690		
447	col bin 2/rgb/col_cyan_hi-grad03blk50.png	raster-fallback	0	raster-asset	340558dbd945aeea927facc93e6e807f4b81953bef32dfe4cd09d74100f5d447	1dc02b7c6c32d1ae88ef43b5a9d3c2a875a4934a502a769525b7bfcf01ca575e		
448	col bin 2/rgb/col_cyan_hi-grad03wht100.png	raster-fallback	0	raster-asset	ead0faa018195a75291f9a0584eda4936ab2bbfbca2c925cd87448c67f9b3e3e	4a85aa1bd40beea9cea2de808d284fb4475aa07399859ff13bed35288e4d4535		
449	col bin 2/rgb/col_cyan_hi-grad04blk100.png	raster-fallback	0	raster-asset	83119a605dd1e076e870fc1140712047987d00439d2c3ee0e14d854d3bf30268	edb4746388fd1b16cba1f9881f9a3e11f2e3bccf7dbcc95be3d70a511d9ce4f2		
450	col bin 2/rgb/col_cyan_hi-grad04blk50.png	raster-fallback	0	raster-asset	3db57c33873f5f20767c8c9760b3da2f37691766c11bcd75d58c661663a833b0	7a6762faafefd6993efa740c82e973ad828ca4ff3ae52434be924b6a39f3bb64		
451	col bin 2/rgb/col_cyan_hi-grad04wht.png	raster-fallback	0	raster-asset	f83c7f415cdf416540a6cc0358b6913b43908dfff099410992b0b81ca01a226a	e1e08857055de7d6543eb09aa336cd4d9b88e1df51f1f4cc78208ed856ad9805		
452	col bin 2/rgb/col_cyan_hi-grad05blk100.png	raster-fallback	0	raster-asset	af38900251dfb383de54bf9b6411200d8c408ed70c004caab36b2a06a8334d5f	2679abefb37515fd231c1a7b1c0541262e4bd57ca8eee23e138afae67884b429		
453	col bin 2/rgb/col_cyan_hi-grad05blk50.png	raster-fallback	0	raster-asset	53bc17ec7f43576b7b107d73f76603c2c6f49061845f1efd1513f25b875ac437	0aff7232d8370cf3f36a556ebf17c2ce51d25f17bf0c838772cd055cad90ff86		
454	col bin 2/rgb/col_cyan_hi-grad05wht50.png	raster-fallback	0	raster-asset	6f6391e84760dbfca5d5cdeb440b3b2213947fa9f72aa663226fbdb515263994	388d64ee32a0a8900ee24b506da5a59c34676c80366bc0a3705c6a3a20964a31		
455	col bin 2/rgb/col_cyan_hi-grad06blk40.png	raster-fallback	0	raster-asset	0a707053057e7c0ae1db37e121d2c804d8366e093b921e5dafd30b9c6ff52abd	00e7fdea95aca97a9c00720f730c18aa0ba46d491aad9316383257d7153b7bd8		
456	col bin 2/rgb/col_cyan_hi-grad07blk40-rotCCW.png	raster-fallback	0	raster-asset	8090d3d7a0cabf71d7308e2e1e260a7bf8b135ce0a9a1a2def7d62f542631dfc	f82804ecebd82897396b9f25888fc2c004b02fd60be5381a850b0a0a6f583bf3		
457	col bin 2/rgb/col_cyan_hi-grad07blk40.png	raster-fallback	0	raster-asset	dd6ffcf08ac84bf56011b6dbab0b781ff3ad8fa9088efa9f90672bf6a1313cc1	78c40756435bf2cf3d70eb469a4d39df4c76edb0fc83b7d96978ce58753184eb		
458	col bin 2/rgb/col_cyan_hi-grad07wht-rotCCW.png	raster-fallback	0	raster-asset	0a120deb7d4d43e94776b8178390109816921dfb04df54a4340a2de27e6fb09c	0068e928423f249ebafecefb38d823a7ba2eba7f68468ec78f2ba24fdccf7d71		
459	col bin 2/rgb/col_cyan_hi-grad07wht.png	raster-fallback	0	raster-asset	4b9b9abf4c8f24d24f4cedd3403142ae66ded63db93ca89e6b588429be282669	2dd152529bcb4df7b4877a935865ec56334909a2688b2b8495e0dd494866607f		
460	col bin 2/rgb/col_cyan_hi-grad08blk-rotCCW.png	raster-fallback	0	raster-asset	dbf30738905b935e9a87ece2ac90e17d6a80185a66d8a05318749f1f536b9671	69d22a5277b23c8a4a4be905b342cab5ceeb7212739f61e5dff42660ca2617f2		
461	col bin 2/rgb/col_cyan_hi-grad08blk.png	raster-fallback	0	raster-asset	e6effc581a4871337081b88ae3c2fe4faafa6e0e65506a6f767bbdacd7eca614	6577aab560464c10e4204b73a2b97cdc4ee816c8201a043315f5899978be86a5		
462	col bin 2/rgb/col_cyan_hi-grad08blk50-rotCCW.png	raster-fallback	0	raster-asset	46341d5ddbadb3249d10ae5bcceb13aa42c30df2572716b81ef3c18a39519fce	33ed1bd584e493aba2680e0996fc08423fb6f1932b26ac257ba9aa2a04d1fe51		
463	col bin 2/rgb/col_cyan_hi-grad08blk50.png	raster-fallback	0	raster-asset	2887d81a81143d29fb50cfb20c82233bd1cc5bfa5b9ed0f54fb78a240bbb92d3	3613d5805f274d7878f3ea6a41f6cc209cba55ac59f278cc3d32056396531179		
464	col bin 2/rgb/col_cyan_hi-grad08wht100-rotCCW.png	raster-fallback	0	raster-asset	1fa60ed6a99da5f4678c96d648bd3e6301a816da22165f078c60d7b9bb3bdcdd	be19f3aadbaff37ba204894b32875fc626d3601ba28cbd33acc808d46de7b2f2		
465	col bin 2/rgb/col_cyan_hi-grad08wht100.png	raster-fallback	0	raster-asset	e5bbb8df3e37c64d4bed0a2b364d8be3f62fa814d6fa4b781b09e9a8f1ec2256	db4cc8e384b0bbe49cf9eefd8f3f97c922a7f8181bf877239a652c6609668742		
466	col bin 2/rgb/col_cyan_hi-grad09blk-rotCCW.png	raster-fallback	0	raster-asset	ea4587ce0389d72c9e389da5d92e1f0938f05a9b696615ef360cbb1cd5a58985	0d47c05c9fabfa5ada6c92e22831bc96822532772e5f05df91ccdfbd93e6d013		
467	col bin 2/rgb/col_cyan_hi-grad09blk.png	raster-fallback	0	raster-asset	65f9ca26a9e5a511eb2b81889606e6705ebad1caeb16c136ce39062c3f0c2584	c6a69568467bf8a10c41c62f497614c34e5f4182aae3ff9356854ac8717a0225		
468	col bin 2/rgb/col_cyan_hi-grad09wht-rotCCW.png	raster-fallback	0	raster-asset	aa349452db800429bed243e84d1dd1ec5bffc1e4f27ac038546f86386eef75f8	cd8bd23b613d077f97b3f752383a46ee62f663048edf16883e7abb24bdfc0965		
469	col bin 2/rgb/col_cyan_hi-grad09wht.png	raster-fallback	0	raster-asset	c6737d854b7cc4acb6672b1168b0051681f3c250c8fd91f7b7fea802154e143f	0ee63656c735e67f35b829798059bf5a17db1423e3e50771fdb1efd722dff871		
470	col bin 2/rgb/col_cyan_hi-grad10blk-rotCCW.png	raster-fallback	0	raster-asset	fff6080c57a43e604b63cd34234ed3d4a6f524c8d0764e96928e11fcc3292ad0	5f72e8ca08d05170426e175150d1c5e5985a14afef0608d21811c4ea8a82c93e		
471	col bin 2/rgb/col_cyan_hi-grad10blk-rotCW.png	raster-fallback	0	raster-asset	d5b5fd795637f52d21227aa3269115b8ea1cf2cad21a933f937002bf44548f9d	ed790db8f23ca40c2239ffe7a7b76aa36e0b70bb9e9f576e2e125257f010e0df		
472	col bin 2/rgb/col_cyan_hi-grad10blk.png	raster-fallback	0	raster-asset	1f7bcacc07e5a72a049e315e3a4895f1fc6a8d143c277cd56f2e06bcdefca7d0	d5dbedef3184f72b68c685d107234e426ea0da75877f0771e5861ea8f1bc162b		
473	col bin 2/rgb/col_cyan_hi-grad10blk50-rotCCW.png	raster-fallback	0	raster-asset	7fb9fde5ac6d3f5fc5b578bcbac048ab873c5f66a97b617504c4d181116ce644	13331e2ab00249e22170ff1d981986bc7953941a3b81961947c53768d9eff85e		
474	col bin 2/rgb/col_cyan_hi-grad10blk50-rotCW.png	raster-fallback	0	raster-asset	c99c409a94a0123d1132b0066c6d77ca9879e679ab97cf35fddb32e0e8c8fccd	77fb113a92acc2c3ac78b5a4df45869b0022e969072d8555efb2520d366bfa27		
475	col bin 2/rgb/col_cyan_hi-grad10blk50.png	raster-fallback	0	raster-asset	42a61ca3bd39edb96024412fe23885ebff986f5a649460d1c7c43f8c631507b1	e92fc5807d2916e63380b2aae26f122df45d40616fbe572986bdfa106700511d		
476	col bin 2/rgb/col_cyan_hi-grad10wht100-rotCCW.png	raster-fallback	0	raster-asset	3c15dc74725aefc26883763e6e480447da5edd2b82817943d37f5af90a30dfb1	504ace44770bb8f86f4531360b75762dfe9160ccba0fde60d475df7b74f6496c		
477	col bin 2/rgb/col_cyan_hi-grad10wht100-rotCW.png	raster-fallback	0	raster-asset	f95debcc5f49a40a54905aa5b77d5c8a6b35c1da83db8922449e77d02fe0cd4e	a62403e7261ff8b49adc9eba96d9027ad845c06fc5862931f9c4adc43a727f7c		
478	col bin 2/rgb/col_cyan_hi-grad10wht100.png	raster-fallback	0	raster-asset	f3697268ec1f12534889b7c5f881173697caf4686955838adc3e8f2b7e2a522c	083211e8034e25d5c0d24045f25ef2546aa85f566d1227c96d8f0f5090817add		
479	col bin 2/rgb/col_cyan_hi-grad10wht70-rotCCW.png	raster-fallback	0	raster-asset	12a9f9d84f631c1d3c704056f8e1b8f27a027d7552b57cf9c804a5c82c85a4c5	408d5628ed31fbebc2ec552a8ed02ebe1c2d5b97a2e53316a25f6f4e4bbf93dc		
480	col bin 2/rgb/col_cyan_hi-grad10wht70-rotCW.png	raster-fallback	0	raster-asset	c06efd2f520e68e325a1b04c98abc303a885914a0f1a56ca504f4c2764cf2845	e18f04fba8f891fecee83159766282c208ccb92d16201ea9504fd950fc259796		
481	col bin 2/rgb/col_cyan_hi-grad10wht70.png	raster-fallback	0	raster-asset	953e395461b8e8328c46628371a8e88808c47c76b54bc2967827db4c3087fa04	98100883713916fffa689975d2811f7fad4d53c8c831a5b79b7235059570ab8a		
482	col bin 2/rgb/col_cyan_hi-grad11blk-rotCCW.png	raster-fallback	0	raster-asset	11625f798057da9bd186c8777170f048f2361cfcf806c1b64c6c4f60f449707b	445f6aae9f133c032ba5994ae4d0a5b5da9689f5888c92a7772231e5dda3e049		
483	col bin 2/rgb/col_cyan_hi-grad11blk-rotCW.png	raster-fallback	0	raster-asset	7520a9602d09304f67f676e7d89c01a6be39ae20e780c0ab5c0e5d6d5ab4d3f0	74294286694463b471a68890a0c9ecacb3dcaeebea82827f4c4d09c354a80639		
484	col bin 2/rgb/col_cyan_hi-grad11blk.png	raster-fallback	0	raster-asset	86b30771d4d7d19f3078b3b7da7336a488cd2c9a2e6bf20d09a1b83d2d21501e	d72cdbf69fd9ded57bd6cdd907fa11cb13f367c09bae0e96df572dbb3ec2afce		
485	col bin 2/rgb/col_cyan_hi-grad11wht-rotCCW.png	raster-fallback	0	raster-asset	0f57f49da265cae3f5485a51e339a292853d44a91955ea478a5b49bdb1e84ab2	1f9bcca1bff471aeca4b9399bf54638c03141c4b69c9c389eb4ce534b7089817		
486	col bin 2/rgb/col_cyan_hi-grad11wht-rotCW.png	raster-fallback	0	raster-asset	b49826434adaa1628a58d49289ab0048df4ded35e13c4801b450b2e9dcfe7d51	b47e9cbf6bfd81711b120c3469fd83504ad3c44b6657243f007e4887c0073e0b		
487	col bin 2/rgb/col_cyan_hi-grad11wht.png	raster-fallback	0	raster-asset	13c33c7f5006eb5d90603d842860751dff12e175c84203ab6e8cd9a8dc82ab3a	efbc1fdf0b1ff5a0bdfa4a8402b2fc2d7d19d64a9baddb97d7ab34f3a4e7777b		
488	col bin 2/rgb/col_cyan_hi-grad11wht60-rotCCW.png	raster-fallback	0	raster-asset	e9bdfff7df42e7cf3c4ed7fcb806e90e17cfbddb7cc7d38ee08b761a4a61e0fa	ce9bef16c66144dab667932fad92dfaf8a9da0fd86d9c83706949da207e916ef		
489	col bin 2/rgb/col_cyan_hi-grad11wht60-rotCW.png	raster-fallback	0	raster-asset	7bcf7d8e7e8b7bfc476652f77f02c8011a34831382e2a169b815c0f397e0d243	5bc7b51e70f9c13226559cac10e5389c3cecce48959d38a2987cfb4db13a4e17		
490	col bin 2/rgb/col_cyan_hi-grad11wht60.png	raster-fallback	0	raster-asset	f100c95721b23aab5abf2f394f41439417fe8c015a2548440236e9b186000f21	74cfab8b37ead448ae143504ac7552140fdd84a3bfc4862b1268abbc658d961e		
491	col bin 2/rgb/col_cyan_hi-grad12blk-rotCCW.png	raster-fallback	0	raster-asset	1fbfa110b09776359b5bf3bcf7ee712935e800b275b8b2421e4c629dd8493cff	cfe0848fa9865a0622a358f86e2ff16eddf313ea61fd983a3ed8f5f573b0a443		
492	col bin 2/rgb/col_cyan_hi-grad12blk-rotCW.png	raster-fallback	0	raster-asset	3e1d80d6e89b551c5b00f9977e993965e9dfcf94d2a999a541094b9bb4717f03	48336eda9ca08050873e83555fed4871124d3296c92c04fa8a77fe3b615e3765		
493	col bin 2/rgb/col_cyan_hi-grad12blk.png	raster-fallback	0	raster-asset	71e78500a384263fbb6d9ceb8ded95623c518c8249b9e345a07ea4e2e89056b1	82a9b798703a29c2097cae349bb6f497ff822788fcfdacd3c1e1e38068839bce		
494	col bin 2/rgb/col_cyan_hi-grad12blk50-rotCCW.png	raster-fallback	0	raster-asset	ac816955ba8af5875c73de1b6241771bc7cbbb611a4bad7bbed79e41250d336b	9a1f2fd867280a0b671ed97870f7ff1585daadee0703c987305a4ff77107828f		
495	col bin 2/rgb/col_cyan_hi-grad12blk50-rotCW.png	raster-fallback	0	raster-asset	0d1634c821948271a5e1c9e6833750b7af75fb0c6d72398b909b09d06c9bb310	5e8e5506f1fad5dc1bc9e29908a9a6c7337f0188fc99b7e713726110d5c25644		
496	col bin 2/rgb/col_cyan_hi-grad12blk50.png	raster-fallback	0	raster-asset	f1bafe97089501c4809fff1bfe06582601a1617ef4d6d0ad4207aaab13413abd	41110241807b0d3ac65a485900b3acb8cbf47859227cc11a7e07e4660667ad9b		
497	col bin 2/rgb/col_cyan_hi-grad12wht-rotCCW.png	raster-fallback	0	raster-asset	5d4375d03fda27ac505d21fa8b8d0f5a88b097408ff097251a630bf9ebd50770	89c7a33c2457d4f52948eae738f5fc33e0b71a96823533f32cad28b21ccf74c0		
498	col bin 2/rgb/col_cyan_hi-grad12wht-rotCW.png	raster-fallback	0	raster-asset	0e2a96b4598038c87b134b7fd299bf03c6afe358c6567eacab413cc049b7c026	ed80a245cd7ccff8107720f14c10c44bd794ca4be63b6a931a258884079001d4		
499	col bin 2/rgb/col_cyan_hi-grad12wht.png	raster-fallback	0	raster-asset	e3e08380dd24c5e7d049bb9d7c3d5f2622b6b17020c4b66226fc29ee773efee6	0c465906a86b1f29b3d5e15970722be27c939c32695f23a7cd7a8b57894f3038		
500	col bin 2/rgb/col_cyan_hi-grad13wht-rotCCW.png	raster-fallback	0	raster-asset	a2a3522f5aa57e2f823718e7bcd067540b4ecd206c42c6e2ed6a99d5253da6b7	17923ff9dc79457a46b03064b55b40f9cc69d04559d30099dc9c6ea95804c12b		
501	col bin 2/rgb/col_cyan_hi-grad13wht-rotCW.png	raster-fallback	0	raster-asset	0413562299fee188b7f43ce7507c8d133139486f0d615370f6e427e16900fbf3	a28417810a32f520dd5b4c605e306d83c7b8957ad5f18a23456790557a1ce07a		
502	col bin 2/rgb/col_cyan_hi-grad13wht.png	raster-fallback	0	raster-asset	64da2a4a2106d1ec583080e31931d34725ae9d7fe1742347589c06bb457e5e07	f3bd360dfaf63e027798dc24047de60de01f94a3bbefa3fd3036c700eb426bc4		
503	col bin 2/rgb/col_cyan_hi-grad14blk25.png	raster-fallback	0	raster-asset	fc965e26ca1925a37d39c61a596c43661499dbf6d84b31c0f9aa02420a0d39fb	157407e74489d836852c2edea6a7bfaabd84489a1d701b9527fdc00e26dc25df		
504	col bin 2/rgb/col_cyan_hi-grad14blk50.png	raster-fallback	0	raster-asset	68bd56d692d18b96286e59e3ea5e2a65bb1e7f260fa6da0d8699d7208e10a356	4b78771d434b2ec5cd900db1eb99d2e6fafb907625b5e739dfc8127742ecfc7e		
505	col bin 2/rgb/col_cyan_hi-grad14wht.png	raster-fallback	0	raster-asset	a9583800ee5af896ee520b5c97b0686e71809ffc2d8e74310a7500d8191ce2e9	1969f4e97f6fd17a90aa1b843ff3dff720ff91c82da0d44aa6e8235e4c87072e		
506	col bin 2/rgb/col_cyan_hi-grad15blk100.png	raster-fallback	0	raster-asset	a6b210f2a2d101263e8b6b3f429adf3a177784fe40577ef8fbcf15fe87cd0336	9c0f1168b67a24b46708c0f186c1cdc8f56e346d752f64b236ef93483a56399a		
507	col bin 2/rgb/col_cyan_hi-grad15blk25.png	raster-fallback	0	raster-asset	ee030ed263fb402d6eb9d72200b73bc7180966b272e70bb86c88b2575963017a	0d859a9509915fbcecbeb772d4924db38ceb3ad8aeebb253740753e0bb3de185		
508	col bin 2/rgb/col_cyan_hi-grad15blk50.png	raster-fallback	0	raster-asset	6f2a75b7573c8cc186e30bf838b20ff9341fb70109d1a049bd1f511c1964ce55	0de97162ec9ee06fc66ed3e1d6d9daf73dd4e0134d29b35d79e95fcd9d8d2609		
509	col bin 2/rgb/col_cyan_hi-grad15wht.png	raster-fallback	0	raster-asset	4d80e4f516b8306d9ee1e50de31d6240eca4d169c6b21f3b359885d6d50d155f	a4f57d84481af7b73b16a340b0d9f11ac5aac7827b3ff268c5ac7bc867a34275		
510	col bin 2/rgb/col_cyan_hi-grad16blk20.png	raster-fallback	0	raster-asset	07be7cafc137785917d0ced149a2020de2cbe987bea720230e849549779cf209	55e4db5225809ad5b5b964016d20edfe2532a09ff6b10255b144853aecf7ea57		
511	col bin 2/rgb/col_cyan_hi-grad16wht.png	raster-fallback	0	raster-asset	b14386cc60a91ebf267d3c93b0efd4ec9002c97363246e64c23fcccc0f005ce5	7aa13430cf6090fd3c2b83e1720ec071e32f3293f1a4b9633a72b07e293da08a		
512	col bin 2/rgb/col_cyan_hi-grad17blk.png	raster-fallback	0	raster-asset	ab44ef95ce2814e1a4087b9b42d9c2394a8843939a242c524ea89212537eac2a	72b5aeabfd2ce51776e80ad121ea1ab9d9ef6bb8e5c37106519e812a6d58d2d1		
513	col bin 2/rgb/col_cyan_hi-grad17blk50.png	raster-fallback	0	raster-asset	b884e741fa464c32b0c0cc2e36883d2f1bf9de96dd8733060db26738a308c3c9	f3bdad18d05e60912a4db86f5c7cf79715b8289e8c6d2a48de064a6805f623d3		
514	col bin 2/rgb/col_cyan_hi-grad17wht.png	raster-fallback	0	raster-asset	ce7a6163d31df3aa4e74edf55ad1ee9ca573c91195a6645b1e86503239291957	017fdfe2429a50ab278bb3f7f14cc4e9ed7ffee35c84327d9092743e9748ce4b		
515	col bin 2/rgb/col_cyan_hi.png	byte-alias	0	byte-alias	85d8b62ded901c24b4abd09d1a5a46cb79f1ff0dfd1008f85310f0c3c685d683	fa02f3984c136eba2dbce97e0d6cc131ace843c8b3d49c08defc70f6df43c4a2	bytes	col/col_cyan_hi.png
516	col bin 2/rgb/col_cyan_lo-grad00blk100.png	raster-fallback	0	raster-asset	d4da08d3ee60a16ae124f0ae96c45c96101849d9a74eaa6cf6b17e50d67df247	cf1e0800ef35be166f44b745b835fa6a0eb9dd77dd8d4bc623bb7644e74a29de		
517	col bin 2/rgb/col_cyan_lo-grad00blk25.png	raster-fallback	0	raster-asset	1e49ae6a6e19ba8dded454731fe64cc46ce151f3bc58db25d52e11686a220fe3	ee87f65b2191fa07ebce5abb555c4399d32e563035e8f0329c5751fe11fa8215		
518	col bin 2/rgb/col_cyan_lo-grad00wht.png	raster-fallback	0	raster-asset	3e2f0333b14a7964c23100551f90697cd72f8518da66684eec3836a8150261e5	976e4cdae543aff7c2cb6bf7f436ea57696d58eb4ee92ae4cc7ea5b92bcba665		
519	col bin 2/rgb/col_cyan_lo-grad01blk100.png	raster-fallback	0	raster-asset	272cbe0bc3a198fddc6a6ce481f1f95ba8c49f6cbd28b4e9c45c52732da0bcff	4b344c806ba7c32639c0dda320a416fd349682951f54c096e5d597faa8d142b3		
520	col bin 2/rgb/col_cyan_lo-grad01blk25.png	raster-fallback	0	raster-asset	e8948a354e1e49c9ba12f54567c9b1f8d46bb884051d08503c6b567b86136706	1e5bf4587b3732ec2edec41f71e82b7e55d975c843c861f44158f32dc6459f85		
521	col bin 2/rgb/col_cyan_lo-grad01wht.png	raster-fallback	0	raster-asset	377609d6044a6837ebdf8d5c4858c1463156e98fd15092c907410a4179ac5b78	f8f26f3d35cbeb47cc01fd44ddded3aaaebf975ba20ba0cff2477f48060d7a77		
522	col bin 2/rgb/col_cyan_lo-grad02blk100.png	raster-fallback	0	raster-asset	1ccab5ab9575f1acb3dd62aca2a5042b7e4a5e29fe4ce519764edc05a5a8c641	76c55a500352956b6b3fdf96828929875e58f54a3636795c1e5d3857253c4a4b		
523	col bin 2/rgb/col_cyan_lo-grad02blk50.png	raster-fallback	0	raster-asset	b05499a19031f4cd1237e7e6bacff66b3cca7afe5338acc77998d6f51cde1af5	e1d7166d0dc92ce8f7dba8cde973201250761cece1e3445c4a26241efed677bf		
524	col bin 2/rgb/col_cyan_lo-grad02wht.png	raster-fallback	0	raster-asset	41e267ed110fb7514052a24c8c243e2c2a0986448b2f2082473fc225d4cbaecc	1706490c6ce8d2b54fe9dd82104f2768bfc1bb6ae6c3242b6ccdf82a046cae94		
525	col bin 2/rgb/col_cyan_lo-grad03blk100.png	raster-fallback	0	raster-asset	c18b6f7b08a55d6e1c4bee974c0baa1b0a6504ce6d5692fe51972b9317c875c1	886c4659399d8f4d9bbe8c358a1a02137af7a11683bce4ff0f31a8f1704383f9		
526	col bin 2/rgb/col_cyan_lo-grad03blk25.png	raster-fallback	0	raster-asset	e79a30e8f8a446e8763787304fc18562157cdde28b321fc6758c66584010b889	f08ef9c89a7803b78b3224e65954f81b296f3e2cb5cec27ba68d9eca13df8911		
527	col bin 2/rgb/col_cyan_lo-grad03blk50.png	raster-fallback	0	raster-asset	7a17e84cf53668bfa7c8925e1a9db0e1b35f9f266328952f3a22f37f784ba207	7719c000aa1ef96290f32f59260ba542e4e3b022af5b3137033da6016abe1fda		
528	col bin 2/rgb/col_cyan_lo-grad03wht100.png	raster-fallback	0	raster-asset	0e711839c3c26d8baf228e7436b0349830ebf0aee1a3cbba33265a69413becce	72021d866c0a0d885b9286249f756e80df1fd4ae45fb28b85a7da4370ea6885a		
529	col bin 2/rgb/col_cyan_lo-grad04blk100.png	raster-fallback	0	raster-asset	fd1eac9077a14b4a26100d844b713c9423fafe7fc1636351ec0c2ad39c273221	c9b62c7994e59b542457993b3e27c4ec9b0dcd6a9e7eb678020f65e4e3b4cad9		
530	col bin 2/rgb/col_cyan_lo-grad04blk50.png	raster-fallback	0	raster-asset	f15ca654dbff8bff72e31c87bc911f091153dfcb48d7bd301306442326795d66	7aaedace1184db2fe99aa2bb7ec5f3bc86ec8b1ba192d43117f5334e8f2816cb		
531	col bin 2/rgb/col_cyan_lo-grad04wht.png	raster-fallback	0	raster-asset	f6d319c4aaf02217fad3db850ae8e81c63410a68135bfcd26fe8aa76c630fbac	761ee1e89a38b796bd0627d1a550c9ba299604e7f330dba72bdef6a3586f7039		
532	col bin 2/rgb/col_cyan_lo-grad05blk100.png	raster-fallback	0	raster-asset	37d6b65c8c68ce2c3ec2825b82f00b11c7c6fe57515a419fca0d63449272114e	584f9d8ac2a3f282d4216488c09bbbb513e1b5850da647fa4b6f2fc3311f6a93		
533	col bin 2/rgb/col_cyan_lo-grad05blk50.png	raster-fallback	0	raster-asset	f246a1424b04da6073e1195bac22fbdfb73619f705fb1ef242158dca6ab19175	d6e5d21ce5ebe04cadb03c07053a1e5cc66d26daba423cfa43ee2eb61909759c		
534	col bin 2/rgb/col_cyan_lo-grad05wht50.png	raster-fallback	0	raster-asset	3e24246aed600f3faa1d5f95ffed2b8a24abe62ac98fff75c5de4719e2f4cac0	e12ed1472b9aff954160144002a4e3eb8cb58fd07c1a07c388d5437347f27d59		
535	col bin 2/rgb/col_cyan_lo-grad06blk40.png	raster-fallback	0	raster-asset	45c962ef57f4ed991b7634340c7f9eed8cb7ad66721bdef304c471d9c1261ddd	ed34488d78aacf460432675c3e104801fe603b16ce48bed02961b89c146f9d48		
536	col bin 2/rgb/col_cyan_lo-grad07blk40-rotCCW.png	raster-fallback	0	raster-asset	87384dd82897c74455e3346aa2e6c5cb01d1e26b504dd024523e788586cd6f4f	bb199723afaf4ddb96f40a05bc1536fe8d5294aa4c4e97fe0e5499615aabe7eb		
537	col bin 2/rgb/col_cyan_lo-grad07blk40.png	raster-fallback	0	raster-asset	14dfd796975df6b68fb6c341bf21e1a6f77b8705215187c5b06d06b2f1abff08	2fb2b20c9eced18832716a32eaf9cad64ddf24e252ebbbec5623fdce443545bb		
538	col bin 2/rgb/col_cyan_lo-grad07wht-rotCCW.png	raster-fallback	0	raster-asset	a750691aebf339e3c11e47ac634d7f700444104e4a2919473fc5a2e24bb0773a	b36861fb4dcd05edc32ead103834cb6357b88dc12e4b7cb085c8b2d5322fd92f		
539	col bin 2/rgb/col_cyan_lo-grad07wht.png	raster-fallback	0	raster-asset	d84fd0fac7f85809fd6c4dba117b193442398731a44bbd924f0d111683d1aa91	8f982f0e1aed42fe37daccb124541d4cf5313e4163b4f4a23cfb072af27f0636		
540	col bin 2/rgb/col_cyan_lo-grad08blk-rotCCW.png	raster-fallback	0	raster-asset	e6859918355c3c64b6477432c7e8487ceb474fad9bc329d2f954d55291fbeb42	e10fb434dcf321485d10ba34a46ec6e0a879ca6a6fb5b716e98ba8f3e5e2c8b8		
541	col bin 2/rgb/col_cyan_lo-grad08blk.png	raster-fallback	0	raster-asset	31a9bb0955ebd0794f180573c8be36f272264954bb9ed1dec05c2f76538ea45b	79012b228c5f8441f64ab3beffbe785cdd851413f30f62822ff6a7e809db9042		
542	col bin 2/rgb/col_cyan_lo-grad08blk50-rotCCW.png	raster-fallback	0	raster-asset	0eeb307e63faa880912aaf97d1620645ede4928670f2a697a95397766f687c94	1314d6bd075ee3ad68fd528a0688d11f7e8bb808fa457750d812175d4baa7315		
543	col bin 2/rgb/col_cyan_lo-grad08blk50.png	raster-fallback	0	raster-asset	b3d3fd51b83f7ae50dac2746ee9f9d7fef367e1fce73ee9055e01b1911567cec	ea31197aaf8f57b947803742be92e94079df044681154cb91c231cccb4480cf0		
544	col bin 2/rgb/col_cyan_lo-grad08wht100-rotCCW.png	raster-fallback	0	raster-asset	b113a15ea647b8570adb0be456fa708cea1df84758c8e5aefd8f9ea76108c35d	a09e58661723ce552c43d6a0227612a1fe9fb6c7db51190d45a484626bd1c348		
545	col bin 2/rgb/col_cyan_lo-grad08wht100.png	raster-fallback	0	raster-asset	67e1e52aa91a2b12bb6e022fa5af8fc3dd0f2a8f8853ae8e7979247f25da6426	50e57d2498fde6350ea91bab5820768b4d1ee8829d857354a0beb1259588b920		
546	col bin 2/rgb/col_cyan_lo-grad09blk-rotCCW.png	raster-fallback	0	raster-asset	813a47582ebc844da784517ca372a751a5ff3c0891717378d76e4a3e8589c0d9	ca0d6922da98e588707c63508c0146b3e77dfe63a6031dec84cb8ca95f04e24f		
547	col bin 2/rgb/col_cyan_lo-grad09blk.png	raster-fallback	0	raster-asset	50a2fbfb6c9fdfc3629e14144795fb015ead3c5fbbddb8fdbcb3f51273df3687	4c8884749f873fd1e7a5ed900dbc4a6827b12571885810e22f719ec5daf60eb9		
548	col bin 2/rgb/col_cyan_lo-grad09wht-rotCCW.png	raster-fallback	0	raster-asset	90bf4d31f54d2c12d6e21d56948fe6eee48dec3d4a7cabcf7d7b9d1ac9505b93	9bcb3838c1972a1c7768f29ee903ed024119618e4f135c8e31fa415f264490a0		
549	col bin 2/rgb/col_cyan_lo-grad09wht.png	raster-fallback	0	raster-asset	e779c1ffdd636c853857bbac4ac07a7204ff2bdd8c0ac71dcd8fa8b4759528de	64b6301e6c468d5bd57d39cb635f73012a00dd745ddfce8909421c92c357c6f0		
550	col bin 2/rgb/col_cyan_lo-grad10blk-rotCCW.png	raster-fallback	0	raster-asset	0793d9526787c3cb1670975cde2d5bcd3876dd416a3792fba54c0b3af68246aa	3adcbe7d802b820c745f0dccab8e9deb96fb71a1b8642c66ae59b531e14ac197		
551	col bin 2/rgb/col_cyan_lo-grad10blk-rotCW.png	raster-fallback	0	raster-asset	7ce10c880adeb955af720051ab651775e5df5ef52ff1705f9777e2a9c32a080e	cd1ed675876a3b64be8f3f78acf051b1d45297cd8ccc34e6c9655d12d65f4003		
552	col bin 2/rgb/col_cyan_lo-grad10blk.png	raster-fallback	0	raster-asset	f5974272aba030f994893419bfae5945d74a36d6f3e6124ecd763f1f33fdf779	66b2bd93c3b6cb6ccf82a97420132f3624fd69a11057455d46b49850a2e56af2		
553	col bin 2/rgb/col_cyan_lo-grad10blk50 - Copy.png	raster-fallback	0	raster-asset	afac463ab9b25d93ab7c913d2172518a2cc0b9c32888a8ccb488350125d7605a	36f0c25607bd9d56520298d3247f15066d12edac1af9db140e8cdf901aae3ee1		
554	col bin 2/rgb/col_cyan_lo-grad10blk50-rotCCW.png	raster-fallback	0	raster-asset	9d2c927f79e98541f969d277393c2797b87788ab54b0955d7c02b81aac550dd4	65cc16adb5086c5716541154ba5a9559450e418de6213a74832a4c989fadf84e		
555	col bin 2/rgb/col_cyan_lo-grad10blk50-rotCW.png	raster-fallback	0	raster-asset	2fd3625169ea9a0dd5590648190aed97e83f884c4ff0b1c7d6d524d0c850a75b	5053d1f3ac1f5099a2e0ca28f3d4e4c5267af53f7e23d8e865a47c95dfb836de		
556	col bin 2/rgb/col_cyan_lo-grad10blk50.png	raster-fallback	0	raster-asset	0d45a15c0e51230c7568bb8104e55349919e1add3eef6ed9c48063d07efeafac	653aa8856c634099d5f272ccbdb732bd8d08c89c2a3201c155ea1b5b410157b6		
557	col bin 2/rgb/col_cyan_lo-grad10wht100-rotCCW.png	raster-fallback	0	raster-asset	099a7c404265038e69ccecb994bba2435373bbf9e5b8d9b778c47a760a4c2520	b905fd1ce04be25a5765d947f078abb293212a15f9a335000067db8af094e8df		
558	col bin 2/rgb/col_cyan_lo-grad10wht100-rotCW.png	raster-fallback	0	raster-asset	7da7c8fd262beb082abd256f05e68c17b052e85407cf63bec4decf727de225d8	fde2a1e3d1009652a09566149e6c1a5f7beeb9c34526956fd2e5bc7a894a8811		
559	col bin 2/rgb/col_cyan_lo-grad10wht100.png	raster-fallback	0	raster-asset	01eedb7ee06286f3a0ea8871b1b55a672d61eef9df3ec2430e23bcdd4b23d77c	71082ca69bcd6fb438e7d57bf44b7513942804de67e5a1256e8e88fe7239d05e		
560	col bin 2/rgb/col_cyan_lo-grad10wht70-rotCCW.png	raster-fallback	0	raster-asset	8cde734b85d75d49a14d8de53bb5e87094ee70963c34491355ce01e5677d8030	d18e8630686e0e6e5abe62eead148f84420f4f8cfb02df9694bd8bd5cfebff88		
561	col bin 2/rgb/col_cyan_lo-grad10wht70-rotCW.png	raster-fallback	0	raster-asset	54cb6949473e353efe13c552482bc75f0fc3acced0b7641dd97cdde42e9d66dd	eedb382d65bc0735313a27c3ec33e01ff8d1d9c582983b36a69581c0f6c14770		
562	col bin 2/rgb/col_cyan_lo-grad10wht70.png	raster-fallback	0	raster-asset	91ca2bbc315587446c0009725cd917de55d4202ef6936fc01783f51d6287ee38	b45b5688660aa5eadaf8bde04e6018dd348eb50f829e82a990c279058f1b3631		
563	col bin 2/rgb/col_cyan_lo-grad11blk-rotCCW.png	raster-fallback	0	raster-asset	4a8425410605f2ecccb0e1764ec32a27381e08585c6f70880643a42f23b3fa28	3b7c72380674891f718e8afcfd8677cf68fe245fd8aa3d600d1f30ee6308aebc		
564	col bin 2/rgb/col_cyan_lo-grad11blk-rotCW.png	raster-fallback	0	raster-asset	a6f7e3a839a26b0c508d134c249b9c79f75a334c0f4d2b460080d9c831f90342	1ae773ee50581e88f78ebac01cd7b22c38598aedb2626cb0051d1263f8969343		
565	col bin 2/rgb/col_cyan_lo-grad11blk.png	raster-fallback	0	raster-asset	a867cca89ba83506ff6a1d371fc8f0a1b769ba8bd864076d773bc6fc879a74bd	dfa33a05e8a963b99d4305fb1ca25b4b72b3c072dc956b201517d44617c7817f		
566	col bin 2/rgb/col_cyan_lo-grad11wht-rotCCW.png	raster-fallback	0	raster-asset	5d024276ef83bd1858f9f61afcf059367218ecb3f339fd6e3b924bbc6d9bdaef	dbc7f4f8fe8a4e325105e393bfb27d12086375e9c50041a67dc0029a514ba245		
567	col bin 2/rgb/col_cyan_lo-grad11wht-rotCW.png	raster-fallback	0	raster-asset	13434b9d496c64f4c6aac553151c6e993743ecf64eb6a8c77e2a444455659e99	28b4c33b7df2a66e97792395ca768beac6dafa01d5f706bea06765ddf07798b8		
568	col bin 2/rgb/col_cyan_lo-grad11wht.png	raster-fallback	0	raster-asset	be5ec5a7a2c41153a4ff95c9b3d5e04c15575c9ca1e8cd93140e39c72cdb1e2b	c945e6eeb05ec6f7b6f61c147f94bda9126676d88dc0294702f14ce5cdf64e2e		
569	col bin 2/rgb/col_cyan_lo-grad11wht60-rotCCW.png	raster-fallback	0	raster-asset	02075c30e9aec1e3ff00506be83ac00f709361b80608d0a6d63f48f93447cee8	b35cff8cbe25ef4083f37bcafb2d67d9c9b523708188bc5a95aac4dc0a1079c8		
570	col bin 2/rgb/col_cyan_lo-grad11wht60-rotCW.png	raster-fallback	0	raster-asset	17c93027e7707e9acf35c618473e20ffe3139f36f4cd67ca95dfa3978e4cb1dd	f64d2ef4b001aca362cf0bf016282cd81fe82150058a2fcbbc0f63e9495420cc		
571	col bin 2/rgb/col_cyan_lo-grad11wht60.png	raster-fallback	0	raster-asset	992ebc0acc1449b01861a3286cbdf399cd8b8eaa95334d8054ee062f87190387	6ee56c191c300762e11dcddd7cda524a7574a346b684ded7a37c56dbbe8839bc		
572	col bin 2/rgb/col_cyan_lo-grad12blk-rotCCW.png	raster-fallback	0	raster-asset	5172ec38a34f03f4ac022b2ccead7f8b383f4c6626aeef7f1696587d79614ed7	7548d9c6aeae8ef60f6ac209aaf79c3c8d5a8cd67a39044d993712da7ebb8acd		
573	col bin 2/rgb/col_cyan_lo-grad12blk-rotCW.png	raster-fallback	0	raster-asset	2c8d891f7c1fbcb36f9b3231d8059db1a858675744fe97c4d1db61e43cae911f	903036b21ed0e46a66397143c279b4ef7c9a9f9bf1bb1836339a941ba140ad49		
574	col bin 2/rgb/col_cyan_lo-grad12blk.png	raster-fallback	0	raster-asset	e66ec659d2d2ba720d53478e8428389026fefc3808e9b3790f05d0bd4b3027d8	11b52360097a8c0443be5d841096b702b3e08d79f1b83940dec79a630c06f0c2		
575	col bin 2/rgb/col_cyan_lo-grad12blk50-rotCCW.png	raster-fallback	0	raster-asset	7e49f1eae4912a7b6d8a2b6fe68420c3236cc4799677872167e985c3563f8e66	56c42207b07e4a7cf806c635da66dfdf0e5378619b9798ee6b7082ceb4abe0d1		
576	col bin 2/rgb/col_cyan_lo-grad12blk50-rotCW.png	raster-fallback	0	raster-asset	2148a8b7c75e07bda59a3fac6c49f3ad98c30f868c75eff4ac963ce1b3a20151	fd2898d64ee41268143b78075786996da9cdc3b1c1644b71b2a494b0aa2117c3		
577	col bin 2/rgb/col_cyan_lo-grad12blk50.png	raster-fallback	0	raster-asset	8b3587dc5fe740ef115326e56bfb32f23d5b465bf154f462507109b14b6c28d0	ecd5649e2ebadb41c8b7f59f91a4dba055d67de0d96d95a82cfec1abfc4fcfbe		
578	col bin 2/rgb/col_cyan_lo-grad12wht-rotCCW.png	raster-fallback	0	raster-asset	ee8e7d6e100eccbb054b32d20d5c0719b326af4b99ab4cb9ed8de98819ce4962	01259cb81d91e3c354e727a98dbea676577c5437f789bda0f675014969d2fe21		
579	col bin 2/rgb/col_cyan_lo-grad12wht-rotCW.png	raster-fallback	0	raster-asset	c4ae1d343e448b007688fd246124e97fb3278db8603aa1f8460b6d3ce838ea9c	3fc5bf791aa6e4865b4843e087a51495c31f7c57540149b33cbcc48390bbef1c		
580	col bin 2/rgb/col_cyan_lo-grad12wht.png	raster-fallback	0	raster-asset	18d525a1c0024c02937d225fbff26e5e8a6a5e608fcb0c45d0794284e8d28a55	b1f4a24e6c2946100d7e1c869a994d8e0149444ceb4f70a525a320ab612e90eb		
581	col bin 2/rgb/col_cyan_lo-grad13wht-rotCCW.png	raster-fallback	0	raster-asset	cf22e03e669584e0934db157c2d13bdd66eecfa052008ef919cfad7b17df49ec	5166edf12e29eb5f68dc5c8fb52e7edcd8927df26826bc224c27b14bb9f6d215		
582	col bin 2/rgb/col_cyan_lo-grad13wht-rotCW.png	raster-fallback	0	raster-asset	f897cf194f0480f786e31176c7f31ff296070ab7e74994b8d9078ee92437c046	15152481b3c04d9ddea398e4a87a262f9511b0beee3672ba0c0df4c49ccbbd32		
583	col bin 2/rgb/col_cyan_lo-grad13wht.png	raster-fallback	0	raster-asset	e65576050cb1523f83b95ff66d7d29513844e546b6c92f6d744f72aa5b328a0e	bfe6366993fcdb5e93c8d12dc454e4da8932cc45a69667e130032ca429f72b8f		
584	col bin 2/rgb/col_cyan_lo-grad14blk25.png	raster-fallback	0	raster-asset	e4b44a0bb3d03a9034b4e04adc0f0ac992d1e60cdc13a132b235c054d45c43d0	8c08505601bfc8b77652d379351af0b347d71b966131866a17223a0bc7d7bd1c		
585	col bin 2/rgb/col_cyan_lo-grad14blk50.png	raster-fallback	0	raster-asset	93dee088831eda76c1822b61f2d860e2d156d48e609070e9c57b1914adc6008c	30b50e516c7a1aafca56e33163bdfc2d7c81ec017d211e378d96b4ba4a6fcf3f		
586	col bin 2/rgb/col_cyan_lo-grad14wht.png	raster-fallback	0	raster-asset	ce8299bdd98782c179b539b77d11c8dea759f95cd0e56420e743273c9cad2865	f10d738bdd2b86b10b407860f6ac88d254499a91b66b21e91833233cec8177fd		
587	col bin 2/rgb/col_cyan_lo-grad15blk100.png	raster-fallback	0	raster-asset	685bda25f0a43f53528d83929449877de5234000c86cb551c99743732ea15207	b513893e40830235279f391c164c3953780b34da502e5eb69adf279f4d9cae34		
588	col bin 2/rgb/col_cyan_lo-grad15blk25.png	raster-fallback	0	raster-asset	13895855cd0d41ca52b4c3f9f82c92da45671a5a83e23dc9f52b6d8b53a0ed47	e52a04278c2deda2bebdbd55666bf89d89ec96906c9a7b9db7e631769a1bd481		
589	col bin 2/rgb/col_cyan_lo-grad15blk50.png	raster-fallback	0	raster-asset	53aad5b2aeb7acc8d93bd3f65f652b1af0103c881fe2e85da0568994ca35b2f8	3f1f31d12db12e752b16f07737e67bb9a1fd0c82012ecfca0972fa1a7b725f67		
590	col bin 2/rgb/col_cyan_lo-grad15wht.png	raster-fallback	0	raster-asset	6c2e4490439443249f2a60c2fe17a86f6511e36f07e2585cb92ff8b001e11e9a	be18e719d06a1a6b9d6e8b65dd5df347f36b541e53a146f3a4c4e539596bb982		
591	col bin 2/rgb/col_cyan_lo-grad16blk20.png	raster-fallback	0	raster-asset	a21d70cc5d8cd857fc5f1601e295b64e48dff714e78f988e690390b9aa71ca5a	48aee58b013cb0a5d7b2d207bceb4f45a80ce623561703daec7d11291037d717		
592	col bin 2/rgb/col_cyan_lo-grad16wht.png	raster-fallback	0	raster-asset	d8c4093f76449fef0299e1cef35b065327e4147aed42599e8e3214d8ef5ca9ed	7f22a000361b4e357621551673a4218b9bec762c33e98b740bc101fb2bcf67e1		
593	col bin 2/rgb/col_cyan_lo-grad17blk.png	raster-fallback	0	raster-asset	2ac7df64f913653ba788968f42cf81e8511acb28723c5749b40008493df2b0bc	4876e06c3f0f997ae573392024167a2e70b6822c0cc0797958e074c751703d4d		
594	col bin 2/rgb/col_cyan_lo-grad17blk50.png	raster-fallback	0	raster-asset	994ae883b84ed6650162690b67bb5b3dd898cfdc2b4ad3a759641a3c739a8ce7	c9a1056bdfdedc0865a12e27e9d31be083e6aa1b52fef9d80eb653b8475c180b		
595	col bin 2/rgb/col_cyan_lo-grad17wht.png	raster-fallback	0	raster-asset	f424382b4f3c09184a81210450989c09a6cb748ef34df5c9ad8927749ef1c7b0	dcb9f51217d710df020d0b8eb17cb3551603287ddc04c649258c1e9621c8416d		
596	col bin 2/rgb/col_cyan_lo.png	byte-alias	0	byte-alias	fe9a4f628991fe7e2c2845f25e342f95b997a80e436e2f63d36c3083a542ee09	11ef67a635ff2bdfd2c18cac143e93f991afc08f9c589e4aed42a520271c1761	bytes	col/col_cyan_lo.png
597	col bin 2/rgb/col_green_hi-grad00blk100.png	raster-fallback	0	raster-asset	3d0543823b44023d1b4748eb35f5f394c0e952ab0df2d76cfff328ca8d3138af	68330efec5b1b3e408b30b89f3e72e0c58d9ac4f28bc58053fa00fdf9998b5d4		
598	col bin 2/rgb/col_green_hi-grad00blk25.png	raster-fallback	0	raster-asset	4e19d729fb0727bef5425089079ddf4932744694fa5412ac9de02f39ac6abccd	4c7c3d62ac6f6c8afa87a70e3b6af02370ec4de54965acb9a32d1ee44568a18a		
599	col bin 2/rgb/col_green_hi-grad00wht.png	raster-fallback	0	raster-asset	7a779af4b4073cdb08d7e4e40e3c90c69ea5e1b379f48050580ce515f7864191	49d0d4ed89d245415d01a31fe03c4806e10a81641c0f998cb068b44942889301		
600	col bin 2/rgb/col_green_hi-grad01blk100.png	raster-fallback	0	raster-asset	5a75fba01c0399337d59d7a6a12b8541bccde7057d3c8ed3f1696b9a0ae61207	9bd5aeb8e6eb9b5ac4cd7eaedb4ac348a840522095ee9178256258296e2650da		
601	col bin 2/rgb/col_green_hi-grad01blk25.png	raster-fallback	0	raster-asset	0c1bc81ca302fa5e70920caebd72d94005015d264ff642dfa759b3f9eef004e7	65a4b0303cafeab42e25eec60cc0620050337d4daa914d0f42702dbff6c96a13		
602	col bin 2/rgb/col_green_hi-grad01wht.png	raster-fallback	0	raster-asset	c1c4d140fab424845cbbc1667ba30ce3238a584211b3476070df5a5dc1817904	48d6cf7e2a227df9fb8a697ae60abe496ae7e6f86f48cdce88e61fee66f299b1		
603	col bin 2/rgb/col_green_hi-grad02blk100.png	raster-fallback	0	raster-asset	c622dd998554999a5e1d24e989369ff23de08fbbcc0c72c7f432641be85f4083	0aeefa8e858bb27add5a6a286b1d8c18473076615a4a0f744c0d9c0aae6dce73		
604	col bin 2/rgb/col_green_hi-grad02blk50.png	raster-fallback	0	raster-asset	57a6ef06604fa60c113372711d71221305ffa0b10c6eba292196004f60206cc4	162bf3442d5d399a8d0f17b4ee7854694a8f8be9773e253f00507f9d5a036ed8		
605	col bin 2/rgb/col_green_hi-grad02wht.png	raster-fallback	0	raster-asset	f9912c040d604111bfef5e2646474e853dc9b18502a43092aa7b58e1c7bc0235	6705dcb6ef89c34e8dc00ae2b9f6586afa2567c5a9e93755b23bfe4dccbe5a81		
606	col bin 2/rgb/col_green_hi-grad03blk100.png	raster-fallback	0	raster-asset	26e376e0e2548e43c69ee56131b578909fc5f91126d3720e0378c8f967943ade	ffe88ec418ff434778226f64632343807f8c65b9bd72d7c8130a53c0e2827bd7		
607	col bin 2/rgb/col_green_hi-grad03blk25.png	raster-fallback	0	raster-asset	107da7ac0de02e8136f7c8ba8c0cd681746a005e8a2cbc7451110f9b7841f4c4	3fb53b3def43c382070d186e8e65afd4ab5a90e1f9dfaecad852d42257685a71		
608	col bin 2/rgb/col_green_hi-grad03blk50.png	raster-fallback	0	raster-asset	1e9c396ed191cfe68a33bd87efca5181a3eaa19dfe9c5b9f777e16d13018045a	33e3ae1252ac1fd2e9446229f9284e62681d7691fd9dbcec3cba02c3cc0ec69d		
609	col bin 2/rgb/col_green_hi-grad03wht100.png	raster-fallback	0	raster-asset	2a00418e299acf16f76662ba1f21f182886c6cc0daf7ebcddf5edfe95e0ef011	5aa9f944c5d75b5be1671d354c712b7631afdb9e2e297d081c839d21c57ecca9		
610	col bin 2/rgb/col_green_hi-grad04blk100.png	raster-fallback	0	raster-asset	e92b303cc771eecfe8e83dafd55a54da353d2b25aa64552e27845ffa5360eaae	c79a1a10358d71e61de3048f45f0d263356818a07679defc30f696a15297f75e		
611	col bin 2/rgb/col_green_hi-grad04blk50.png	raster-fallback	0	raster-asset	26907eacb7ca0da2ba441eee22c8f9bf814e18644544d9e27bdf2a1e5a11374f	c7755f95d42a41b06afc738dc5e54002ba37e1bbf8eaea8e13e3e79a95da67d0		
612	col bin 2/rgb/col_green_hi-grad04wht.png	raster-fallback	0	raster-asset	a4b55fb0cf025f60706e7cf5432182789de0eadb9f4f786c539a673a5401b3d6	b2008ae9fd410ca666849d0b26bc04dd2876ab3e83259e89d3a9a2f32df3d9c7		
613	col bin 2/rgb/col_green_hi-grad05blk100.png	raster-fallback	0	raster-asset	a9ec25b7a21974264aaaf3633b739c791693e3636f87a6bbcf58c1a6dbe58c97	d51ffc844d43dd3a738437767824e920733c641f3254f9e5ff1c834cbc1e0fc5		
614	col bin 2/rgb/col_green_hi-grad05blk50.png	raster-fallback	0	raster-asset	8952da5067f0cd190fb4ec97597e3539001420cb91f7460794101c3074f9e28a	882bd8b12c6b5f60ed34fcd540ebce512d2179c2629a0b8c8d3481213d9625b5		
615	col bin 2/rgb/col_green_hi-grad05wht50.png	raster-fallback	0	raster-asset	beef772494dd2eed41adb8bcf76abfef8cd078eca2376dc430a3f95e63da297d	34095a9634ef16c3593b74f4fb13d7c30900c819962fcc85521ac3567b8b4d75		
616	col bin 2/rgb/col_green_hi-grad06blk40.png	raster-fallback	0	raster-asset	9b11e72c290db3938f6d120b5af6efbf28de3ffadfc931e18319194d3364c296	e4414fd01fdf51ba7cd3ff911bb7a8990374266848d32208d9a9b689f3837632		
617	col bin 2/rgb/col_green_hi-grad07blk40-rotCCW.png	raster-fallback	0	raster-asset	722295bd810468f7865091a89e730d483c250d04852bc84346d29ab8ee6e76e8	25d3a6ef8127c07789e69ad9e1526b8397a6955c58e6e1b8a4bf1f935191a29a		
618	col bin 2/rgb/col_green_hi-grad07blk40.png	raster-fallback	0	raster-asset	1960e52ad009890d15c9937096f68ad127b93b24f98b03ebdc2aa63253177b3f	390b1e776d643174a873c941ca423be8bc62204f88005731353d67ae3632df18		
619	col bin 2/rgb/col_green_hi-grad07wht-rotCCW.png	raster-fallback	0	raster-asset	8e4bc206b1cac9a69a6009cc554b1d89ce7bbbdf557e02eb8b90fd4dc643d745	c33c428d247eb6d5933298785fe9aa74226bee64f16d3189ef2ff13db2ab0555		
620	col bin 2/rgb/col_green_hi-grad07wht.png	raster-fallback	0	raster-asset	5586671cb114741eea032d27fe316b54b8544abfeea2b451fed16aee43ff9838	a940d618788d1c2781b1b7445f16f8d17eb8636faa07c7129bdada3ad22cbded		
621	col bin 2/rgb/col_green_hi-grad08blk-rotCCW.png	raster-fallback	0	raster-asset	66b2b7757c15151b1bdc939518a138e33a96c921467f2be09c82114c827a04f0	1c592739376075fe603c7fbe115959e095003581708699bfaa0994cd114dbc75		
622	col bin 2/rgb/col_green_hi-grad08blk.png	raster-fallback	0	raster-asset	25eeab5dd5efceae42c179f205bbbf8ac39159f3045e89dc54e310a7fa429617	b625f6fe3a60b4080a863bcd288c19d18358cb95f68a04b0ed451c746c18da04		
623	col bin 2/rgb/col_green_hi-grad08blk50-rotCCW.png	raster-fallback	0	raster-asset	14053bc33ca84e89a5d690669dea02e73b8cbc6096c853fe0c5e48f1606fb36d	866deeae345cbb87690f3f7544f73d330e7c72525ce72fd2b51fe7178757aeb6		
624	col bin 2/rgb/col_green_hi-grad08blk50.png	raster-fallback	0	raster-asset	468f9628a847db8df46be93b0bb30350fb85a9b63f9bc73fb0edb5f5116b3ef2	666977f12a0ee92bf6a5f00b757c54f6fdd065afa933636506fa47af94fe5375		
625	col bin 2/rgb/col_green_hi-grad08wht100-rotCCW.png	raster-fallback	0	raster-asset	38c9ab4ba259eaf2b671120a83826c2437a48b30e2a0151db61ca5b15b11554c	3580595c1ab29d2fb39fdfcca76aa7875379cf980bb26ca71e2f26fd2c647adb		
626	col bin 2/rgb/col_green_hi-grad08wht100.png	raster-fallback	0	raster-asset	d779104b24426f8f3bbe63b14711dd6ebded566c4142531a941e91c30a0406e4	8985c10cf287a6d930b6b9822e8c9cf33512a3f33608f4c2851a05f88b8e6c63		
627	col bin 2/rgb/col_green_hi-grad09blk-rotCCW.png	raster-fallback	0	raster-asset	1865865a9af79a0dbcf836c1b36a3079c00b18782375185efc054c0c605b9731	40bdf6dd9da1a9ede0894e158c6987fcb3292d84cd45436ea7a15dabd64f0f15		
628	col bin 2/rgb/col_green_hi-grad09blk.png	raster-fallback	0	raster-asset	e85eeadcb4b9facec7090ab64e1b15cc4cc7a66929321ee74273179f0374fbd8	e77d7317a7781dc41618da4a710d7a2271ea51f0a001a2b49abfa42e6fc1aa86		
629	col bin 2/rgb/col_green_hi-grad09wht-rotCCW.png	raster-fallback	0	raster-asset	c37da5bac4d6c33f19ba37fd36afa4294d2270659579ec28855c9925377e2aec	34e49994a84a79f990eaf6de2b47fcd3e3ff7d5c241bcb46117813d3dd7fe943		
630	col bin 2/rgb/col_green_hi-grad09wht.png	raster-fallback	0	raster-asset	696824b0a5fbd90799b72c813f82040e5edc5216fd8aa1a23b04ea40574605a2	6675edbe335009fd90ed7824fecaa4a8c6a7d56a81c1422ed73dba222ba02788		
631	col bin 2/rgb/col_green_hi-grad10blk-rotCCW.png	raster-fallback	0	raster-asset	62df395721ca63c7fd93bfdd234ae6e702ed136a7b2de0eb301d787051589f89	c30c9f359fb38a4ee525328a10bc5474859ee94dd6a90ef3fbbbdd448584e48a		
632	col bin 2/rgb/col_green_hi-grad10blk-rotCW.png	raster-fallback	0	raster-asset	7646cbe45a493e752b0bb36d08806bbc65fe87d82f2da7628b1b1e4f6a9fd738	908413628f7ae69adfce554cfb46331c3231330c78fc294e37fc042e02f48aab		
633	col bin 2/rgb/col_green_hi-grad10blk.png	raster-fallback	0	raster-asset	60822999721769b01d6f4fccd29c1f8b6e0fdf810fd594f4577e71678c3a14aa	9cb0f8dcf1bae4ab9df467f40e3a8ebd26b640787be1c35333812c1a9c47c138		
634	col bin 2/rgb/col_green_hi-grad10blk50-rotCCW.png	raster-fallback	0	raster-asset	3773adfece866f709e01b921607d299f7e152a666746c6d5f8b9f9bfae7ee34a	051a5c272a8350576bd4d026a299d12c5058cfdf74bb28a1cad3a72e5b73884e		
635	col bin 2/rgb/col_green_hi-grad10blk50-rotCW.png	raster-fallback	0	raster-asset	2741eb587c2255c4fc6128c900a7bb07d82e7d25adf7860532accf85a71e9501	e6b4915c820bdd5c814dd15c741bb4861a324a7ad516a65ac3a84dbb59c9ec16		
636	col bin 2/rgb/col_green_hi-grad10blk50.png	raster-fallback	0	raster-asset	c92f5ad86bc4dfb450eb5357a9e6c59f6885ae8af4b6f0524a87e4a0e7145f51	77efbf53a88fcfc1cbc7a320d5500b300dcf96635ec2035f776ab7caacfd840f		
637	col bin 2/rgb/col_green_hi-grad10wht100-rotCCW.png	raster-fallback	0	raster-asset	4c09767ee824bced1f44f28e4b17a2d3961119707411dafe440a5c9ddf903f16	33d773105f86c8099c809844f568cb08902b110934e1a6e25049761b690c3b68		
638	col bin 2/rgb/col_green_hi-grad10wht100-rotCW.png	raster-fallback	0	raster-asset	514d99b8588d77d5e1e11c12cb8c72a8a89323b7e6028a948b65093a8fff0761	718efb928c785f7b1191d858f0110c70491539986c83d864e00d44efcc5e1652		
639	col bin 2/rgb/col_green_hi-grad10wht100.png	raster-fallback	0	raster-asset	e2bfb8bc3c7accd2dbfe6a2f3f2ba5b628859f01d926389fcbc894667a8d9e15	f7de34195e17eb44fa49dfadcdeb505d2595a182bc4ac792eb280158e2bf0735		
640	col bin 2/rgb/col_green_hi-grad10wht70-rotCCW.png	raster-fallback	0	raster-asset	2c39e89ffa10db69acbc5eb430fad53e3952a5db7a32ead17206182fb8ebd43e	f6cf3414fbd97dc3f6770c6803052dfb241f1549b65fb0d582b4be211fd00d80		
641	col bin 2/rgb/col_green_hi-grad10wht70-rotCW.png	raster-fallback	0	raster-asset	3aa06c06c37894b8e1410c1eea0b67bdd745bff663ebcc191c7103707e00c47f	d0b54114056c42b850737e4e44f1a20a0bb754861aa1302527df34f1be34ac5f		
642	col bin 2/rgb/col_green_hi-grad10wht70.png	raster-fallback	0	raster-asset	78363f05bcf15c87b4da338562db4bae5d57cf67199a99d45ec155866682193a	caaf552c80c6b8185eac0e810bfcdd1076a5dabdd66ce0d98a92d8044e7c70e3		
643	col bin 2/rgb/col_green_hi-grad11blk-rotCCW.png	raster-fallback	0	raster-asset	97b8013fccb778b4c0c5cd935e3eb8cb3f0b987918070be6c4e6c135c25fe458	1cc9db51e5f632d4ac6f5ed08a13fd47b6ff464e5f9c52159e90804df9449c4f		
644	col bin 2/rgb/col_green_hi-grad11blk-rotCW.png	raster-fallback	0	raster-asset	08a2bbb6d632f6fb00bd0c673b3c89205bc582d801cea7f8f1b4d96f7a2905d0	857f0f9ec5df9fdb5f75d6a84d9ccb31197968ff3ea237de626c24273bfdf977		
645	col bin 2/rgb/col_green_hi-grad11blk.png	raster-fallback	0	raster-asset	027dabb81c6a161776e9c55e32020ba18aaf52e309238dc92a7a2cafb554a9e8	0d10fdbbbb9d07d1029e25a669784e47737cd3cb64e9e824f6f39dc34a008cee		
646	col bin 2/rgb/col_green_hi-grad11wht-rotCCW.png	raster-fallback	0	raster-asset	31f7fca1acd3328163418b4f4fe576627695b76fc0794c3623326330b321898d	eddd1de731ffe5add0b01cf4bcc406386bc981d57185b1146d1d145c0b301081		
647	col bin 2/rgb/col_green_hi-grad11wht-rotCW.png	raster-fallback	0	raster-asset	94e6ef81773e76ef1b11243f194dd256f2d076a5f2eb2a4669e0952c85fb095c	c1e3125c154f4bfc0426a828f398a5e4e14c59ac171c841c941f4c6b0b220f95		
648	col bin 2/rgb/col_green_hi-grad11wht.png	raster-fallback	0	raster-asset	23e9e9a14f3f8ed3938f556fa4f65135319371dda34bd27a4a20b35fa5661836	9931b7bfeeee6f59c33b6e22acf636c771087c2bc590dbdc24b836633cff0520		
649	col bin 2/rgb/col_green_hi-grad11wht60-rotCCW.png	raster-fallback	0	raster-asset	6cc33fb687f2a11143cc0485e72d3c5776eb5707edd4ff3ed2851ec630088a73	f3a7d90f4c356e0c0c19dec6f33dc8fc08355b2c0135854f38aedfa8ee79b8b5		
650	col bin 2/rgb/col_green_hi-grad11wht60-rotCW.png	raster-fallback	0	raster-asset	225a4540849d80e87dca7bd52500eeb3040941c89467278f74362603d7385373	779be3d33a6af7fe1fe60a4d668278b06abaa695d0c0b1ab554e1bfc73d0e838		
651	col bin 2/rgb/col_green_hi-grad11wht60.png	raster-fallback	0	raster-asset	19c99ebf7eefa6bf672b132fd784dba4cec1f7552cc4991dcedf82759578af4d	5bfc1671827fcbb95c8ecf6273ec10c39c4bd1ac382944ddd6f643f172ae96f1		
652	col bin 2/rgb/col_green_hi-grad12blk-rotCCW.png	raster-fallback	0	raster-asset	d09939e68b63fa11edef5cd5a25c701e4083d2238474fa771f4f925a4a45b5ce	e24fc1e6a65dbfbf7a3f0b93ed2a6e2999cea7bd1a7662fcbab6e8c1e0825e13		
653	col bin 2/rgb/col_green_hi-grad12blk-rotCW.png	raster-fallback	0	raster-asset	948d7e30c8bb2ca1c7728bfa3b0a1352fd8ee1738e2b4459e165781b03afc2a7	5642b9f9402894dd5913c82b718c9816dcc3199e9165ec62128f3677065df81f		
654	col bin 2/rgb/col_green_hi-grad12blk.png	raster-fallback	0	raster-asset	92ba1db23748ef9f490298937bbfdd245c549ded510d016f08bb820da765eb90	f719cf6f09857199ee5d9d58a51e1c6db2e1c6ae011864233df215c3c52dc131		
655	col bin 2/rgb/col_green_hi-grad12blk50-rotCCW.png	raster-fallback	0	raster-asset	a35c81e8dbafee0d4dc6444bb5e608d18e1817700b550ad812be25a55beb8f38	171920b59b55f81663b956d2219d202e90999ee2d8b1d62c6d6123a30477d339		
656	col bin 2/rgb/col_green_hi-grad12blk50-rotCW.png	raster-fallback	0	raster-asset	85cb0dd1593548b0c6ce8fb6d6cbb253673a0a471e3fcd152dbedc1db1da21bf	915be61c62bca352dac43d04216c1f908e494098f20c30b4a62c01249e902940		
657	col bin 2/rgb/col_green_hi-grad12blk50.png	raster-fallback	0	raster-asset	003bb32d9e76f5157464f818df8074e9235e4ebe24a14c8a816396b5b1e75967	7ddeb19785a127df97a98b6c4bb1ecaf53589976e0cae4e7f473f307a37e47d8		
658	col bin 2/rgb/col_green_hi-grad12wht-rotCCW.png	raster-fallback	0	raster-asset	70266c8a686dc997a3aadce2bdc0fbb06f2eea01600e74e9c49581163ed71abf	bbd4b0562a24674d36172b95735728df89957b1ec7ebab74f06a98f771e837a4		
659	col bin 2/rgb/col_green_hi-grad12wht-rotCW.png	raster-fallback	0	raster-asset	0bac29cdd3d629c2949002aedb6d3472bd74a57a5a6676adecb7d5af67d2db22	f22de4ddb95ee534cb481b434c796f5f6848178912cef4633a83d4b838b3210d		
660	col bin 2/rgb/col_green_hi-grad12wht.png	raster-fallback	0	raster-asset	65094ea062bf76b3447610909ecfa5f8080f61d922db4d690404a0d80d887e2b	59159c6e55eb567215e0ade1a2d791dc403985022195baf185a712dbaffc25a9		
661	col bin 2/rgb/col_green_hi-grad13wht-rotCCW.png	raster-fallback	0	raster-asset	059784a192d206783beaa9a010244a9bb95245c43b44438493b019accde64ba5	66984d3f4b231a9de2d0caee7c3b62fc848b8d6f6a52c875ea52f08b572b3e4e		
662	col bin 2/rgb/col_green_hi-grad13wht-rotCW.png	raster-fallback	0	raster-asset	b800cb6cbd1de6cd504d7fef36f3528cc614e2f61b8dda654b2719614f54e86b	e0897409f13a291f03933427b28dba713d60800af29757aa18c0f9c8ec2f3793		
663	col bin 2/rgb/col_green_hi-grad13wht.png	raster-fallback	0	raster-asset	8f5994b9595f37c287cd3700687c65f763c2b989a45ba562b11b32e6ef3d561e	01dd77559bb038ede115aaefa979f9d27bf128459b6fa6a8a89801fed0524d45		
664	col bin 2/rgb/col_green_hi-grad14blk25.png	raster-fallback	0	raster-asset	a2acb4ad3855e531339f26dac414d12f7be83821f35e6064e884292dc07012e3	5cee82ee5bcb50b786c374a31335e316421d4ae85dd7656fa23bf87ec49a202f		
665	col bin 2/rgb/col_green_hi-grad14blk50.png	raster-fallback	0	raster-asset	c1c0da57ca1a3580bc2bfb6e4bdeba83e999d06b10083155a5632a0316705a58	df0caec796ee34386cbf57131cb4c39f8bfef2faae54aa1d560be94beb719aeb		
666	col bin 2/rgb/col_green_hi-grad14wht.png	raster-fallback	0	raster-asset	c3c1a30b6eb22b3c0c35c3b0c431c7349d42c7d396fc67031e4e111bb344f881	a2fa47a76a3ff4676a8110c06c382c840a22a532f99f351396bf76b7a6ffc8a7		
667	col bin 2/rgb/col_green_hi-grad15blk100.png	raster-fallback	0	raster-asset	7bd09d1a1cbcea698d86a55153947414d6ce81e499809a81f13bac43503920dd	ef6168211119c07351dc5e95c7cc99dc4534a2f472eb9ef1f65a50a4f87e3ef5		
668	col bin 2/rgb/col_green_hi-grad15blk25.png	raster-fallback	0	raster-asset	db919b817aa58dad239a282eacaa3a628fdf1d95815d7804f700bff289428c69	132060ee6f7b7ccba02a2f88968b83c380594b5928461442cd63bcd660d90649		
669	col bin 2/rgb/col_green_hi-grad15blk50.png	raster-fallback	0	raster-asset	117f973a5052703df86e06ead4c4e3347f924e7d187954234507309783448875	c06e6c1138b9d3f8f3a40197692f049b26ba59bc24c7792d59ea7574b35ae919		
670	col bin 2/rgb/col_green_hi-grad15wht.png	raster-fallback	0	raster-asset	0cebe5d218067ecd22c126d4a0ce1f3db2a1cb31ce4ab0bcb4944dad91d71261	c327611da0720dd8fe53ff5f7bee851cc828ef157311c1b0851ab32601d5d5c4		
671	col bin 2/rgb/col_green_hi-grad16blk20.png	raster-fallback	0	raster-asset	aad51f8e23eee9acc59b890dcfed8be0a693995c7ffa6b4693d802e9b0e2cb1c	e21d833e5be73de1da551e3aba7ec8f8eee10d90b09c9a146546068b231c1b9e		
672	col bin 2/rgb/col_green_hi-grad16wht.png	raster-fallback	0	raster-asset	73cd7269535c9e72bed203724bc43c34b1011b2b3106daa0d0e076013061a241	b7b36c9b8ee052a0b5fdb395a37173a31989c858d5b6400cbc11c2eda321c468		
673	col bin 2/rgb/col_green_hi-grad17blk.png	raster-fallback	0	raster-asset	9ddd07c4780851457ee1d1e38c1340263676daa7a2559f8867d548196ef80270	986152a522c8069312961da36750cb790f4e03a276e0da7b2d871c5a6527fdb3		
674	col bin 2/rgb/col_green_hi-grad17blk50.png	raster-fallback	0	raster-asset	37000b6dd9215bf88b947e13438e9c299d70b8796c3ee718273cdbaab5c56a43	d42a75209f34955e0a2d20ac02c62a8b31ce2b457be3826b0f9b956c98de2a2e		
675	col bin 2/rgb/col_green_hi-grad17wht.png	raster-fallback	0	raster-asset	c8698e63b2abd7ed8a78379cf0a8a48df81c64d98498f0042f5e5db361537de9	156085e5890dea2510e2f981a84f833c5c8dd9ed12b017385944522d72ed0adf		
676	col bin 2/rgb/col_green_hi.png	byte-alias	0	byte-alias	3d558540e8c59a9e6915aaa700c8d714c8927167920bf0bcf84c4ece2589f368	1b9f52056c5b661058b129e4eb31d7c865ef39eabbbf5b07ff59faf0109376c3	bytes	col/col_green_hi.png
677	col bin 2/rgb/col_green_lo-grad00blk100.png	raster-fallback	0	raster-asset	9cb808f9d92e87cae141c7d7aa0bd38c246b0330ac8242ea03f44eba1bd7740c	721d7a9c282db98c535c77a9b3ab6f8bdb8cbf2051ca2610d20851c53e0d4360		
678	col bin 2/rgb/col_green_lo-grad00blk25.png	raster-fallback	0	raster-asset	2665a8ddba8f9b8aea51a039f93fadcee5f0453f3b8af070f595fb696fe57c79	c833dd284dc9b8773fe0e6e64dcf849382a11c6cde96e1abfb06f3ca060abe71		
679	col bin 2/rgb/col_green_lo-grad00wht.png	raster-fallback	0	raster-asset	604eedcb2f006cb65cf76b8e8e91bf5773b6f262ee0cd1843cfe494f778ec3ef	60fd94c49c10732e9f2cd9c3c3e0b575f19dc12ffc02d159bc418ae1f4153970		
680	col bin 2/rgb/col_green_lo-grad01blk100.png	raster-fallback	0	raster-asset	ea3539df123f9b2ce41f71165a06394bd73a0fc9ab40cdb3def2bf51995c564e	d59b05267e6d4f1ee6b7472de218122fdae2d3d2619557cd42039cb72216b930		
681	col bin 2/rgb/col_green_lo-grad01blk25.png	raster-fallback	0	raster-asset	1ee7351edd1f2bfcd634f36fbcb004949662b1ee8c1b50f1357130f2b39b19f5	ec390bc6ee1c86b42fcc20499a92653989dd0cdbf70cbac4d0133d35b1282fdd		
682	col bin 2/rgb/col_green_lo-grad01wht.png	raster-fallback	0	raster-asset	c1dc9048e5307d2505aa1a6a30d94b489b476685bd186035d8a64dd018eb6e4d	02d80e1bb7b7ff5a6c5fcdfe9f2020f4f63d24d0f7e2e9eade1ae6d1c5ea004d		
683	col bin 2/rgb/col_green_lo-grad02blk100.png	raster-fallback	0	raster-asset	63460837a441cbcefc5ef6eb1ce01a279234aba3f0380790a337c9db35cd6287	a0d09fd7f0682f10e57b4653b50779fac07b90cbec83915cb73482e949311eb0		
684	col bin 2/rgb/col_green_lo-grad02blk50.png	raster-fallback	0	raster-asset	0242d55d6f5c6a865484487d76ddc6b91ace222e9427a80074bd6584468e1c1d	45cf392cf29007198d0d14d81d45272576a4c2106cf7ce601633da8e08c11a56		
685	col bin 2/rgb/col_green_lo-grad02wht.png	raster-fallback	0	raster-asset	8b0e1d5a256f9f8ad4a1bf4458e85c354225dba6f9a7feb21b960452bfd5a5bf	80389b812e34dc616f34103189c8a4cfd8e6718911ad4817cf97e9d60b62d69d		
686	col bin 2/rgb/col_green_lo-grad03blk100.png	raster-fallback	0	raster-asset	123c3ade8e5fae0ac094f6d526e6ace5fd023bbfe0e4fc3479e0fd76f35ef8f4	b52352cbd183cdeb748bf72b53e40cf34ea374876d1d704d6947416b05272d72		
687	col bin 2/rgb/col_green_lo-grad03blk25.png	raster-fallback	0	raster-asset	4bef0300cf816e8ef7775272f5da6bd17fa0b0829c090c99db45d32f9a1ca0a7	938efc3c0d49430e112fc3e4c3ed9968bbb0f6c6215f47e45a36536dcfab4d5f		
688	col bin 2/rgb/col_green_lo-grad03blk50.png	raster-fallback	0	raster-asset	1a1ab1d623a7239f71b6ac97ad08179d49a130a8da35954064b0913a83daaa05	57ec6e8d1f562ded6bbf74f03e3b0a82fc13d3be050d4d9188cd0a14cc67bef6		
689	col bin 2/rgb/col_green_lo-grad03wht100.png	raster-fallback	0	raster-asset	8a5ed7891f23581618ced86f561c57d6357ad6ea78ef693cc0e0fb8ef86b774e	1eb964507c9a95ed315eb0f7a6112e3d24f25d59b20d0d10ad7502001e078549		
690	col bin 2/rgb/col_green_lo-grad04blk100.png	raster-fallback	0	raster-asset	62d0173053b9e67ef196ff8a10597e90b740a924a14b963acd635f345d9b511f	7b4c1f06ea2006c4ce78aeba42d1aea8dc189b616734f8ef91b65e6f1cb20561		
691	col bin 2/rgb/col_green_lo-grad04blk50.png	raster-fallback	0	raster-asset	3f3e877a77074e9adf3bbd5093e1e96e8687da2d64df4bcd89c21111660e3fc0	54d8da8f8a7ec2bbd86dc5f95e95bac1c9715868c2208d47048335689e6326aa		
692	col bin 2/rgb/col_green_lo-grad04wht.png	raster-fallback	0	raster-asset	77168fcf4d2f41d2d8b60359ce5de4ac258237e5784cd76e61c8e58d4376354e	14ec52441b174778103bd104ebe68549123c3066c0db2f3eb9fa28850dbc0691		
693	col bin 2/rgb/col_green_lo-grad05blk100.png	raster-fallback	0	raster-asset	7d3f386807cb6de067d9f5e767fa99cf624c7a2b72ff00bfe28edb10a56aca77	ed61c608c1656a6edcf84d0ece636fc5a0ff1b53d9278410e86959452ac140e4		
694	col bin 2/rgb/col_green_lo-grad05blk50.png	raster-fallback	0	raster-asset	86ab88ca3fae6388eb1524c0492379f9102e7dcc41cf4c8952b207563b41334c	fd43c3efea0de0f6a73d2bd6f7df3d8db5b8a3f55bbc026b246f77a7a09ad27e		
695	col bin 2/rgb/col_green_lo-grad05wht50.png	raster-fallback	0	raster-asset	ed2865d9696116cece121844a8de9d9a185745ee0e81f4fecc9dc7ede2e6c04a	bee55fb17070fc22da1ff25a7f9cf29bcb6ccc449194beef201dd8131961342f		
696	col bin 2/rgb/col_green_lo-grad06blk40.png	raster-fallback	0	raster-asset	7e81591bc8e85223dcc1e24caf97fdff9dd4f16524fc75a7991bc14da38ea582	07aba20738973a6b672f96cb7b930e0f8d6653318a0f0fb6298f1eb50b482066		
697	col bin 2/rgb/col_green_lo-grad07blk40-rotCCW.png	raster-fallback	0	raster-asset	5a38bae19ba47f9ef46a7f67445966bb09022afed74b7a0fc7b6a88127807ded	acbae113b4a2a543bab3d65afb30ce7791b0dddca2c31ae9377a7ebd7c00c258		
698	col bin 2/rgb/col_green_lo-grad07blk40.png	raster-fallback	0	raster-asset	2a127cd02991cf057c408501a89c724560ab3d32ec9ec1077c815d9c46089f05	6399e958c7ff298fab7411b9bec9f4934daa8415a912c59de16a2de312508f62		
699	col bin 2/rgb/col_green_lo-grad07wht-rotCCW.png	raster-fallback	0	raster-asset	2dc7f0675504309c31a77edfbff3ef15f3579b2c9918c19b6e6ffc09567b38b9	e0f713d4b6d0f996afeae546bb3f7ce55c2da691533884b43b7d34f96988c759		
700	col bin 2/rgb/col_green_lo-grad07wht.png	raster-fallback	0	raster-asset	c902a6cf43f7d8d24c296f3aa10376c7536fa0af35242a69e2e69108fc10c116	033c920605388c14b8037b039af51ff7a191fda51e09ae29e8c34f7845fef825		
701	col bin 2/rgb/col_green_lo-grad08blk-rotCCW.png	raster-fallback	0	raster-asset	892d29e278ee0fbc90feac39e313fa33c1b326854773bfce7cbcbf96bd03a38a	0370ddcea0b931220d9f11a19b1a772d12a05432c26c2d4b8c2822e5a07705fc		
702	col bin 2/rgb/col_green_lo-grad08blk.png	raster-fallback	0	raster-asset	639861ce14caaba1cf5dc6233be6ed38a4edcd1491854d4d5e2f1cf2ca33e6b1	b1160c39a379c8da0e09eee876789b6040dc9c620034076073aebc0d71cb7f42		
703	col bin 2/rgb/col_green_lo-grad08blk50-rotCCW.png	raster-fallback	0	raster-asset	4e3cb06babac90e682424d4c519d0eb299f9b156ea40ea0e236933aec2aa1f18	9641365d914c9ae751fd587a451ea91419cf5c4df63debe152fc29a49bd31bf6		
704	col bin 2/rgb/col_green_lo-grad08blk50.png	raster-fallback	0	raster-asset	a1125b59f461a3e4e044fb7ab743f2cd8bdea9f75bbbf1d25d9deff29325ce21	6d7d6a2a46b343b8955817f4f8dbfb8091919032539c5ba272dc599aeb2593dc		
705	col bin 2/rgb/col_green_lo-grad08wht100-rotCCW.png	raster-fallback	0	raster-asset	4b50c3a7eb063ba26719fa1950fd0108b6c70a72f4e4f46668a27579a908bf09	5144d7f70105266b180192f7b9f97a79d22dd50de9bb9e696f2622f761d5683f		
706	col bin 2/rgb/col_green_lo-grad08wht100.png	raster-fallback	0	raster-asset	642ca9198d9ea979fb35cb4de2b33f3b729fd025ece0a2a433096e3b39679fca	8a3c8b23d10da2945e6c2593b3f8119ac1ac9cde05a5070bc31a26ebb8fe23ae		
707	col bin 2/rgb/col_green_lo-grad09blk-rotCCW.png	raster-fallback	0	raster-asset	c846ae09aa7b45143b1b4851eb08b32e8d129dd0444877f0ba301fd2e73f7d41	4e764fa8572149e7f21f2d18ce342ed91ceec07e6ce19d1c9f3d69df32922dc7		
708	col bin 2/rgb/col_green_lo-grad09blk.png	raster-fallback	0	raster-asset	a609e58a96d0dd71c62443016d3a813781a451663b129781e058c6e2b5e59b03	453e22272f53c4be785493da43363167a7a3528de0dd8c3d5226aba4618afd8c		
709	col bin 2/rgb/col_green_lo-grad09wht-rotCCW.png	raster-fallback	0	raster-asset	fa994bc66071916644ef359751cd7997f01a24bbac4e3afeb7dbda6f49475344	61b9a1b3c6f78e2c375bdd76174f9c78fa996640a8b80abed7d725c64871379b		
710	col bin 2/rgb/col_green_lo-grad09wht.png	raster-fallback	0	raster-asset	4850ef7a0ce26365b87b5b1a1b0482d701c86ce7be44cdf5be397992ffbaa9b9	1006e1c052f04264922c08173c132b024d92cb10c245bd26a0c6d3d71d451701		
711	col bin 2/rgb/col_green_lo-grad10blk-rotCCW.png	raster-fallback	0	raster-asset	070b6a10420ff9c48b9cd4a0d3e5b5880a0a220f60f25459f892abd6f6b5aa60	d7f1b184f00d7c76364008c454a9da6bcf2bd3beedd9c0321601c09687ecd1b8		
712	col bin 2/rgb/col_green_lo-grad10blk-rotCW.png	raster-fallback	0	raster-asset	a77507c473ce33b747d7470fa4ce6be6359ae0cb872f07b88b3fe26e4cc4b6d2	ceab57e03704b259f681031d0e1203f1beb514c6289d82b0e86564e76a737b06		
713	col bin 2/rgb/col_green_lo-grad10blk.png	raster-fallback	0	raster-asset	3f5aea7b65834d3954d4e303830f59628d820d73896a92f0f5343ddb4405413d	16dc67d22af356dc5ee64278e7e7fdb1d511ef01a81aa4090d262c0588891689		
714	col bin 2/rgb/col_green_lo-grad10blk50-rotCCW.png	raster-fallback	0	raster-asset	fc710f77d708235f86feab3a464c34a012e92d12dd2f18b06e045274ba4a413a	96a03e86d762f5e67155b5dd87f86f6b35afc255ecb1e2fe1f7e7bdef36e7b44		
715	col bin 2/rgb/col_green_lo-grad10blk50-rotCW.png	raster-fallback	0	raster-asset	1dd82b1e72639c989e5ca3d79c5621a6b2db53270c6085b19158c131b0139594	e00ef2fa5692208b2ef2269f4579abafb2e913fd49d8186f7e14b7e72fa3bf68		
716	col bin 2/rgb/col_green_lo-grad10blk50.png	raster-fallback	0	raster-asset	d21770f94e38fd9b72c3f43f2ec51fc38266c235ee301e678f1348f89fb24240	26dc861717a051a7d011835bfc3368aab75941f99ee6a9cbf0add773e7277283		
717	col bin 2/rgb/col_green_lo-grad10wht100-rotCCW.png	raster-fallback	0	raster-asset	5d882ddf6742a29e316ffd3a15fb915ac1dcec97e0c48bbe861b46a9c9d3e546	435a5429dc94d85f6db993e8298570d773d86fac19c6b09cfaba6741225b9506		
718	col bin 2/rgb/col_green_lo-grad10wht100-rotCW.png	raster-fallback	0	raster-asset	8e91dba32d8af93cb8e50c226da5334c24e557a640d370c3686d1ce4c01ddfb2	6f238a2c713c33c2b706c15f7e1985d5c09c248fd66545d5214d958b5963420e		
719	col bin 2/rgb/col_green_lo-grad10wht100.png	raster-fallback	0	raster-asset	0239db9510c1b741554212ffede149824a471301389141a3ff829b3fe90a3de3	a9b1cfe5907a1fb36250f9f325c295a6ed1464a1a9f073bb3e46b4c021430165		
720	col bin 2/rgb/col_green_lo-grad10wht70-rotCCW.png	raster-fallback	0	raster-asset	4e900a68972ef50e8feab0e8e6b82402d60fec7a6327dc3231ac41e38db490d3	bb5f8e1d562f8e5d46bfc3620dbead3b500ca4bdb63639a8992bd33176268b57		
721	col bin 2/rgb/col_green_lo-grad10wht70-rotCW.png	raster-fallback	0	raster-asset	2b7d69944cfcf2dea2d5a53b7346a4d41c6e9bb166371b2dc1382a2f757b1558	64d3f2d2338d332f535f1caebf41967214e08b6cf2220e65bf10a8fe3ff4ffe2		
722	col bin 2/rgb/col_green_lo-grad10wht70.png	raster-fallback	0	raster-asset	4e7d811e399110837ed62a45192c9a47716a685736d3a14bd1d67ebddf54d5de	4f688ffccd818fa95ae93876078185cc3a33b5192a600b2d9216ead5835e4623		
723	col bin 2/rgb/col_green_lo-grad11blk-rotCCW.png	raster-fallback	0	raster-asset	c55f8902fe0dbb6a1e51a1ad929582f4c8b14d0e7761c13664ceaf32c971b00e	b2d882ad5d2c9a16d13d6314b39823b16176feb5548c9948163a4367c5a41ea5		
724	col bin 2/rgb/col_green_lo-grad11blk-rotCW.png	raster-fallback	0	raster-asset	5c9c603df04e3b1087576526f4db00bc8254f350615a73af359ef01a82dd1536	9e33a3c695e5579b139d09ca4df817fefbdba54e5289b83badbbd4fcf685aec8		
725	col bin 2/rgb/col_green_lo-grad11blk.png	raster-fallback	0	raster-asset	5226fa36363689d3628ca589797f78b29c202b67dae334ef8e0401907a7998f8	01d922a3ce5125d27c4898a486a58d95e43e6995a516a9c7ef7d4c51802b3141		
726	col bin 2/rgb/col_green_lo-grad11wht-rotCCW.png	raster-fallback	0	raster-asset	f1df7cc97b2655a7855c386065b2f01cef6daf07b1553650e10cc11907a8bd45	43454e24a2b73cbf397e6244ba756ea489292afaa0c175839a8ef38073c35bbb		
727	col bin 2/rgb/col_green_lo-grad11wht-rotCW.png	raster-fallback	0	raster-asset	1240719998b73259ca4ccee0be3f22b9f20d263d85dacc12d45d9ecc3c29139a	3f9e9eceb5bfc312374ff8b7ee5a87f608b563d3583d891cdd93c47a7cae2657		
728	col bin 2/rgb/col_green_lo-grad11wht.png	raster-fallback	0	raster-asset	3efd5395219a20c466db7ed94d238b565311d353d7d0677f973be05db9213968	72d63348759b1f1fb633e45368cf8e315adb8028cdb09dfeb8f1cf9995dbb1c1		
729	col bin 2/rgb/col_green_lo-grad11wht60-rotCCW.png	raster-fallback	0	raster-asset	585949dff8d9aad89aa16c5fecf3913bb45755c633ad5c8aa961ff8022d97d9e	7b01daff0aa2c0f73a065a9ee76b13044ccc3cfa6b28623ddf1e5c86a06bc71a		
730	col bin 2/rgb/col_green_lo-grad11wht60-rotCW.png	raster-fallback	0	raster-asset	c2ec7d1fca3e54abae85658ff717eaf76f99f0b0049fb6b6b0ad8bfa98bae987	16405a0e6732c38c4efff3d543c853de81b316e95c7e0aa914f69ae542f52802		
731	col bin 2/rgb/col_green_lo-grad11wht60.png	raster-fallback	0	raster-asset	f0e85eb10c787c78835ee13695f99324307bb3ab23b4d488aa3f19b9d722907c	3d532d98ec6ccb15c50b95fe0296f25e311f69c645b54969fe970103ccba16ac		
732	col bin 2/rgb/col_green_lo-grad12blk-rotCCW.png	raster-fallback	0	raster-asset	3493411199d3710fa4b9c03289e2c8cd1b1e8d3d3e257336da3ab99ea510a059	153723f2b377a5a30cc8b22f6a50554c0ea794f7a26a4f0d251bbc9477eb40db		
733	col bin 2/rgb/col_green_lo-grad12blk-rotCW.png	raster-fallback	0	raster-asset	91cc2b71c76fdc1f225a3a92d99b7d0ffeff9e00e05d62adc5386f3fd346fa7e	4e5ec88e4b300f46428bce31d95c40c56ac9aab6959572e84dd98644d4ab191d		
734	col bin 2/rgb/col_green_lo-grad12blk.png	raster-fallback	0	raster-asset	2c9a014ae8a538bf1af7abeb75125cac86bbb53fe1c8a333b6206d05cb076eb6	98c7c7d4437b4d673adc8b69b89b950764b7b87ed01721dca676947f9df15ebb		
735	col bin 2/rgb/col_green_lo-grad12blk50-rotCCW.png	raster-fallback	0	raster-asset	70f6bb18a1464e7b80cb5df238af5eef5a3c838fa66918274ba314e6f5dae263	e37250dfad470c4e43fee19533176712d459f8918a9d8f638bd4b94f1321c1fe		
736	col bin 2/rgb/col_green_lo-grad12blk50-rotCW.png	raster-fallback	0	raster-asset	9fdd60395392c1fb340b9ad818b3131f807c94b604fe792e95970014064369e3	24dc4e584ebf2f8170fc965aada78ad0750d545926cb4bced1bb70925cb77f76		
737	col bin 2/rgb/col_green_lo-grad12blk50.png	raster-fallback	0	raster-asset	805d09da697f148f5afe4cf4554afd259afaa322afc4792a63e969d7a9e60a5b	321224f0595b35744764901b5468918e5085a14281bb02e669a01537b0fc883f		
738	col bin 2/rgb/col_green_lo-grad12wht-rotCCW.png	raster-fallback	0	raster-asset	14f2705f36f16d22206f2c50bfd5388438b85e57ee76071684fa9a19524c337a	ecb5d264d882172d9f2f2740956bcaf68bf9782f4c28a4db7d4873026cb2903f		
739	col bin 2/rgb/col_green_lo-grad12wht-rotCW.png	raster-fallback	0	raster-asset	c60e37dd200b20931259870279581a85c5e17d0921e1d98ee328d19d0556a465	14c73fdeb78c47bbf1cc041fcbc8f3b4e41bce76587d943fc30e4bfc1af8ac36		
740	col bin 2/rgb/col_green_lo-grad12wht.png	raster-fallback	0	raster-asset	b7e95f8ebfb87087260c8fef21b444d6d3bae359ecaf1c947e2db134cf10baf4	f99c83fc38fea74a49422bb57ca83655902aba01e78a2a90f5859844d8996a26		
741	col bin 2/rgb/col_green_lo-grad13wht-rotCCW.png	raster-fallback	0	raster-asset	a9e9b90996372f765da38c2d3238898b8b675383755f191c19c6e07bfc693f3d	2e1dffc9d22ed0e93fabb9c058bdcee3d71fcb6d3d8b5c800cb30c3e34df9e13		
742	col bin 2/rgb/col_green_lo-grad13wht-rotCW.png	raster-fallback	0	raster-asset	71528b7ebc9180479f451de4171d0baf4d80382ff88040750474d4ef851aa0f8	59ecbf59de9767696f3b0c95c6e3c9ace44c9e876ecc597ceaac08d080abeaa3		
743	col bin 2/rgb/col_green_lo-grad13wht.png	raster-fallback	0	raster-asset	cbd52e28659a544181ed28c77123b92c6c2920c3ea7eeda91c25c79087286cf2	0e4e7d377948570469ab082b482fedc5c706c6d45bd6e98eec4bb7087cd0e8bc		
744	col bin 2/rgb/col_green_lo-grad14blk25.png	raster-fallback	0	raster-asset	33f037a4e2fc01daf50aa9a4123d59536ded87e706b559f5825ca75e5c25c80b	17e40568997596eda7c5660844c2d7c3df6c4b3c444560e9d44a5686b425c456		
745	col bin 2/rgb/col_green_lo-grad14blk50.png	raster-fallback	0	raster-asset	8c11b664e4a2b70176c6bd59e0409175f35ae8134359dd0b3c8c86de0c703fb6	ef3c4837fd6d70af31ec1811afc4dec1007e000d0dbf9d1e1b91680eb66da485		
746	col bin 2/rgb/col_green_lo-grad14wht.png	raster-fallback	0	raster-asset	a6bd6ad80c968a5a955bc38d2adb50d6d5cbfe54d525c15d447e71237a825d91	4b16e7ae078d0fcc14da6fd273d5dd1f3495a78563ce7c559fc11d40a6028f9f		
747	col bin 2/rgb/col_green_lo-grad15blk100.png	raster-fallback	0	raster-asset	c1caea9029642688aca4b529b92d12bfc2b5ac61b3453f724a765c638e4f8683	cbb60d4f9a3d762039c47bc002051f21df675e907dc36dd0a98e472c12f204d0		
748	col bin 2/rgb/col_green_lo-grad15blk25.png	raster-fallback	0	raster-asset	ca4ea2e89253a14d12d3017ae9b0fe1b0be08153541fe0ee0effc28589c40bd3	94477c1eb827e8306b3591f146b54ca308472087dced78d043d4ce8cde07eb3d		
749	col bin 2/rgb/col_green_lo-grad15blk50.png	raster-fallback	0	raster-asset	1458741ec87d7f2d3b5dbadd94aa7e6d3f8f3ddd62727c8a694ca8821a1fef0c	d9cdff1b56e8bfbefce09fac4ae6c2b603a61ffce96dff3fd4783de92c7b4426		
750	col bin 2/rgb/col_green_lo-grad15wht.png	raster-fallback	0	raster-asset	72d4b73491b062fece9d440b25a746d422ca3a863e8b8fad8c87bee3edb13169	c2bc08a8cfe2fd0ec8b60eb372e49178d80bc84e4dc4d6aad37e5af4b8b057c3		
751	col bin 2/rgb/col_green_lo-grad16blk20.png	raster-fallback	0	raster-asset	8cfed864dcdac62c953061d8f22509ce18ee971fdd6e64ca03ec2d2da77710a5	3f1624511b72b70a661d0fdbb65b945ce48000484d10a40d1fb374c5a86c55d1		
752	col bin 2/rgb/col_green_lo-grad16wht.png	raster-fallback	0	raster-asset	dd205db7e89f3b1e14ae87ce323601f2278a478daab9fb480c3aeb82afa4726c	029d1328a4410362367e30dc6206ddec522d1dfed6ef1469bd2f1222806f3e4f		
753	col bin 2/rgb/col_green_lo-grad17blk.png	raster-fallback	0	raster-asset	624893a52d7f88dae69d792691c6974bfe5f18532dbbb8a4ca28751357a665b8	f6490789f5e91bfd4da851a0318f6706308c33a7fd5e99b163f5b274983505df		
754	col bin 2/rgb/col_green_lo-grad17blk50.png	raster-fallback	0	raster-asset	bb15f2634be7794e7773d01bb36d4341cc97ee277c6b85f322a28992d3ad4a7a	ca8a9bcb78e140c910e32e8501f1ecbc8874452017bba8323b78c1a0559f4964		
755	col bin 2/rgb/col_green_lo-grad17wht.png	raster-fallback	0	raster-asset	6b5ada93d5215780b156b5fad33bff96f0ea903ed98ec129b36e808ed0548225	2e7b1bccc041e04f5bc5940afc25fac65dbc0658708628ecf5caebcb1186a86f		
756	col bin 2/rgb/col_green_lo.png	byte-alias	0	byte-alias	d6025b35b705dbd83b16bd7696413ac5464fafc53a12b3b5cb751b99dca431d1	8cd5d591f270addc648d9ed30e9ef88834acf3d66422c7d6b7edfc00aba2c8cc	bytes	col/col_green_lo.png
757	col bin 2/rgb/col_pink_hi-grad00blk100.png	raster-fallback	0	raster-asset	b1cea37d56753ae59892d24259f33378566cb231d089d49981292c85e93629b1	0568dfec7a661bacda218a6005e100dc0a788a8d7337bcf982567649fbfb92e1		
758	col bin 2/rgb/col_pink_hi-grad00blk25.png	raster-fallback	0	raster-asset	ababa526743c965bb3254ffc9075910d9aa4ef205793aa94a7ac338e37f671fd	cdd93ea89484bbdc1ee62207d572d172f59a74b53ed31cc980bc04c389e67277		
759	col bin 2/rgb/col_pink_hi-grad00wht.png	raster-fallback	0	raster-asset	db3ee59b324ba6d65c5b8a71eafa1e8e938f5cc8d035185c9428b9953041d6f7	5b81900fd3143cc2d20662d0da36b17cca744d175ec354d9e24f12d54394120e		
760	col bin 2/rgb/col_pink_hi-grad01blk100.png	raster-fallback	0	raster-asset	829ef1e84c3e1dae42c1b47c63a722ae1d52b5ebb09179f7728234bc7ccca63d	641da2e96730397fc2461ec120515c765ee054c1b255ac6778c20f60fb47942e		
761	col bin 2/rgb/col_pink_hi-grad01blk25.png	raster-fallback	0	raster-asset	1931d2b3e3aea4f948f71fff8102c05ee5a0106c8be6952ee6b6586db60d33ba	8910387feaa9fee92afdf00e47dd0931acc8751f7183084fcaf0eb8ffa2caf79		
762	col bin 2/rgb/col_pink_hi-grad01wht.png	raster-fallback	0	raster-asset	fdf6aca2e7dc46fe34330f664fad28ed33be865bf683e21953a90d4a51a43c54	4fba7deec3d7443a83db2f45d921e41a933657593fd94b4dac0150d2485bd2f9		
763	col bin 2/rgb/col_pink_hi-grad02blk100.png	raster-fallback	0	raster-asset	2ccc2e5bb15dddf5a337f8a383e16c3c646233988c1222fa2e8f1cc0b80a20ef	d334a58f6ed730792b456262da9bf7ff7d0aa4fe4fed3dabe76184558a37644a		
764	col bin 2/rgb/col_pink_hi-grad02blk50.png	raster-fallback	0	raster-asset	3c69baed9e4656010145f86ebc627ffce345ff5445d52244c7f6509d31da9b71	19d7f62dad303bb5ef9c9708148e1744f5f3b4f9bfac324a0ba337f566dc182f		
765	col bin 2/rgb/col_pink_hi-grad02wht.png	raster-fallback	0	raster-asset	edc51a5f6e7026b961c47ee7b99a32874dcd7204a5c5360f9cb3ae9fb187dd97	f0f6e2e76001bccba32114e7b18eda023f5582154c3660c1afd3a6f5b2ff165f		
766	col bin 2/rgb/col_pink_hi-grad03blk100.png	raster-fallback	0	raster-asset	abaaaa97800dbe34a596b8544b5283f2dd57f2312b062b6bf6787c13feb411c4	bb6a9aadb5780a7728f91c1823ed0cf1cf64baafedf42a4e7bc16a168df1d743		
767	col bin 2/rgb/col_pink_hi-grad03blk25.png	raster-fallback	0	raster-asset	c05186ac74f9b35fbc78f0c61f6ff36f255c1967ae7416c6e837f7866e755acd	90d59e45bb4bc65e2e27d178961f5b00a55f7221a9f8da4243210ecec98c5298		
768	col bin 2/rgb/col_pink_hi-grad03blk50.png	raster-fallback	0	raster-asset	27042c7e2abfdf22b7231f041b1a31e7ad885325905f6c884a113b54838941b4	d2aee4808118c28a9bbbeb5ffb1c2f9d66818639bb2c6ac62be35e6bbb3a6f8c		
769	col bin 2/rgb/col_pink_hi-grad03wht100.png	raster-fallback	0	raster-asset	af701ead49e6d5323a637f151e851584fc7d9e109372603c9b816484b34939ee	1e98f5e975f05b9512025894a366edfae3d1a737320430bd612202021b179722		
770	col bin 2/rgb/col_pink_hi-grad04blk100.png	raster-fallback	0	raster-asset	1f8c35e1ee6daed1724d5576a2459ab7b73439609d7fc0465ba83ff1af35d3bd	e90d93f4886910d33bea0ec58572f25df8f014774d6905cbbb7432173fb0befb		
771	col bin 2/rgb/col_pink_hi-grad04blk50.png	raster-fallback	0	raster-asset	c87c4f2b7beaff51f1ace9e21c4ed05d516276f7df9eaab29e39b1e4b31d87c0	254e7a6ba4bbda761fac3b0ee6a7c2f0acd2d8e5fd5c049b37f9a78fbceeb479		
772	col bin 2/rgb/col_pink_hi-grad04wht.png	raster-fallback	0	raster-asset	65e6d241ef68f907ce66335a8686e6557a0f59d2f248bfb91f405a0db50dc3a9	d8d08286595b43d1a58b34be44f8db74f3fe6bee28a533db07a7c3ee574a9324		
773	col bin 2/rgb/col_pink_hi-grad05blk100.png	raster-fallback	0	raster-asset	04332cdeb1c47e079c0bc87635ee32d45b587fc3181041fc5d192e6c7d310610	714925a862056f4eb22aae64bcb02ea56a94985d179b302567ee3ef3b57c2aee		
774	col bin 2/rgb/col_pink_hi-grad05blk50.png	raster-fallback	0	raster-asset	1bb249a9a06b51bc925eb92029addd79c2920e6dccdbae7a5caff7d8ba74e990	2ac72552181f721325dc0608598066869eb0c37d38bb48de2c1acd1daebc0edb		
775	col bin 2/rgb/col_pink_hi-grad05wht50.png	raster-fallback	0	raster-asset	ece6ffc43865bd838cdc23ae5bd7a545c0e7f5da226392339a8ca20ba652b57d	5dc61b2764e40520730bb6e2690316e5089b2c78de56746c76101ed1cccd254d		
776	col bin 2/rgb/col_pink_hi-grad06blk40.png	raster-fallback	0	raster-asset	a783773fa1fe2d46f389681df25fe0436ea69e9c918ccc8b272351b29daf552b	e9cf805828ff3aa1963b12da624585e079c5acc5d7d4e862ad8554175810af62		
777	col bin 2/rgb/col_pink_hi-grad07blk40-rotCCW.png	raster-fallback	0	raster-asset	1000cd5b6a57ab13ccddf09773a66887731a78cf846f38227bc4d570035d32fa	c6558f9361f3d0584467f29a1cbd34ac67c92c70dadf070bce72554f7eb2d1f3		
778	col bin 2/rgb/col_pink_hi-grad07blk40.png	raster-fallback	0	raster-asset	90c8a0e5c6d9eafd9dd59982bb813fc054f3954c78ec3dda64dacbd6faf60b01	1fd6aec6f0ee29d23070aa59dfe4c9ab86e64b1c4f7935f6835bfe2b032ea3e7		
779	col bin 2/rgb/col_pink_hi-grad07wht-rotCCW.png	raster-fallback	0	raster-asset	20a69c5d6842af915a60c8876f09d8b4cd168c8c63eafa647db5e465b3a0a097	2874a89eff78928ed495708d4aab5b337d8a227a9e1c1904f5e17f4bafc635be		
780	col bin 2/rgb/col_pink_hi-grad07wht.png	raster-fallback	0	raster-asset	325fde92408497a3a517467d6f66d709db8bf21af1ed2170ecec6696232d5846	26e0bff8f6c94e4f4dcf79b384810d32307cf2732231a8d742306ff71d725c7b		
781	col bin 2/rgb/col_pink_hi-grad08blk-rotCCW.png	raster-fallback	0	raster-asset	add8a56b5ba1eef28ac5ab8d374496cccfb3c63d2d36dc02ebb171aec17897e1	61db3dfb32422a3c0f49dbe4d193d1f8901e8a7ead30c998224f04596ff386ab		
782	col bin 2/rgb/col_pink_hi-grad08blk.png	raster-fallback	0	raster-asset	dc649f010c142b02ce7c99ceb1e3f327ebb899bc2be17237fb3bf6de2a5730ba	eda57d1f0db8ab41a618777ee6e53c714a82e4db49a897196d8517ace623497d		
783	col bin 2/rgb/col_pink_hi-grad08blk50-rotCCW.png	raster-fallback	0	raster-asset	482b4e5b8f968f5b9a66881efd7cd4891e6a81926adc8964291a7d4c2ef62d9b	7d367747650da5825f309515f09b70254104bfca4a868a29940416cc730428a7		
784	col bin 2/rgb/col_pink_hi-grad08blk50.png	raster-fallback	0	raster-asset	b549486254ed6c3d769d544314eb705d09f91ce58e053f6129287fbfa212471c	0d86d652fc26fdc8edcbcb2cd54ed1a70b4b25d15a15b8137acfb22de6c7305c		
785	col bin 2/rgb/col_pink_hi-grad08wht100-rotCCW.png	raster-fallback	0	raster-asset	5ed340a37c4f4ec1427c7b91037666215ce435f067c75bec1fba82a67cc37e76	5012f8a881c2b2134c292d3d5fc43067260bc61a872915d7bf593ada7f9de800		
786	col bin 2/rgb/col_pink_hi-grad08wht100.png	raster-fallback	0	raster-asset	9620c38edf62f89ff812f9ab078b082a3e347647b18b257da65854f2779b1ccc	86f0377fd12ffa762e3de28a7c25275a7d0f5c359fe38f092ac2200b4c58a174		
787	col bin 2/rgb/col_pink_hi-grad09blk-rotCCW.png	raster-fallback	0	raster-asset	10e463e61ffbf6d74bf0c77610d7803f640c2629cd5ef9ac43611f48b070810d	a890fea448de602688005bbcc3b22a1563b691de7b4d1b6a4babba513a762386		
788	col bin 2/rgb/col_pink_hi-grad09blk.png	raster-fallback	0	raster-asset	d4ee773e48999bef4373f2dea2b313e608753020501bf45b8b88923cbffb229f	c9430b0c5a9cd2d0a9a8b2a1d75a19bf51a29e536b26e34d11127f15e5ab7844		
789	col bin 2/rgb/col_pink_hi-grad09wht-rotCCW.png	raster-fallback	0	raster-asset	f6305e12d99daf69ba153e71e631f44651c8f68d24270458b24c12efb31279d4	8f581ea02a25b3c116ee877c333514afed7198876b18ebdac7458b4637ca4c58		
790	col bin 2/rgb/col_pink_hi-grad09wht.png	raster-fallback	0	raster-asset	21a80020ba02df823838ac346ddf659f247427aaf0ea70967e4430eb4435fb95	f52050a33532f8083454947dd9722572ac1d14f5ee3dd2517028c828e5f71825		
791	col bin 2/rgb/col_pink_hi-grad10blk-rotCCW.png	raster-fallback	0	raster-asset	fe37bea91658f4e468f11a9921d4301ebe493db47397057587028331aba3f27e	7512804b3047c550f30b594bebe69b59094ecdd3e9b855a73d95c201657d36db		
792	col bin 2/rgb/col_pink_hi-grad10blk-rotCW.png	raster-fallback	0	raster-asset	c587a3919b0205b0088e693ce3a6fa493fd6804f935c225a15256f176f5fcfc6	0d53838c341ffba9d064229b9d27d5e7fb602b5878fa43123dec8617967ea550		
793	col bin 2/rgb/col_pink_hi-grad10blk.png	raster-fallback	0	raster-asset	9c0895dee256fda9909b5fa9b49f448e780bebb865f9505001a7cece735616e3	73f4d5a44c115dfbddf9b2a5a295e2f0ed5181ab503b637cf1d9cae127b6de74		
794	col bin 2/rgb/col_pink_hi-grad10blk50-rotCCW.png	raster-fallback	0	raster-asset	6bd0065d27cd4030c918193b325ba4a77139959d9541551eaf6304060b031971	1ca19c2006f990e567e2ad854acf222ddfe4a9eed3ca7e6f92ef8f381074a1b2		
795	col bin 2/rgb/col_pink_hi-grad10blk50-rotCW.png	raster-fallback	0	raster-asset	4e7706a96d769c0eb0fffa6ac93b5b76437e893d1aef6a16310a5aee10b677fa	19e66038fa05b1b842cd6797d6e726600669f414949d0aea653c44fb956720a9		
796	col bin 2/rgb/col_pink_hi-grad10blk50.png	raster-fallback	0	raster-asset	660cc1c38434df2ce7c556a24cf1fb6854e842fe6285e36184615402fc1e9d02	25155ee136553902ab5b22f5880e323e6018c735a8e919a6c0947fab25eb09ea		
797	col bin 2/rgb/col_pink_hi-grad10wht100-rotCCW.png	raster-fallback	0	raster-asset	3c1a71dffa6d2eda462110549379a7e7ea12214e9d8c76b32fb85a4dd3cf045b	1c127a482d568222bfcf500c0d08ca48a19a46c54107032c4f77eeb1764ea566		
798	col bin 2/rgb/col_pink_hi-grad10wht100-rotCW.png	raster-fallback	0	raster-asset	bdd788ad9e92989070f3c9c09e5cb56d66f8683232dc2ee37329f2899a2aad45	fd9aeba7d40661d61d615a2f84788fdc44042d7367255808d7686a00cc7da59d		
799	col bin 2/rgb/col_pink_hi-grad10wht100.png	raster-fallback	0	raster-asset	186a5b55c9639380376a3854674834e8214f78f9e174d0e1c3c38dadab16cac8	2d12186155471f72024d1e9f90dd436e25a783c1ee6c9a8c38ee9bdd56823429		
800	col bin 2/rgb/col_pink_hi-grad10wht70-rotCCW.png	raster-fallback	0	raster-asset	17eb32567b4ef3674046cd8c1f80c37c56c994ab28bf102738596c8a0b3c0da3	33f199db7d36e23f4da842b8d4fcfa0d5c875ec6ba3758febd96bc20e9787b4c		
801	col bin 2/rgb/col_pink_hi-grad10wht70-rotCW.png	raster-fallback	0	raster-asset	8be34820bbceae27d946fa6b37f377fd05e89ed74405867b834beb3a760d39b6	2ac8f0097b3129d26b3b4d74ce541dff6a85b59aa4cc5c20276a9c8db874d34f		
802	col bin 2/rgb/col_pink_hi-grad10wht70.png	raster-fallback	0	raster-asset	67ca39b7e1b2b5373263fbf7cdd2adb68bf2a5ca977d37f72f04ac9fa778192f	88f5e21f56e9865f9f0b7357a599ae3d213d931ef28cbcfd852c4b40fa8b3995		
803	col bin 2/rgb/col_pink_hi-grad11blk-rotCCW.png	raster-fallback	0	raster-asset	a4f5ebb45fe6e26e5e8a60f1aae8130810f31efa6940ce2483ccda9395c1f343	87d96040ff2c2b9694daa18216b62c8d71e3afcd056a7d679f676f694d2d6176		
804	col bin 2/rgb/col_pink_hi-grad11blk-rotCW.png	raster-fallback	0	raster-asset	4aac0b53c6150981381194b51cc2de29e1fb7d1c7fc0ba77479238ef5dad335d	8753b4660890a60ecb2f7b23bbb5a443bf205475fd49b6f6f53850eae768b94b		
805	col bin 2/rgb/col_pink_hi-grad11blk.png	raster-fallback	0	raster-asset	9da50f93223836567cbe16a231fdf95b1bc935a07537c1515012e5df19bd9822	d86646412e35789a954b903bac0759827bfa278bc3b5094b04c1a7f989e5d796		
806	col bin 2/rgb/col_pink_hi-grad11wht-rotCCW.png	raster-fallback	0	raster-asset	1ea01eb0bf0672245615839ef816ba46b58fcd35467dad22a1d2755d6040694f	dd6f815a29d093ec278c1861b0595b293e6b7914935dd33cb30c3ba46ffa7a35		
807	col bin 2/rgb/col_pink_hi-grad11wht-rotCW.png	raster-fallback	0	raster-asset	da04c83b452999d67993b784a45c5af05c8ff37e656089bb6bcfbf58fd0a2a60	bae795bf89bfec5e34465bb6ce11f7ec0d5e15e9ab7ab5d42a0846e8a3cd6366		
808	col bin 2/rgb/col_pink_hi-grad11wht.png	raster-fallback	0	raster-asset	641a9ff9de744fc721102fda9ecaec599ce547ab0bce0bd82350c18ca63e1616	8ee2ded004dd7b929f4e9fd70b1b0103aa24ce239655f1ecc423525b86c71d49		
809	col bin 2/rgb/col_pink_hi-grad11wht60-rotCCW.png	raster-fallback	0	raster-asset	b5730c8ed75bfdceff4a9d06df632e1a7b131c75400c507839cb5d31066c247d	5aa85f43225e2d4c1e5be007b6dbdad8ada3c036257c5f351afb9c013c628b9e		
810	col bin 2/rgb/col_pink_hi-grad11wht60-rotCW.png	raster-fallback	0	raster-asset	e9bf2480ec35e9d200866d238149c4bdf902e62ed74942ff126c15850d16a29c	b3324880e5a33eaa9a2e4921c2c3b90e88433cb14b0f4c2d148938e388a3e768		
811	col bin 2/rgb/col_pink_hi-grad11wht60.png	raster-fallback	0	raster-asset	eebbf7b040639a25a4cfeb888339025d68a8dbb9d34359af55451ea2e077cc37	44a70b9d7fd76ed3ddb30d07176e1ee67f80b1fcc60f7e624e5c19f937d5272f		
812	col bin 2/rgb/col_pink_hi-grad12blk-rotCCW.png	raster-fallback	0	raster-asset	ed0fe9ccbf184de784a69036f507a6ea74cf4958df8b95492ac22f1bbac1416d	eeea45bacb7678f648601d7100a72329aab9963833fb201b4dfb2d3ec2bd3686		
813	col bin 2/rgb/col_pink_hi-grad12blk-rotCW.png	raster-fallback	0	raster-asset	b9051182ae0931bdb6f001da74e765658313120da6a804939cfda5d309e47c2b	1ab248b143b8c8266d1b9f8fbacad66d2f62478b19529d92167db0d4bdb1d638		
814	col bin 2/rgb/col_pink_hi-grad12blk.png	raster-fallback	0	raster-asset	97f18274a123123ee3116864d10ff1a25ef210d898236d62a5291f5b4e455a8c	7b1ca2dff30d2c352f2840abc70705fe7c6626d338e1710dbd225e9ab54a4ccd		
815	col bin 2/rgb/col_pink_hi-grad12blk50-rotCCW.png	raster-fallback	0	raster-asset	64ec1180b9b9d765c83ef149ea74d58745bd39e09a6b317f5043f1be9b4a8059	90fa71abe47792fc221b1c1c2f0b6e159f39280886148b509887afba5bc4fe41		
816	col bin 2/rgb/col_pink_hi-grad12blk50-rotCW.png	raster-fallback	0	raster-asset	90131cc1eedc154d1abddc63169ce488ea9ef8be266e2c47056ef70f8c6471d2	b7034d6a2819f52a83cc0018d1b32e01595898c5eabaa04ac736ff38e7dc585c		
817	col bin 2/rgb/col_pink_hi-grad12blk50.png	raster-fallback	0	raster-asset	b2850eedefb1b38feb30557920828b2177d7fb5c02e3b872749713ef1f7ad12c	760ea8d015ff92665abc139a1eda47aaf39c5ee7187e4bd687c4481c8a3df1e6		
818	col bin 2/rgb/col_pink_hi-grad12wht-rotCCW.png	raster-fallback	0	raster-asset	48c9f9eb3d656c8bc41a69327d0733e102f4592e1bb32f43e0d52e124a790157	41230c4d1e6cb09089f4dd7f112a82b83444cd415841cf918f78e68c82bfeea1		
819	col bin 2/rgb/col_pink_hi-grad12wht-rotCW.png	raster-fallback	0	raster-asset	894513be13a2e028de292702c4d13983bec3a9e2363c79d713867bba28e5fdba	1829211eab47f920df914bb622ed1ab1f127cc6cea06027e71e6bf11952c3e2b		
820	col bin 2/rgb/col_pink_hi-grad12wht.png	raster-fallback	0	raster-asset	53d9eba0d6920d700a26141550c0cf7ccb5a90e14f3e0403e0b00f942f15a3d1	bbc4fef0a894464365db1366a70eea7c6254159dd55a762c03d3bc4b881ff6a5		
821	col bin 2/rgb/col_pink_hi-grad13wht-rotCCW.png	raster-fallback	0	raster-asset	83c9214e07794b69b84c27b28e7e0d39b8183bf59a3f79017390fac008841b8c	8d820460c8c04ae90aea69f09d6d80092614f3de5ab19793ed667659a0856db7		
822	col bin 2/rgb/col_pink_hi-grad13wht-rotCW.png	raster-fallback	0	raster-asset	4b492a15185778f18e5abc517604dbc8216aad187671109226f5ddf97e6b4337	c0537adfe807620eb40d88b152abe973e297914d41d663ac18f47ee5badde23c		
823	col bin 2/rgb/col_pink_hi-grad13wht.png	raster-fallback	0	raster-asset	7f6958bdb926bca7cac9ef5fbe2fcc63c86422241ad6647300b31b9b9f05280c	45302fcf7dccfb5cfce5afcd38d5471edf95599897da579baf8a9d7cba4044bd		
824	col bin 2/rgb/col_pink_hi-grad14blk25.png	raster-fallback	0	raster-asset	fdb0e655fb496fd8c6a50437c9c1272384701d762d9bf6391629b97cc64b7d8c	33c8b958e810d12c7f7df7b718723b3cb2129dab171ceec35accf1b8dde26032		
825	col bin 2/rgb/col_pink_hi-grad14blk50.png	raster-fallback	0	raster-asset	f800c75b0251a93da4bef6191ed3fa5c48177d571e248e6782d11249ad682b83	8b65b9415cbae2d1ecc0496c30301186a641677c2566ba45bcd5117c76cea372		
826	col bin 2/rgb/col_pink_hi-grad14wht.png	raster-fallback	0	raster-asset	843b2af5e9cebf0525050e9ca188ef6b3837141fec151e9abb88e975cc818fa7	e2066bf688c7735cf16c20405d061c44eb8d9bc71716a6dcabdcce9d22d73953		
827	col bin 2/rgb/col_pink_hi-grad15blk100.png	raster-fallback	0	raster-asset	751e7d1e8500a7147be1da47528b1d712eb881f8366973ab45d7c1e168cec29b	3c06a3424548f30a34b8913acd04cc080245d3a0292d772b1ff0b480605c496a		
828	col bin 2/rgb/col_pink_hi-grad15blk25.png	raster-fallback	0	raster-asset	d4e7d2d833d156581622916d95982226d8e390d85487e6a1f9bc8408df59fb18	3b053d4ee8da9f192f1aa97a585349651e25344a7390ff6050191009258e22c9		
829	col bin 2/rgb/col_pink_hi-grad15blk50.png	raster-fallback	0	raster-asset	24212fca6831c9e91ce10f3e9a64f10e7edeb960b41ad5c77b5d24cfe52cc5f4	cdff425379621050a43dbd2c5d05d12d7a75b3f2fc606c477fd2f3484fd44b6c		
830	col bin 2/rgb/col_pink_hi-grad15wht.png	raster-fallback	0	raster-asset	156d27f88bc80d3d4d8d54fa238f15de40ba8ea59d85d0110e28f10d5378e5a9	d44babb3a8b233db0e828d3c3dc08c79db24817698e8d01dde511fef45f23729		
831	col bin 2/rgb/col_pink_hi-grad16blk20.png	raster-fallback	0	raster-asset	c44986a96ec7dad281c4744b51cffe460f4fbd87bd08b94eb048e5c10324c869	dacef8549d22604d3b99dd63b548cdcec3b75028fa6ba808f4cd8b3bffd47fab		
832	col bin 2/rgb/col_pink_hi-grad16wht.png	raster-fallback	0	raster-asset	af47929d23d1bcfc2559e54cfaeb4f5fb9edff6e1c9718917f54f544cf14f43b	a921259093c4ce8bf35472c581352e29f67557b2f493da1bff2c9574b0542c37		
833	col bin 2/rgb/col_pink_hi-grad17blk.png	raster-fallback	0	raster-asset	9ebb1a25f7549b75b6e03dfa1990d38c14999ccfffdc041138e5a979a1ca3987	283ae5c484c014b062aaec869986eb5fafde22a7128acf6efdecf7739c09f99a		
834	col bin 2/rgb/col_pink_hi-grad17blk50.png	raster-fallback	0	raster-asset	e5e05e975cdd9aa13b4c2b23b727fea1c393274aa8913b396379b8df8833b9ae	8d98c32b3b0c167572a9b5c6488fbd7e4b31cba582945ee5c8c105e6e61074b6		
835	col bin 2/rgb/col_pink_hi-grad17wht.png	raster-fallback	0	raster-asset	be33905668cae0e2e01df561852dac0c8a9cafb07c12c74fe5eaefb641369a6f	1cc67e41eb82c0771de40a4563a6f503cfcb9bef53d539d97ed07762ab867079		
836	col bin 2/rgb/col_pink_hi.png	byte-alias	0	byte-alias	da97c4547c0000c0e3b6afba6bbed63c835a948d33bcd05b99e221089046d8da	b7b9d9f30476e991f32ae9d87f3ba7b3344612218e75e2d97e36a956998f2d5e	bytes	col/col_pink_hi.png
837	col bin 2/rgb/col_pink_lo-grad00blk100.png	raster-fallback	0	raster-asset	cedbcd4e0b85ff5082a3be7be2d8d383bc04cb55c9ecdc8bbbc18cff5edb6f96	9aa8c56c7f74c2d7e4e4d4a846018f91341f025f2257cef3b3514a36c91d4da7		
838	col bin 2/rgb/col_pink_lo-grad00blk25.png	raster-fallback	0	raster-asset	39bad40aa4a1e47ec273c70061e09ef69ad0b0deb2d84ef84f0651e3ef923b2a	6f8e928e5000bf65bc7d7b8ce919ee7bbbf06d51088e40936624d48997fc1a99		
839	col bin 2/rgb/col_pink_lo-grad00wht.png	raster-fallback	0	raster-asset	9f1ee13014de7dbe3254c8e9aa2dd2ebd1202cb679cf38de10a37dc67bc73f2a	b187b5c140068630635d50456cda1ca7f0e3378909ad306653439dff86cc051f		
840	col bin 2/rgb/col_pink_lo-grad01blk100.png	raster-fallback	0	raster-asset	73a6572bd70dfb871940e83d9aace0cd69e0509eaf5f026506a5b88a5b8ae5e5	c52afa21066baf9babe8c18cfe551c53f55fdb2b26edd6d75cbbeb748693c0aa		
841	col bin 2/rgb/col_pink_lo-grad01blk25.png	raster-fallback	0	raster-asset	8fe04c13b17a585c5972fdc5478796d768db430ccd274cd325b869ecec04a577	73f6d6c1fe788e5944a298864c53b639af0728d671e7a5e7ed783c3a43b6f4d3		
842	col bin 2/rgb/col_pink_lo-grad01wht.png	raster-fallback	0	raster-asset	822a7a052c2c429bc6aeb772b866040a641e6d95c197cc11a4ef06d1e901c24c	a3fe3534689ac774a4276786e54f8d87b4e2c85dcf117401e3efdd5533504dd6		
843	col bin 2/rgb/col_pink_lo-grad02blk100.png	raster-fallback	0	raster-asset	2705f72891580cb7491f93c3fee6c1fce1664760de2bfb7cb3e0294fc2574ea6	cd9c678d03f412c134d4fbbaa96ff962315ee44f61b38063f7dec9a0c0930e0f		
844	col bin 2/rgb/col_pink_lo-grad02blk50.png	raster-fallback	0	raster-asset	8309808638227a9703d08cc7f1cc6be55acb312268d88d9b476189e727aca91b	16016935d2c66180688ea7aefac0b627fd42613ccc2fb9e5e9a15eba46b7306a		
845	col bin 2/rgb/col_pink_lo-grad02wht.png	raster-fallback	0	raster-asset	db0a7ab180ace207d8a5ed635405259e09123eab816a51a9ccfc2a221a2cbddb	925d8dcb1842e7630859b872d16a10b4e7fe01b91acb0fb6c0b90f7b1070aca1		
846	col bin 2/rgb/col_pink_lo-grad03blk100.png	raster-fallback	0	raster-asset	024621fc92674aea939ee0bb6462c7e22931defa2726a7ed5499e7abdebb0e7a	c384a4bacf99d9c715df91bd27a2a82740a9a5713ce3e448e12a7836540a8c1a		
847	col bin 2/rgb/col_pink_lo-grad03blk25.png	raster-fallback	0	raster-asset	237fdd7d31a40333d71f916cb398198c4b61ee465a6f4263f2aa5a8b53efe89a	9622c4ce85d39d446d96c5dda741754c9f00f45b0d75cf1945f98e08bcdec4fa		
848	col bin 2/rgb/col_pink_lo-grad03blk50.png	raster-fallback	0	raster-asset	2f818195882b63beca3459128d7cc60d35e33bfc57a2bd46aff36479ff03f5a4	4d68c00e28604f0eb9be258e14db83f4b4eb7e5d4c974e7299335ca7cdc6d609		
849	col bin 2/rgb/col_pink_lo-grad03wht100.png	raster-fallback	0	raster-asset	87e4c63c9f2006b7c50fd661847aae9c8f21d4755212ab10a97a505aa44cf37c	c5b4cc4ab7202569e23e0fb501621aef200d322ad2e0f3f5d41a22ae78072fe7		
850	col bin 2/rgb/col_pink_lo-grad04blk100.png	raster-fallback	0	raster-asset	876cf46e68dabcd8b5d83110547dd5794b9c291b6810f2f78da69f5a022122fd	935cb55ed314365eebe8cfeef2002ecb113de2c5ac583319d6534fd7e1f94131		
851	col bin 2/rgb/col_pink_lo-grad04blk50.png	raster-fallback	0	raster-asset	47caaf76baf4c122acf0d6ab9f96d9bc3b583e1fbc0a7a456ad52854e7398ae6	d592717d2803601b1802486cacf18d122a35c0ff29eeaeb4455e75d290c76f17		
852	col bin 2/rgb/col_pink_lo-grad04wht.png	raster-fallback	0	raster-asset	2c64f4a18d10e6c972ad7b657d3b0f501dadfafbf23498143aee02806176744a	e537dcc661ca1cb9891521efd49f6ebcc53b75b50e93e02014a1950de8ce1696		
853	col bin 2/rgb/col_pink_lo-grad05blk100.png	raster-fallback	0	raster-asset	302d9d637b020dcd35cb5b60c4bcb846a76564e2d1c59b484a1d05eac2841a23	f1c4baab7a16281e1d2a805eef504a3d864ef5ce57fa7fd3b156c50b30ea929a		
854	col bin 2/rgb/col_pink_lo-grad05blk50.png	raster-fallback	0	raster-asset	55e4505a45d8cdd477b886ebfc4c586e9087123b0149e6511104e30503bf5ccc	8e26076deae9f043f89478673b21f8aed926cfe585b0d20e70ddcef693b724ef		
855	col bin 2/rgb/col_pink_lo-grad05wht50.png	raster-fallback	0	raster-asset	830dd05ccaecbeedc3e29430c4a52cf521c995967cf3b28fb5122c0ddc0e3add	02d686ac53976f58eb609673982f655535740112d01b6ecfb038af1292366d97		
856	col bin 2/rgb/col_pink_lo-grad06blk40.png	raster-fallback	0	raster-asset	671a3b44b4a38d7fafd5e2b2b4a2618b5f9cd4d46fd490c7b4dd9e15e25bf945	2beca2a07b2ce31ec57d6b9099fc1c03d698f57727cab3492e08f756c0020129		
857	col bin 2/rgb/col_pink_lo-grad07blk40-rotCCW.png	raster-fallback	0	raster-asset	676a42dfb557e3f133c0be68610ea26bdf98d83d81de4afba1c06ab3457af72a	0d6067a5890e8b3dd0aa6b966ad25c277bd7ce29b17310f8371368e900b7a1b0		
858	col bin 2/rgb/col_pink_lo-grad07blk40.png	raster-fallback	0	raster-asset	f3139c5112fd12c713badac70aa8f73b2a22c0a1941f32f08eda244d33807969	aa54ebd0ff939cf2e3059bec29ff45f435668ef7f071d3bf5220d2abfc98464a		
859	col bin 2/rgb/col_pink_lo-grad07wht-rotCCW.png	raster-fallback	0	raster-asset	ebbd214296f259d6d40eb91680f8776e257c4b873dcf99f352ce60610d58e958	aa0d74d525dff1da4281af526426e6b386366005d047bcec16d5d14af6723489		
860	col bin 2/rgb/col_pink_lo-grad07wht.png	raster-fallback	0	raster-asset	6cb2e8ce82d12163573b5b0604d96a4e92efa2a8c84859e4ea97577fbfd6cab5	e4c79805e524d791b7603ad08302bd957c85c814b75ca03c17c832a106b70dfd		
861	col bin 2/rgb/col_pink_lo-grad08blk-rotCCW.png	raster-fallback	0	raster-asset	2690629d545fb06ae9a284e0c017def821e9bbb5d9bb34c9a63498c300e53fa1	093bea707d91201445a2174b37491a2d60dc768b6a7d74af96daae03bec1045e		
862	col bin 2/rgb/col_pink_lo-grad08blk.png	raster-fallback	0	raster-asset	1ec798ec20ecc5f889e72e6ecac1534269b52b636c12be89fe7f53e36a1a09ce	b73dfae1918941f4eee10e9fecee764ee8b2b7be6b668b6f74c03193910babec		
863	col bin 2/rgb/col_pink_lo-grad08blk50-rotCCW.png	raster-fallback	0	raster-asset	e1c5f137f517a53fe785eaaa0ab951858acc15866c8e6235c0571585c69b4b15	62bd46bbf78a915e6af9541011caa2c6af9ed6499baaaf14d7d320caff40e3cf		
864	col bin 2/rgb/col_pink_lo-grad08blk50.png	raster-fallback	0	raster-asset	c64d7a7aa531f716c57c5889561d86e045018e91c921420fa55418ad670c1240	8b50fb76976f89102418f9ba28448f46274a27fc47df9f41fa5201c175600508		
865	col bin 2/rgb/col_pink_lo-grad08wht100-rotCCW.png	raster-fallback	0	raster-asset	471e03d383ee7e6b2e1705bddbe8489d61f922891ecad68fdf9d8fbb11fdd70c	352ac7323e81f14927aa90125c86f056695f7e6251c4dc27701aa90de70d3b88		
866	col bin 2/rgb/col_pink_lo-grad08wht100.png	raster-fallback	0	raster-asset	5a6ed0d463ce68e91e7791f0ffc12bb757f793c320585bee5e14c657c3a83d25	c6e810994699618a7d10ed2250044e542c5f0ea91b0228513c05fb793787eff4		
867	col bin 2/rgb/col_pink_lo-grad09blk-rotCCW.png	raster-fallback	0	raster-asset	3ed4dd95b17e8afa51b1481c8172f7a3410ef9c6b3f18f5a2a8138e83852a8df	a413e4c094d2e09f1a0abf598ea2a7dc479aae011d64b15350f357f48c6c4262		
868	col bin 2/rgb/col_pink_lo-grad09blk.png	raster-fallback	0	raster-asset	d00612e0162d67f1cf84bdb0489d2a5d7f327c3c79e6789c89214856a4b36ca4	df31227695dd06627c56782fe31d02961326da6bb57c28634160e1578124822d		
869	col bin 2/rgb/col_pink_lo-grad09wht-rotCCW.png	raster-fallback	0	raster-asset	c34c47faf1c6407edbdb1614bb3016a55182ada2c29ee5d4b9e73113d09ac28f	5fe01c6808ec052effb0262f86a4b0e9ee471727497ce8edf5e38a227db9fe40		
870	col bin 2/rgb/col_pink_lo-grad09wht.png	raster-fallback	0	raster-asset	5868e08d621f443ba8b204dd7781c136b7ba753ad4d0210d1b51f30f0ad7ccff	4b65f97ca0156dfdb3fc7713f956afc8fd92ed5d61665d0ce416436677a72c4b		
871	col bin 2/rgb/col_pink_lo-grad10blk-rotCCW.png	raster-fallback	0	raster-asset	6fd0ba98a7346fb7a8897fa9e3aba15d343bfd707dd7f6fc68c878729f748694	87f11037cdd23b6a061cc9a9dabe2f522edce6397af850906183893901fff557		
872	col bin 2/rgb/col_pink_lo-grad10blk-rotCW.png	raster-fallback	0	raster-asset	0086fe9a4c5728c7e028ad278708ac2840c87c6594c15760746d6a940c4de1ef	4a413c42f0410c92a66d0dfe19aeac6d528a3a38516105fa3254bdca7914019d		
873	col bin 2/rgb/col_pink_lo-grad10blk.png	raster-fallback	0	raster-asset	eb933982cd02ebd4600a250e5fba80c16db3c756f508a22cbb265924c25a8043	698db3961087e5dd63f63372b53a1b4bafae23b75e1ffa4126f82fd2cc983669		
874	col bin 2/rgb/col_pink_lo-grad10blk50-rotCCW.png	raster-fallback	0	raster-asset	2f646a718423e2e857cff5857bd1a76dcae85bd017d2c3aad1eb926a510769c3	55ab668e97c765b06cfbf409536333cd4a1f92bea078373534386eb46af9b265		
875	col bin 2/rgb/col_pink_lo-grad10blk50-rotCW.png	raster-fallback	0	raster-asset	2b2f7bc8b91dc4f59db603ff4894b1272ad3f3de69e38f6f69ae99cc39d346c5	aacb0e5872103dc13f0b41547393aa3e95905f1de4760cf774d58de590d98dbe		
876	col bin 2/rgb/col_pink_lo-grad10blk50.png	raster-fallback	0	raster-asset	fd176a34a9f2c2579f20d88c4eb03ccfbc4d724799228df59a7e917f95d2dc76	86052719d25a3a4c0fef3687b1546944da06c8d55fc7249a4541210089a06733		
877	col bin 2/rgb/col_pink_lo-grad10wht100-rotCCW.png	raster-fallback	0	raster-asset	3284d93a5b8c7fcf866959ff494f7a4a3a216fb96353c79f3996b01aa74ad00c	7e8c939155668b2edb6707aff53ff261e5e3ea423d9234d5a5879931b8bff2fa		
878	col bin 2/rgb/col_pink_lo-grad10wht100-rotCW.png	raster-fallback	0	raster-asset	bba0e1b0b0b1854ae67700b439f249a10493135a93338f27acc9c864c732d7fc	ab6cbcf7ed711f17f32cb444bde33a7b79d56036b75835221f217b25207d7e7b		
879	col bin 2/rgb/col_pink_lo-grad10wht100.png	raster-fallback	0	raster-asset	02a5f87b31a46c365b620277215a3c85628db4db465986cbee4f852cda342fbd	9693a98bfadb3703c6b0f154a412bcc0918dda75ecc0adfabde6f8171b71d308		
880	col bin 2/rgb/col_pink_lo-grad10wht70-rotCCW.png	raster-fallback	0	raster-asset	9a6efc19a62eb0923f59680eacdff173666dfde28f1d6e6d69c70a1a9f3477a1	a725b80906a44004ea437a2ef68a016a9c4f4423d7e65053be3d2e2019411a7c		
881	col bin 2/rgb/col_pink_lo-grad10wht70-rotCW.png	raster-fallback	0	raster-asset	4924f379a3936571b79d9008ee4eda07f0ca1bbfa9cca109692a98db72a580f8	b1c4cefac66eab7b71007613f813b503e1c70943be674a5b32b7d5ac62b85a9e		
882	col bin 2/rgb/col_pink_lo-grad10wht70.png	raster-fallback	0	raster-asset	96de6d0710166644e548c80da86aece1a12420def6cf252b7dbf4906f5c78b21	648fcaf285f3d63b2f8b99c2d2040aac63d6195b5df151579d6c60fa426ae385		
883	col bin 2/rgb/col_pink_lo-grad11blk-rotCCW.png	raster-fallback	0	raster-asset	32ec8e8f5cbb1a9836ececb9b46bfc003fb89fbadcffd16cbb06af3a70c98a71	380ef099624c9c1cb04db3137e4dd47035314438fa59411c609126fb4f61bc1c		
884	col bin 2/rgb/col_pink_lo-grad11blk-rotCW.png	raster-fallback	0	raster-asset	017baf06c3e118e28fa9e134ed7ec07cdf512678a0ee756d3444c393288f10e7	b5768ac33e3e51158eefd8231671966fee10bf9e28c15da215f74b85504d1de4		
885	col bin 2/rgb/col_pink_lo-grad11blk.png	raster-fallback	0	raster-asset	cda27377d1c8279e758f45def6fc1d24249c98256b638bd70be08104fd83a747	8adabf1e9156622f2af0e260b84ab02727b75ebcc0b895aefa566494c022325c		
886	col bin 2/rgb/col_pink_lo-grad11wht-rotCCW.png	raster-fallback	0	raster-asset	1cf662eaa0e444f25785a699658f78ea0af2956dab21fda1583d6fb2dd755d1d	5aaf1d96053c37ee7a2aba988129f979f285fb944872d4950c45070cf7085f5b		
887	col bin 2/rgb/col_pink_lo-grad11wht-rotCW.png	raster-fallback	0	raster-asset	057efa7d537f14f9164b5a0a5da30969734d07f40a9a1f1279316dd31ac5cfb8	5aff92a0fba89d05fd70afcbacc62be59b5637a9b5cba095db6ac06d69098eaa		
888	col bin 2/rgb/col_pink_lo-grad11wht.png	raster-fallback	0	raster-asset	602627ac66f979df8f68c0d47ef24f13a860a33b1e76f666dbc72f79ae638595	9a43bb49b22e6e94cdbf44fbcdd9cf3c40fdb70411b353a31bae70c8636df35e		
889	col bin 2/rgb/col_pink_lo-grad11wht60-rotCCW.png	raster-fallback	0	raster-asset	3fd117260d44a055e11d3cefbb2e1348eecc420d8dac5514dcf804c094cccccb	2854e117301534505962c46e7ff14390615da412b5d7db11a40127a5dd112eee		
890	col bin 2/rgb/col_pink_lo-grad11wht60-rotCW.png	raster-fallback	0	raster-asset	5490d0d5f7d70bfc00f83854e6b19478c4c114daa6698089b252e4c8b13a2f3b	86564456dd36edec4f3da58320aa20c4f91df599d4a8f0e4c0c771341780e987		
891	col bin 2/rgb/col_pink_lo-grad11wht60.png	raster-fallback	0	raster-asset	a1cbab7c06a4253100aa026edf6d24386f197a63e5bf291fa5366e3e114e09f4	8bcb03b98f578ffe961ed9c1762ce772dc1a76cb982eac3c0d6e8304c8f0fefc		
892	col bin 2/rgb/col_pink_lo-grad12blk-rotCCW.png	raster-fallback	0	raster-asset	115d737f4019d6236c3026c83ca388198d25a7f2ee6010e1b8bdc77e6da3e010	4f8816fa877335cba30eb2b993b09df8b4c83fd9d16ef91fc84668559595ba13		
893	col bin 2/rgb/col_pink_lo-grad12blk-rotCW.png	raster-fallback	0	raster-asset	d6398505e888a447a7e5bb2d0296bb4970b49477f78230956046aa1fd5f3e40c	783818ee0e2970380b88963dedaa0c7a116921714fae907b5597c1be63f76b9b		
894	col bin 2/rgb/col_pink_lo-grad12blk.png	raster-fallback	0	raster-asset	ef905d9277d0bb686d805c18543eec6d5a5a07759882dacfaf5fd1434b2b1354	6efaa7211016066ca5ab4ace8280a699691468bf0b517b1ac3ba57cff68f466c		
895	col bin 2/rgb/col_pink_lo-grad12blk50-rotCCW.png	raster-fallback	0	raster-asset	2548ad62cd09bf8d097f0b9d66a87ee28638a0a31e0c488a7326a4f1e6306da6	09ebdf773ec0f8c0f77d09f31458846a62f63336cf4375cb6ac988a22c881590		
896	col bin 2/rgb/col_pink_lo-grad12blk50-rotCW.png	raster-fallback	0	raster-asset	a8c63c82bedfa4a42e36434a0751638d20616cafd3b01065eaa3ff1076315e2c	ffb3ec3ea4094f7623d2de3f5cae9edfecff308f9c99141fae461715c7310d5a		
897	col bin 2/rgb/col_pink_lo-grad12blk50.png	raster-fallback	0	raster-asset	92a0d426b759ad8cdae1ec69f9f18935e151c6b7befbea76d58c3ee74cfae392	d70b310ec1b39f99b6cdeabc1448df95b47fc2b377a64c486c82c00080de491c		
898	col bin 2/rgb/col_pink_lo-grad12wht-rotCCW.png	raster-fallback	0	raster-asset	6704b6125cee6220db7bfd1d0dbdfa227f2ea036a6c5aba274507319d8c92c7c	e51359c26d23872926020ee15a47d7ac684d479bd307f16271d0c19ca483eb04		
899	col bin 2/rgb/col_pink_lo-grad12wht-rotCW.png	raster-fallback	0	raster-asset	e4621a013ac0d065675a36f961c546031a8d22f007224e9880cd554c666a89dd	74d197eeab7338ff8c71079b7e5b57b69c360535bcd38592acffae6796bf14b8		
900	col bin 2/rgb/col_pink_lo-grad12wht.png	raster-fallback	0	raster-asset	67e193d26ee0f994acfa81f7857d59ca2e9855e4efa2c9ea0dfea88b9a86fe72	c8175f0f9c6114ce48e8a337e49b8974a3e3b7e69210afc22437b5ebc1fbe64d		
901	col bin 2/rgb/col_pink_lo-grad13wht-rotCCW.png	raster-fallback	0	raster-asset	ed2b8711ed225510e122ac8e5162f968ba09d82503e4db5db0fce46b94703bbe	119e8d64f725f9f5bb197bfc3be9de117a5d6151d5dbc397f55ab5127601d6b5		
902	col bin 2/rgb/col_pink_lo-grad13wht-rotCW.png	raster-fallback	0	raster-asset	f15fac5d76705eca16d2bc83387f176c3afa9b6854cc1ba74949e2a43e6ad189	4fc7951ca348d6dbf09bc7bc0b50dd40d5ce0120f4d0ef8bbbfb2c53cd97c367		
903	col bin 2/rgb/col_pink_lo-grad13wht.png	raster-fallback	0	raster-asset	5d1e3609a71439d8c374938db5c1668ec7af9d9243c3b1fb2e23f4d7892ddac1	282c64fd31814ac44466648ddb501a270e2891daaca8adc0de1c09f473262770		
904	col bin 2/rgb/col_pink_lo-grad14blk25.png	raster-fallback	0	raster-asset	a8663771e78fe877d71b58213be292baf54c0dcfdf78b8f42ca8b94506237d95	9918d6341932ee8d373584705238be508d33de3658db7cc218f110e92b1b6b76		
905	col bin 2/rgb/col_pink_lo-grad14blk50.png	raster-fallback	0	raster-asset	5920348a5aedbc2ce146d2d7ef1097ee87e8fdcc86f91169f0b3587c7add8371	221e8a72b9b21df497d38329831f29e0b1489c8d7d8ff2ca63685e7bbf8ed152		
906	col bin 2/rgb/col_pink_lo-grad14wht.png	raster-fallback	0	raster-asset	171837aec0845c9a2229ef3a66b3e06e86ed95b45730970b0a5a6beb6bc987a7	43d83d4b4a33c881b87bd1a72f5fa63d3c851a47db2da747b98a2516b6431f2c		
907	col bin 2/rgb/col_pink_lo-grad15blk100.png	raster-fallback	0	raster-asset	7fc7581661576a9fef9e25686d98702438ff283f04690474aa86181d26b9a3f9	3ecf2f521db449af38f4b223af149f2567b6a3a2775d2138da58f83aac0225e6		
908	col bin 2/rgb/col_pink_lo-grad15blk25.png	raster-fallback	0	raster-asset	ab60314073f5eec88be39ce76312a762ad24fa0c0d013d7ff8a46484a7cdce45	6c43e3be29eefec661867b188907385e0eb68ec461f072cd4b07a2629611840e		
909	col bin 2/rgb/col_pink_lo-grad15blk50.png	raster-fallback	0	raster-asset	24cbcd99ab8fc0c3371bdfea1d5c7f978b50c7b270e3990702183394e1b5da41	f897cfee75031616adf9d1b2f6b02208aa9686b71ea79ddffb89a5d44e16ea73		
910	col bin 2/rgb/col_pink_lo-grad15wht.png	raster-fallback	0	raster-asset	a286142f32fe3c74bbd1774708e808c8db04bb68c88f8ee05aaaac2cc2786f23	140892b895caeb4059e8e5458389ba5e0c415f798419d2b5fe8fad666eeaa92e		
911	col bin 2/rgb/col_pink_lo-grad16blk20.png	raster-fallback	0	raster-asset	d15a10a5f68e7f302f91958779de0db55a11bfe98f171d1b7438c8e734975c64	e0d02acfef3d12aa4707bfeac5fe2c1b59227371c5753c25e177dd24044203d4		
912	col bin 2/rgb/col_pink_lo-grad16wht.png	raster-fallback	0	raster-asset	2a0273f77a67a0e0cf9d3798d4b09344d45fcd81eaa98d46029ca2dfd734a94f	718dc58fad78facb2e3e1e4264ea6dc31a21a58cc3b8eaee2fbd3a87cdfd35d3		
913	col bin 2/rgb/col_pink_lo-grad17blk.png	raster-fallback	0	raster-asset	32a8b75d9b0fb8cefa1f4d71a174863a0f9e37705dfc63c28433a791c61d0f48	741391791ba813311b45a77b85c6841b09969f70eb001973aa3755f4dd533fcd		
914	col bin 2/rgb/col_pink_lo-grad17blk50.png	raster-fallback	0	raster-asset	b310605759e27a9ee795f87f28957da3bdc72d1c838ab533bb7360eb0de971df	f0917a28be1a6526e89717dfbe6a05484ac0a3a6ee9a5f3af8b449ef83cac8fb		
915	col bin 2/rgb/col_pink_lo-grad17wht.png	raster-fallback	0	raster-asset	a93dea7e491dcdc1c7c3019cee0bdbb974abcca744c9b6c1dcdf5da1103effd6	950cf2d89466e8436e66b2748672940cdbca23725585ef7c9fcf7b08a4037172		
916	col bin 2/rgb/col_pink_lo.png	byte-alias	0	byte-alias	1bb99fc585c20416a309baba9cc25fe4031fd3be38a6d5eaa31b627bedc28a8b	cd3e9e311be047f52ab54049199c6c336b8f22aaa62c4f429e9f70993a82aab7	bytes	col/col_pink_lo.png
917	col bin 2/rgb/col_red_hi-grad00blk100.png	raster-fallback	0	raster-asset	7ddde2d18aaab67257126cac994ca6e012b494112b544c8d64a05a1875e1ca78	be9a1d30e3de6e1c2d134434aceb30502552a46f5d0d031ee9ccd894934ba9e4		
918	col bin 2/rgb/col_red_hi-grad00blk25.png	raster-fallback	0	raster-asset	a2e43fee0ffaa8a45c2669399346f45951e11f0758e006ddcfeac61728ee78b2	2ecdc40e76fe002f28aabd8e9b69143c2f368fcd36f153510874249b14daf1f4		
919	col bin 2/rgb/col_red_hi-grad00wht.png	raster-fallback	0	raster-asset	e41776d23fe34c57e94842a70bca9ebe72c82c1cbd28aa963f06600be1048df9	171bbd53f11133c632bd72268b9015aba00892b87a0c886b47d05b813e069a07		
920	col bin 2/rgb/col_red_hi-grad01blk100.png	raster-fallback	0	raster-asset	21d1daf2bd9785b2a600eee017af8f4cf1004ecf9cf843a69b4f212633f2bc59	3d0ba6e3f35320bb26cadfda50d1a2ca1dcf6da34324dfad2b852081afeb188a		
921	col bin 2/rgb/col_red_hi-grad01blk25.png	raster-fallback	0	raster-asset	7d92da8a4ea5ba1a2e1d7a6128c2d9b11647bea8ab7c31031beb83a5333b5e57	6ee62956de229e3cdbe06a3af25999729b23fcd58580423118f01d376458d632		
922	col bin 2/rgb/col_red_hi-grad01wht.png	raster-fallback	0	raster-asset	f022fdcf4645825a6d2fcdbca3cc04916119552ba1af462dff9c28ffe65ffe31	8c68bee5a87d4c78740860659cf84f4c4ed81a079107e41591b06fb919c8c83c		
923	col bin 2/rgb/col_red_hi-grad02blk100.png	raster-fallback	0	raster-asset	9bbc2809215c66b86c6f1bc12a65de388a4026278fd8279ba3f281defdf1bd50	1d53d43ac56162a0da8e3aca7afdfa3631d81a81fdd6c75512f50fc39f1bc55d		
924	col bin 2/rgb/col_red_hi-grad02blk50.png	raster-fallback	0	raster-asset	98c274de9c577049d29221140f403d11cc25a2b7338ef1301f433965fa54cd1e	9faf488b7a0cc31d420aec38509a3061ea6910a4b93f486cb4f203c5baedf42d		
925	col bin 2/rgb/col_red_hi-grad02wht.png	raster-fallback	0	raster-asset	3039f1aa14b05348dbadf8c734108861e2aabb609f987288ad915825d07dd531	12d652c2a620d22ef8b76aea5343acd537c381098ecb14250720d5b18200f28e		
926	col bin 2/rgb/col_red_hi-grad03blk100.png	raster-fallback	0	raster-asset	0acf8e475f82d130597202520ba28704337b5438691b15f34ea737ef2be2c9d7	ba0bc1f8d3b2e3f89e900efff178d0cf44f70c6e3236e99af2c35cc861263462		
927	col bin 2/rgb/col_red_hi-grad03blk25.png	raster-fallback	0	raster-asset	586ca063cd4983fe3d6381d086f96c8e7b992c39e9462a6bb62b490d4ae5db3d	3025c92ffa371106701b0d74843c7086491bfeb019da42393446af4d61e5b878		
928	col bin 2/rgb/col_red_hi-grad03blk50.png	raster-fallback	0	raster-asset	057bf5e143070bdee9f3d450c339ce4b5ee4a65e777ffbf850dae7361640d6cf	18b089fd60cab26d0d8a7e7f5b24770801c122c45f7b6429bc4bc24d4885c829		
929	col bin 2/rgb/col_red_hi-grad03wht100.png	raster-fallback	0	raster-asset	a476c383ed0e82d6ccac76b8b5855d6b1b8d41c5c93f8057b73b9e1a40bfbdf2	fc0de4f9cc84c2a0852118f55f9d4199567b1045456afe1a816fc4117b8bc96e		
930	col bin 2/rgb/col_red_hi-grad04blk100.png	raster-fallback	0	raster-asset	f512667ebd28d9b5d71b4e6188c57d80d8d3d89d2e665075bcb12390a9a958a2	3bc6519042d95ff0a56df9fc36f13936fe37d17758cb70612f99988024b094dc		
931	col bin 2/rgb/col_red_hi-grad04blk50.png	raster-fallback	0	raster-asset	20dcd7025f82c73bcddf4f4721e312b3a19302e3cfa07d9a156bbe9eb66e46ee	4f3bac9fea3cbdfe8650aef76610b14a6aae856cc497e4d755be1e5e08a2f0a8		
932	col bin 2/rgb/col_red_hi-grad04wht.png	raster-fallback	0	raster-asset	a8b9920516333696507eb7555d54982af989e6d86896ec22046dfe795f3160a8	9f146dd911d8260bb987ce5c364442aff031a181a4211ad598913ec4ff69bc7f		
933	col bin 2/rgb/col_red_hi-grad05blk100.png	raster-fallback	0	raster-asset	ea5ecffaf22eeda74ce3ce7ba9bc3ed5d51415b1e53354b94d07996c5acc08e3	47c9b068b9e365295397e678f3635794d61621bcee9b6c94f416c3aa16167865		
934	col bin 2/rgb/col_red_hi-grad05blk50.png	raster-fallback	0	raster-asset	51cc20712c7cd6d16c152820beabf5dc7878b1e81d1986b1523054c7b41302cb	6dec02b60ad0a8791a4e16ed5eba951da423104837d7ecda76ddee0245922528		
935	col bin 2/rgb/col_red_hi-grad05wht50.png	raster-fallback	0	raster-asset	69684e9ef62f53368210b64b2fe1cbdcbb16f368e815a3af4353b8111c0f2069	94b0682675c5a8ca618a4d9c62346f616a5f4841b9576b3c023b721b38ada96f		
936	col bin 2/rgb/col_red_hi-grad06blk40.png	raster-fallback	0	raster-asset	ae41febc1eb8826794a70dd4a0a2f105998253f68ec816f38f06b12009fd9195	0f40b31be77134b7ba96325ca485da9fae5676d2b7f1f63a73019010e0967129		
937	col bin 2/rgb/col_red_hi-grad07blk40-rotCCW.png	raster-fallback	0	raster-asset	6599068f00a64e165b1479a68ccab4a870b354795b6b9d590769cf5ed2b9c011	c901002212645759491401988d329c49bc0b66baf25c01df3c3427360cff662b		
938	col bin 2/rgb/col_red_hi-grad07blk40.png	raster-fallback	0	raster-asset	77cfb7325da51b8a2239b523baff189406d1d9273f07459dc5b70cb456c08707	a446003e2b570e56e5dae7c45ef40438e73b9636982c942acfbce0990128a1ef		
939	col bin 2/rgb/col_red_hi-grad07wht-rotCCW.png	raster-fallback	0	raster-asset	65174ad968124f7f83d5c6cf70352757a8a6f326418876be64616f56eeb6f5f4	10f98805772dde43298059c714061866b5802a9982923d093fad25f6f2046374		
940	col bin 2/rgb/col_red_hi-grad07wht.png	raster-fallback	0	raster-asset	d164cedaeebd857061fbcbb027c3662d0ffd05f1f53e581ec7fb2f76670f7302	19e61b5eab6add4b99958fc3622887af7a2e4f63ca0a6b6374548d99f000e28c		
941	col bin 2/rgb/col_red_hi-grad08blk-rotCCW.png	raster-fallback	0	raster-asset	0275e353cb1863f190e76e20c4206bfdc730e156b2680bc13f667c1cfefd5d8e	f6cbc95c977abe920876731716d20f7453d3f801693b73d955257ad6f15d0916		
942	col bin 2/rgb/col_red_hi-grad08blk.png	raster-fallback	0	raster-asset	048a6848487bd5aaf7e36a3f8b44e090247b4198cc3f87c56cd9f255e32d1bb5	752c6503a3eecb522e1cb8c6d9ef0c3ca434fa8d890add31d172227ca1e46728		
943	col bin 2/rgb/col_red_hi-grad08blk50-rotCCW.png	raster-fallback	0	raster-asset	6e3ffc5a3bc30b52881fb110db77de937caec176356be79109689f2a73f5f1ff	5b7d5ccdcf759a0949ee1451ae6b3fd418e1d8ddf0c9761001c7701fe162f385		
944	col bin 2/rgb/col_red_hi-grad08blk50.png	raster-fallback	0	raster-asset	46b9cf24b9b18e978f7b6e2b0023ad83c6e40075d673b4d5405d51fa3bd5fc4c	6c119c50db9eb6aff68b423872c862b992d226e0d94b01169cb7dcb094640369		
945	col bin 2/rgb/col_red_hi-grad08wht100-rotCCW.png	raster-fallback	0	raster-asset	175d1d03f3c48584546fee33b1a55f06def414b4f1cb41bd396646731631eb27	1f9631f67ac23991032b0d74edccd60d28118f41fff551b13120a939abd08151		
946	col bin 2/rgb/col_red_hi-grad08wht100.png	raster-fallback	0	raster-asset	08ff49a4d22565b28697e543075f25e6fb3bac17f31223ab67d83ec197fc38b1	c456ccd88c82ae8215dbc673d929086ad9e0900063a3311a5f6fa6415894bc21		
947	col bin 2/rgb/col_red_hi-grad09blk-rotCCW.png	raster-fallback	0	raster-asset	6f61df4244fdff17f13b05fe27763374534192677bf1823cc1765586c9f8612b	139cb21258a19ac6e97caa6879407c166e730165fa4128d62277b0f4888bf30c		
948	col bin 2/rgb/col_red_hi-grad09blk.png	raster-fallback	0	raster-asset	9be53d9074ba49af7abbca49d49c1d7595b3d0f74b7504c79d2936c1895e0736	1dd06b4d42b8c7b6cccaf50d0c7665a5f14224c60203121c5547c63d01c3bd5f		
949	col bin 2/rgb/col_red_hi-grad09wht-rotCCW.png	raster-fallback	0	raster-asset	ce182cc8df41a2fb58f2105eed647abcc2b783f1607d96d504c556f2996b2a56	f8dd3e4b1c92db2a9aaa6763c0694832e47caa49587b7fd32727bdb7c7b11725		
950	col bin 2/rgb/col_red_hi-grad09wht.png	raster-fallback	0	raster-asset	2969f053f83f23db7ec4feefc0cfd44b0dd54e8854b7768bb0f6538d530421b3	fd798fc60880e3bdd9551d3556ebd7be8dd207ec59f17e50d046f8e9e3d1ecdd		
951	col bin 2/rgb/col_red_hi-grad10blk-rotCCW.png	raster-fallback	0	raster-asset	083691853d2fa3c30797b29b1b453cfce530338744ff2cf8b67db77c7a7c9518	9321d145b3f69a3f39194b716170cdde7196adb88ddc8619133e0ae4ab1c5550		
952	col bin 2/rgb/col_red_hi-grad10blk-rotCW.png	raster-fallback	0	raster-asset	2723ce5ea00e10aacda5e99d8845f38b1579e2b0ac8ff9eaf7964c5df751c41e	4ae17b601d2229378fbbbdb1dfea0db3c92ec4ddb7e38e6a0ec5dbbb67a8ed24		
953	col bin 2/rgb/col_red_hi-grad10blk.png	raster-fallback	0	raster-asset	f53a611635aa36d36a46262cc7cf492ad506c34a0cdb2efb4e4c5140ebd05866	94071e25e3964b4b267c0c1e402ae219e638885712b5d3fd735d99272be74b55		
954	col bin 2/rgb/col_red_hi-grad10blk50-rotCCW.png	raster-fallback	0	raster-asset	b10c78d6c0ed8776d555c91d73a9cd5ddc29bae386aeab2a3cd50819ceaee023	77d2479cea1e34288b99598eca1c8d3108ab09852753c710bcbabd0087c40467		
955	col bin 2/rgb/col_red_hi-grad10blk50-rotCW.png	raster-fallback	0	raster-asset	2df4044a01239b1db9d5a5f093d4727473c41191ede89a5d46aeb612645c583f	1bb537f345fd9e5e3b8ab66cfc2ec54d520af41de02734c523d28c2f5b8dc5b8		
956	col bin 2/rgb/col_red_hi-grad10blk50.png	raster-fallback	0	raster-asset	e7c2cda538f8cf38161fc2cfb1d2c47cfd7165329e7269b108a9bf98073d3d36	3296764e030de7def4e6f0fe10fb67d9b5ca71cab72e226cb72f76a94d81af27		
957	col bin 2/rgb/col_red_hi-grad10wht100-rotCCW.png	raster-fallback	0	raster-asset	7ef4a41271a283044a5d2d315347fe43480bce220cff10ae5d7a0f352efa79a3	4890fa222f1116352db850fc472bbb23f56ca4f5bfdeecc7275921b852ae3c54		
958	col bin 2/rgb/col_red_hi-grad10wht100-rotCW.png	raster-fallback	0	raster-asset	f00f8e67c81bfbbb031855430fdd08283c9beb96dac119d33f612109bd23afaa	7f23731e4c2e1995972e87bda48e2aa045be3d6e5f3536c683d767075a6483c5		
959	col bin 2/rgb/col_red_hi-grad10wht100.png	raster-fallback	0	raster-asset	9d76172d699515dea0d217b0b168b09ba4dc38b57da930afdc39a0014045b677	f71daa69815e2885953121fe08cbb9347825ef8ab5ecb3e4cc32543db46001ba		
960	col bin 2/rgb/col_red_hi-grad10wht70-rotCCW.png	raster-fallback	0	raster-asset	73b150a8a6319980b2ac717fd41ed11eabd996cf7d6fe3912d00ddefd718f36b	418ac689a4153463736824f1d792f9afa53fb6f073bba0388680531689fb850a		
961	col bin 2/rgb/col_red_hi-grad10wht70-rotCW.png	raster-fallback	0	raster-asset	677974a6db3cb7817665598b974dbc1a6951708cabcd8d226dae32bf949c8296	f94a8a25ef33924b93e007faa31129e355bc10a4d19c406f78593bf5dfae53d9		
962	col bin 2/rgb/col_red_hi-grad10wht70.png	raster-fallback	0	raster-asset	f5558614282d43339d6244cdb5640f3f3bb83067f7889edabf94cf9ae56b26c8	eeb69fee6d737b64f96055d27cdfa961a10f2a38670fafe50558404845269126		
963	col bin 2/rgb/col_red_hi-grad11blk-rotCCW.png	raster-fallback	0	raster-asset	58eebe178f16c7370e26ac1356e37a893785a88915987677179fd41abedbb5de	f84cbaa7ec35c3b99c2add328dae45aaaa3267ee1164365dba898fa07bb9131b		
964	col bin 2/rgb/col_red_hi-grad11blk-rotCW.png	raster-fallback	0	raster-asset	2145c04b1e160db6822e447f53dd8105e0b904c8b1d3c78e32f4e5f50012aaf8	9b5ebabf074afca6cc7c06ae5d3abd2d1c8fc0ec621ccb74a9e3e1a73794141e		
965	col bin 2/rgb/col_red_hi-grad11blk.png	raster-fallback	0	raster-asset	880e672374517e924ce030a285c8043b244e9f1c5144b27ebe522169096b1be0	484c34785d2588a0d15a8d04e2ea6094ea540de5267dc04cac0323b34de144b3		
966	col bin 2/rgb/col_red_hi-grad11wht-rotCCW.png	raster-fallback	0	raster-asset	9cb953db3037a357f926446c57605b2c04db1f73e65f3d8e16ae810910bb53b1	0c051dd268957e5cfd707679867fca1e87e776b959c09a81266de8e907513a18		
967	col bin 2/rgb/col_red_hi-grad11wht-rotCW.png	raster-fallback	0	raster-asset	e7b143489e7241c00e26af5a9f923bde7c33142da94391c40b69dbb86a8674fb	ec02ef02417130f7ac84785094884dc2529231b7a6da751cc74d6a0e28e2fcd9		
968	col bin 2/rgb/col_red_hi-grad11wht.png	raster-fallback	0	raster-asset	fb4a516bd83caa092216ab3000823ddd1b293abb317209938cf7b71fe44a7de5	14c3c503aac865b0ef563ae93bf669a8daa086cd21c8296cee6896256fd11b35		
969	col bin 2/rgb/col_red_hi-grad11wht60-rotCCW.png	raster-fallback	0	raster-asset	92e67cf0c346cb6904ecb8f469a805338ebcadb23a92a69c1335d5ad2874eabf	39fdefef8b55c7f3dcb6c7e4f48b8a72dcf219cad8e589f50fee3849e15662a7		
970	col bin 2/rgb/col_red_hi-grad11wht60-rotCW.png	raster-fallback	0	raster-asset	be89c76e6b2a154ad48ccf8bd41e87d984a50f1397e69d4371881a4db630da5f	2d181378309e2d5d4c862457f58da18b15dace3c1eba468ee6f0aa63929c502e		
971	col bin 2/rgb/col_red_hi-grad11wht60.png	raster-fallback	0	raster-asset	a37a097f85596314f3f2f8174b8298ed8981368330aaf35062115a477b9bd31c	49e52b740af942fc898ef9213f2b0231b382f81543c326865535f18d1ff44b6c		
972	col bin 2/rgb/col_red_hi-grad12blk-rotCCW.png	raster-fallback	0	raster-asset	5f28cde8aa497c3a4d421a735cf59988aff509a42b00442deb11ddbafa9a24ac	9c0244df8c2e705b430721db97a432f1f90d399e65ce26963c3e49b1e082b78d		
973	col bin 2/rgb/col_red_hi-grad12blk-rotCW.png	raster-fallback	0	raster-asset	c3f39cb9de9f28c5feeaf909e33440bf993fc00ac2f1d79c7e983866731d7070	4e0bf0aa69db4f5e42ed9eee431a2c5edaa54ee7d0f0e8e3ad76d201901ca159		
974	col bin 2/rgb/col_red_hi-grad12blk.png	raster-fallback	0	raster-asset	14f6a374f20edd2e8319cb04c91adf4edd49ae0a25d5d8ad96f4a1e8f1ffdca7	ca1360e7df708d6510c02902e689b85e35664307674596b8f2534cf27d7b1c4c		
975	col bin 2/rgb/col_red_hi-grad12blk50-rotCCW.png	raster-fallback	0	raster-asset	ef58c22181e8f493253c80d3df5d635d26575f2cdba143633644abc0a4a521c7	1df100debe5ed36a24b6e9218f20cfd6410643a1a4906925460b5fde977f8994		
976	col bin 2/rgb/col_red_hi-grad12blk50-rotCW.png	raster-fallback	0	raster-asset	37c700d27499de79900d93c7773881268a117c72ed4448c37884f370be8acebb	46f8b4abcfd91961117dab84c2c4fe6937d5cf00a93346178d54b1f668a0af48		
977	col bin 2/rgb/col_red_hi-grad12blk50.png	raster-fallback	0	raster-asset	4887537851ac0aeae4834cf74b55455e4af7d946aec9d86d25f494c9b39f7157	c2e6ee2cfe859db4ffb6e04a055f49bed55ed31e7498191d6189a0aa8b3ff5fe		
978	col bin 2/rgb/col_red_hi-grad12wht-rotCCW.png	raster-fallback	0	raster-asset	c31a4cdd8691b3d84855c4d4b47a61180bed7da54ad90387e4c253a373f14c63	f19e92c603a863dfbb893710353c94a257f00748344ce374f6b60d1e78e06d03		
979	col bin 2/rgb/col_red_hi-grad12wht-rotCW.png	raster-fallback	0	raster-asset	1ff6f8fa3a42e4c0d99d9e20f36903586c826598e9ba71131e5c25406925fb8b	1f48689e1672b0aca1ca67c847a94ab25d4e681a028d148af6602ffc14bc1330		
980	col bin 2/rgb/col_red_hi-grad12wht.png	raster-fallback	0	raster-asset	531cf4d7fd19583f9386bf11303a6fc012e628782528885459ddce43fa1d6417	7afab9e91f18ddc6b31b77c24ce697f7a54a13f76a3937e9b45b57d71a95c680		
981	col bin 2/rgb/col_red_hi-grad13wht-rotCCW.png	raster-fallback	0	raster-asset	ef7e26180c56213aead7141a83799ba1a4114208805c2040f356baea74abae27	5b6e02c6146ab6234c1d93d8c1450f302f81560b5e7bd156dfd2b49c16ef5821		
982	col bin 2/rgb/col_red_hi-grad13wht-rotCW.png	raster-fallback	0	raster-asset	3c3b855d3f0be50c61239703c1ea186cef94138ef41d7fb1b97379648c25f774	2f4c348a71c2a0d86ab1433b299cb825964a9d57697102153711d80932d1d2e3		
983	col bin 2/rgb/col_red_hi-grad13wht.png	raster-fallback	0	raster-asset	07d0debbf9a8686662da4a4d0b492fbe68b992b23259c6bc859a258354195beb	41789b61afb29f0d8b3bb235ed49d1da45001557abd30893d0394dd175e62ea9		
984	col bin 2/rgb/col_red_hi-grad14blk25.png	raster-fallback	0	raster-asset	ca7a7c66ecff175f6e9cce99bcf58ab50744099a16c1a7c45e9932f99818457d	546a66f3ac384988d21b03c9bb6345c4199c69763c588d361b5ff628eaebac73		
985	col bin 2/rgb/col_red_hi-grad14blk50.png	raster-fallback	0	raster-asset	098748ce5b71e2e423c666ce43f80a7a004019bcef2aaa6754de6ad898a79efb	53c02f7b8749ce6176824f6211d9be1c138475fa638a3ff5163622ae7a1f59f8		
986	col bin 2/rgb/col_red_hi-grad14wht.png	raster-fallback	0	raster-asset	8ae83f0097b7078d464522b5942ed7b580ca1b2e80ecb7a7f706f8881520a601	48baa21cca44fdd63933ab259f27683c9252666ace85b17eb85a80aca80a0a75		
987	col bin 2/rgb/col_red_hi-grad15blk100.png	raster-fallback	0	raster-asset	0ca897caf4b5b1d6d34f897dcb392536dd917ada45e43f1160331726d4d95b5b	a91e6aba984b1b4451fc5a256cb1bd0b3ee9b2d5b7243ebb5f8663a8e94d434d		
988	col bin 2/rgb/col_red_hi-grad15blk25.png	raster-fallback	0	raster-asset	ec8066a3153415025b36b799984c6927a4deb15aa8cfde44d07d72336336c295	bd09e85dbf0e2584bdd50e3a19a002ad1d232f2c27da0eea1eaea33cea47d33c		
989	col bin 2/rgb/col_red_hi-grad15blk50.png	raster-fallback	0	raster-asset	7a1986e57c5bb58f3114827453b66fbaf4b27cdb82d6b4beb0b5c6d7982b0ec4	3a13d72be32099281cd7ec717f8d64ca80a0786f30698ad94d9be6757be05b96		
990	col bin 2/rgb/col_red_hi-grad15wht.png	raster-fallback	0	raster-asset	46b054f740d8e36629aed4b3c50fe923a63adf98ba2c450e7035a6f740546128	55e746c3a45c3d6446e763ccd4bcbe37f14df3532eac85ac7be0248b51393081		
991	col bin 2/rgb/col_red_hi-grad16blk20.png	raster-fallback	0	raster-asset	629e5a64c358c9fc653a2576781b18b81f798e175c98f0596e57f0b5a9e25236	7dfd9ebb17a7926ebf077ad27315c02883e92380acbe2aca6b938ec052f0d892		
992	col bin 2/rgb/col_red_hi-grad16wht.png	raster-fallback	0	raster-asset	f380b7d6ad15b6c4dc21f62cbc2ace8336db68d7698a85d1130354125e81691a	718aed1d9a38689bb16b5d6e8b405d603402f7b77bb1c2374234785517d90493		
993	col bin 2/rgb/col_red_hi-grad17blk.png	raster-fallback	0	raster-asset	96709fcdd14b44c7a9472b8271ffc3e0ad0c46f93ac54774c20433b5db2508f3	5bc4ae71184334d3153c3280af69ccb1b7ee00956688664f2797d1ded56e5750		
994	col bin 2/rgb/col_red_hi-grad17blk50.png	raster-fallback	0	raster-asset	9442bc9484af8835054055d9d76457ae01b4a271b9424fa6b9701802efc2ebd6	7b672f17dfe0b20857e654cf14df736c8dea1d5e5665aff4f72e0f602436f847		
995	col bin 2/rgb/col_red_hi-grad17wht.png	raster-fallback	0	raster-asset	bc633b4e3686294ca4fc6895b2c688c7c82d3c0251fd25808825d2fecacecc29	d29e4c18b8e376367fd5b08b7eae1f82ec19ed680331279c7272258a5d29e771		
996	col bin 2/rgb/col_red_hi.png	byte-alias	0	byte-alias	0bcc07de1631aa0395013f35790f719bd754f61e4bb2847a86fdc2365d3d8d63	4ea696701145dfbd00c6ecc2ff6982e1c6779fcfe6adc5668ce8a1cb6b841384	bytes	col/col_red_hi.png
997	col bin 2/rgb/col_red_lo-grad00blk100.png	raster-fallback	0	raster-asset	4749bef2d80bd8dc74883c26f82e9026f55d7f9268444f6589f084f620e472b4	bc44bd4b5b884f69e1009e6d241ce7533ee7af9bdc32a13cba0427ca107b4ead		
998	col bin 2/rgb/col_red_lo-grad00blk25.png	raster-fallback	0	raster-asset	f5bcbf7fe7d6438252ef25c8f166d1ece021e19cdea266b12d92108dcc154243	10877fa707970a1a371179f0c393c3b3e9cab5c8f60db046341856876f8a31ed		
999	col bin 2/rgb/col_red_lo-grad00wht.png	raster-fallback	0	raster-asset	ee53092a39f21e3bc1de1d2ca13bd832274b85582cb38dcb95f95af919f119db	bb14007814f88b8cd771fda5c0477880288b196f43f826682b01246155b2bd30		
1000	col bin 2/rgb/col_red_lo-grad01blk100.png	raster-fallback	0	raster-asset	0bdf0cdd09d39545a8030558f32dedc8fb893bac945d736f83865de0b7459a5c	04ad884663f647bbf451e68fa707b9d7fc22c12de091e4144866c015edc84d2d		
1001	col bin 2/rgb/col_red_lo-grad01blk25.png	raster-fallback	0	raster-asset	258a9dcdb5ab1752955d562af540284f40ab8da1e6380871f14282ef42b33207	a4cc6e579ae380f6f593e7c71343810558061fca172a70399a612d954e93e86e		
1002	col bin 2/rgb/col_red_lo-grad01wht.png	raster-fallback	0	raster-asset	af0ec8bbdf19e8685eafeb1e49909d6fd20b69730fefab7728993e5505de1b88	22cbe6eeed6f15023cb508e1e02c1e3c05954d81440d7cda36ec665695853fbc		
1003	col bin 2/rgb/col_red_lo-grad02blk100.png	raster-fallback	0	raster-asset	fbd53c331b31c3fa5a114acf2fad6e2ce4830f7a48a64c37b2534bba3b65d8b7	49e7f977f196652ef3baeb0a10a485fdd04c5cd52796d07ba6b8e8192e4bd3d9		
1004	col bin 2/rgb/col_red_lo-grad02blk50.png	raster-fallback	0	raster-asset	fa06e210b072a4597f4b4f5fe01b975010c54242d31dfdf94e008486c5c2dc6d	7534d1a2a9e6a23a5b31d2610a9ecb0a375c63a1e7dd8bb43caca0ced0f484f6		
1005	col bin 2/rgb/col_red_lo-grad02wht.png	raster-fallback	0	raster-asset	67bb467d98e06e7952849aaa927bb621e4f49caf4add74d2bc29ef020309963d	39f47fb6e97627c174fe16eb43f49b253e12ea6cf668c26bc5bf3e37c1a5dcb3		
1006	col bin 2/rgb/col_red_lo-grad03blk100.png	raster-fallback	0	raster-asset	4994152c7c4774117a69d3a1213c7a6db4921fbea571a4efe60fa1fa3f17dcdb	4fbd42f429a957e80373c8e557de7a2e7762a84c99e49a3a6620937ba5c48574		
1007	col bin 2/rgb/col_red_lo-grad03blk25.png	raster-fallback	0	raster-asset	261f097cf0b3c794e301af257e327613b5f79782b39eee297480c3618fe37507	fb4b4ff4a532f4f2d0d2a9933705dd16dd4138151da42614b80d86245cb92271		
1008	col bin 2/rgb/col_red_lo-grad03blk50.png	raster-fallback	0	raster-asset	81f48cea05fd10365c48fffe65753f72a1cd5f0777020c544f66cebf5d936920	0b37edc3187dbc4d9f1527954108778ddaa98dba89c0a81a904935f0296e4b59		
1009	col bin 2/rgb/col_red_lo-grad03wht100.png	raster-fallback	0	raster-asset	047650916833953dacfe988433aa4a99850bd8e5cccfab3adbd79583f49f3afd	b8b54977750e52e4464d914b7a9cefdc50459f332c737cec0085b2487be405dd		
1010	col bin 2/rgb/col_red_lo-grad04blk100.png	raster-fallback	0	raster-asset	aad83fcddd101ca4112bc71beb332e5f462743296229b5184b9a8c4b63d470a8	f8e4c84f7dda14db08c07759b97592d2dc3a87f59c697a6a5cf6417e72b7cd50		
1011	col bin 2/rgb/col_red_lo-grad04blk50.png	raster-fallback	0	raster-asset	04e1dd06e62007fdc198a1d6b83962e9adffbfe686f1e37822c062b33e6b231c	2edbaa6bc7dbe4968321aa2c26e47dbf50eb727a02815aa8bcc7b6cafe03aa9d		
1012	col bin 2/rgb/col_red_lo-grad04wht.png	raster-fallback	0	raster-asset	46f2ca2da2f666b4e050960e144e1b9e9dfc01ef74deddfb26015ed26428a45c	ebcf3e359feb277f257806bb7d1afc756c0ebfb420e5ddbdabe7d586d1a34419		
1013	col bin 2/rgb/col_red_lo-grad05blk100.png	raster-fallback	0	raster-asset	b452b33ea66c1d9273491172fa1849296e730cac86ccd1c5509124276fb1503e	8b62ec39abbd85c259fe95019c315f9fa70abcd08cd636de8062e222fadc2e0c		
1014	col bin 2/rgb/col_red_lo-grad05blk50.png	raster-fallback	0	raster-asset	1c73d0e0933d4beaae59d8bb4f0b376b8b9d34080f11dbeecab96b1c83352ae0	1c6a4f9923a04bbfc87f3f0ffd845b9d0f8479165eb4ba5235079b30461f8b45		
1015	col bin 2/rgb/col_red_lo-grad05wht50.png	raster-fallback	0	raster-asset	4ffa7d6e8fd1b0217a93631103376c17d2cc93a59e6cb756f3ae9e6e62cf22bc	d968de8870b35134205dfbfd5e68095642cb1584c0ac15d12c552b934d39e340		
1016	col bin 2/rgb/col_red_lo-grad06blk40.png	raster-fallback	0	raster-asset	b10dc40008ead8015596cb407f2ae66721619e99bd4c98f349e7411828eb4a3d	aeb109693068d85fa177ff18511b8e3404e45f4bcf148d48ce476da1b4132493		
1017	col bin 2/rgb/col_red_lo-grad07blk40-rotCCW.png	raster-fallback	0	raster-asset	a7fe986a4ebe5e92529718b19a92f008d652e0a399a8ea451ff8b02f1ce07e50	0d92449bf5de9e218a6db06c9b6584975866aeb9d67b7bcb5f62ffec8784e070		
1018	col bin 2/rgb/col_red_lo-grad07blk40.png	raster-fallback	0	raster-asset	c8346c93109a06873a3bc7a845610c1fe0a6e0a12691116b289df15439b790ee	71fa7228bb19c3ffa9c8e09a3e7c8f5d43b6b71ddd6a72595b3f87d83ef634be		
1019	col bin 2/rgb/col_red_lo-grad07wht-rotCCW.png	raster-fallback	0	raster-asset	ce34822ceab13f91d40595933842c5b653f471248040061854229edd76e82879	0d73f8d9acb3aa62edce3f825d350f1a3b59c2dae1c5df495b42aba4b95447df		
1020	col bin 2/rgb/col_red_lo-grad07wht.png	raster-fallback	0	raster-asset	d4e866ece69653d471a45a074ab92b175495801325044795308405217b30af5d	5aa9ab3555b7267e629fab3b2a1e4e1adfd542ab46b744612d19a1464a22c11f		
1021	col bin 2/rgb/col_red_lo-grad08blk-rotCCW.png	raster-fallback	0	raster-asset	c978e0d984345e2fd8a14cbb746608f16bea31ff9afb40246fc4d8dab00c7d79	4a524f169ca8d270fb0102682395e0da5cb714c8a9485b0eba88f1b972e667e7		
1022	col bin 2/rgb/col_red_lo-grad08blk.png	raster-fallback	0	raster-asset	bcc9141ff0342be4bfcd5cc2d6e6d17d2ee0cc151931980aa022f695133c7c99	6458867d3ea89a07faff708d1e733c48a6bd985ffbe5b9f62a2dc53ae8a1c2da		
1023	col bin 2/rgb/col_red_lo-grad08blk50-rotCCW.png	raster-fallback	0	raster-asset	af3f5786e5cb6c95ab7038daadeea274c9513c171a301f19503fe2765e1e3f43	e036045b0a37d19b801d86c0898b3f039e764c50765fe29e60454d68a8876940		
1024	col bin 2/rgb/col_red_lo-grad08blk50.png	raster-fallback	0	raster-asset	52daacb9d674836621de588aff03ac0e658132947263c804a30ebd7a3989a1fe	0620faf68d05cd47b87a421fc0e58c9c6e79a42fa1fdb3381b369fd6b6d80de2		
1025	col bin 2/rgb/col_red_lo-grad08wht100-rotCCW.png	raster-fallback	0	raster-asset	71c494d67d3cc4a5934228410b5864f87b8e5638fe71aba778689fa3ccde122b	187882131bf60f632a147c733ccaf3eaf51ab4e17504a3ce8cd9f4fa67ecf587		
1026	col bin 2/rgb/col_red_lo-grad08wht100.png	raster-fallback	0	raster-asset	5f25dbbf9a399be17704d2b026fc315e0b28983107fd19dc1d3c091d48f74ec5	23f1f1d617f90c9d63aac0e609e969ac755d802899186004c26b42e5a55b2140		
1027	col bin 2/rgb/col_red_lo-grad09blk-rotCCW.png	raster-fallback	0	raster-asset	be266f8969ccaf77dd0064399ec2c1f94ce8dc750fdcf8762877478d574b7545	16007a565ca728e6b32a55986d2c713a360888572fa31420436e59715f7bfd64		
1028	col bin 2/rgb/col_red_lo-grad09blk.png	raster-fallback	0	raster-asset	52de604a54251223462095103847d20950eea3cbfe5aa1bdceb684e2aba81749	4d9e2c9c178f7073306aae9b233ab63e4c400b0104b43df457a48f790be19400		
1029	col bin 2/rgb/col_red_lo-grad09wht-rotCCW.png	raster-fallback	0	raster-asset	5be6439a652b5ffaeef4ff9745457cb9892fe9b73709fdda0407d73268b31461	d170ecc01f73e072a8bf16d38a7db7fdfb0833de7009a2cf6cadf4c1b06920b8		
1030	col bin 2/rgb/col_red_lo-grad09wht.png	raster-fallback	0	raster-asset	64b5b903f84b89cf1ababce2423d12d6ce5297051dd65a9b1caecc5e18b33413	50639e7041de75f733eebebba5bd1e91db8388c0f5e2f62ecbafc7cd0ee06a94		
1031	col bin 2/rgb/col_red_lo-grad10blk-rotCCW.png	raster-fallback	0	raster-asset	7da36c5a5db440bd05a4dc601475a3efdc1018bc4529ef888c4f6e62093a3494	4f754fc3b91d4672b7873bc5fa28922b58951a474d9d559da3686f64092a8a80		
1032	col bin 2/rgb/col_red_lo-grad10blk-rotCW.png	raster-fallback	0	raster-asset	394d893c6eee0f65765167c2616bec3abd48b18d7e60e75ae8d0d28fa98bf5df	b02546667517ccfed0ab8f639a14f8212d2eb04d96d66549e1ea4f370ff28b93		
1033	col bin 2/rgb/col_red_lo-grad10blk.png	raster-fallback	0	raster-asset	4b161a917187a76a1db8814903b27185dc3e724a84a50fde1151c2a525bd3539	4e587077e3fcf42a13527dc0eef835933dc76fc19fbe5e846e4d822a270fac2a		
1034	col bin 2/rgb/col_red_lo-grad10blk50-rotCCW.png	raster-fallback	0	raster-asset	42d858ce230f75d776bc92d087a1d0cb7b7b50ca4b59f7b5c1aeb6cf1894167b	476a55c533ae72367b23a1261cb63917558441de4b84795176ce130660fb1b77		
1035	col bin 2/rgb/col_red_lo-grad10blk50-rotCW.png	raster-fallback	0	raster-asset	3728bae6e79f36a9fbc4c2d61a62a6deb7af6aded6c57613ad64f912046b9a3a	11a7fa9c4392b0749cc39af1a40470d63abe40e96a9081551bf6de806bf7ac96		
1036	col bin 2/rgb/col_red_lo-grad10blk50.png	raster-fallback	0	raster-asset	85147db41bd130e1c2ea1cc5cb8c76996611adc2e519b897b8f1f9d1c10e002b	43ca5a37500b5f8135a136976b3440ecce8a6c5f7fa8dae907de7bb6bcdb1705		
1037	col bin 2/rgb/col_red_lo-grad10wht100-rotCCW.png	raster-fallback	0	raster-asset	0581f68680f9e289c4c52806e09c9e577923b899942267d6f8d93cfb1c46dd64	be3bf825567cc8b2dcf6f9421711d2bc4a7effe5cdca7fe95696538b8de62b56		
1038	col bin 2/rgb/col_red_lo-grad10wht100-rotCW.png	raster-fallback	0	raster-asset	da9670ab0cea26267271da2fb5aa82d2e356290e8d6d3212db12bd103ec01aab	392cb9571d6928dc47d0939c15ac1e49ebe45fd77d4e0e6b95d01a88df3ad696		
1039	col bin 2/rgb/col_red_lo-grad10wht100.png	raster-fallback	0	raster-asset	3c0ec097d54fd6a375985d85fd026adf21831bcfb666f3ad0e49af2366ace8c3	5a583ec7b78670aab41400cee95fa7068b900c02c980e6acbc7438d1d94a29ff		
1040	col bin 2/rgb/col_red_lo-grad10wht70-rotCCW.png	raster-fallback	0	raster-asset	7f4f2dab1755f09bac35d761079fa1cc85c860287286c871a90a129a393474af	0e5af9ac74df7334a77b8050453517d09a125bfa1edcde704214b116065e01d5		
1041	col bin 2/rgb/col_red_lo-grad10wht70-rotCW.png	raster-fallback	0	raster-asset	fdd3204ca0e55e20665d41e73c5113037d12152d55cb10053f045650f53b1c04	a1b65f3f1fc187218179ea154198bd4971bb52d37979fcd70c55893f9621135d		
1042	col bin 2/rgb/col_red_lo-grad10wht70.png	raster-fallback	0	raster-asset	b36a3e5c87234142aa0667c52774e477164c4a49d21485669c4368909a040323	c897fee99537a1d8417c023891cae24ff4067db559280b10be1967e201850ddc		
1043	col bin 2/rgb/col_red_lo-grad11blk-rotCCW.png	raster-fallback	0	raster-asset	5f768cea9c187e5740e9f2a48861de0d392a18500ad9429047b428022095f63c	4ffc4ba4a00e94c83b76980bc5654cad62cd9bff0113a28d1d76ddea95125604		
1044	col bin 2/rgb/col_red_lo-grad11blk-rotCW.png	raster-fallback	0	raster-asset	3428813010d968464183eb2c86567af7e4c82ec1a16f84dce97c5b32da123d76	1c9969d5f816dba2fd750b88a384025519a62f6b46320cef479b30c29001c6e3		
1045	col bin 2/rgb/col_red_lo-grad11blk.png	raster-fallback	0	raster-asset	981053d3ca0721b47ba8954064e953f57495ae4e91d5afb3b86d76b94dded842	71c6ce51bab18a8aae900f7f0e391d6a1800573d6295113211c54a905baa7e70		
1046	col bin 2/rgb/col_red_lo-grad11wht-rotCCW.png	raster-fallback	0	raster-asset	f2aeee424e43892d534d8cbbc063a5a5b683109d6a12d3a57a77b9160b6d9dc5	3847c43b6076f3e14e6c648e7e0e4f7a740668ab150bdc5be22b07c42675950d		
1047	col bin 2/rgb/col_red_lo-grad11wht-rotCW.png	raster-fallback	0	raster-asset	5dabacd65b1c5b09afa2930e333648374c7b3a6a394682390cc8e41caf5e5251	f79810c0ee99176c7f328916bf9dbc0e60846740952190cd52c6d33ca209a204		
1048	col bin 2/rgb/col_red_lo-grad11wht.png	raster-fallback	0	raster-asset	0156f77ffa8cb8b59e37b87ecd2a618f915755fc525cba0914d8bc4ed429147e	c1e087ba98bf7043294f3ae9a08061a78292b65e2790fb968d01fc8f424901fe		
1049	col bin 2/rgb/col_red_lo-grad11wht60-rotCCW.png	raster-fallback	0	raster-asset	0f52d69b12ee99942de26465a0457da1ea74db1b56421dbd2c55b63da2b56591	f81f0b09eef83495b6431e867aa35433f75c4bda069f15cba0c0df0f99fd9728		
1050	col bin 2/rgb/col_red_lo-grad11wht60-rotCW.png	raster-fallback	0	raster-asset	3d8d5a6927856567982f0dc7743e8c4b7db4ada38cd4995444591235cbc6cce0	6e117535c605aa3fe4f11ebca97e5d4c1cd57d48802e454f58c0b0ec5d3634b5		
1051	col bin 2/rgb/col_red_lo-grad11wht60.png	raster-fallback	0	raster-asset	bf0f84fd3bdc1ca3cbb9a5e2034bfa321adb1984f148ffe5a7776ec3d2814089	3dc9606197fa3545ebf9de9c0839edf67f2394503d567b29c16677e69835f501		
1052	col bin 2/rgb/col_red_lo-grad12blk-rotCCW.png	raster-fallback	0	raster-asset	34af983c58199c27a8b8dd40d311e6139106dea3b3d04fb640b2930664c4dcd5	c3b2b16a9e25fb603b8fa0c1e67a1cd7cdbafa205679ec05b2c336e4d41b8a4f		
1053	col bin 2/rgb/col_red_lo-grad12blk-rotCW.png	raster-fallback	0	raster-asset	c07d1fe89c44c1df38b424784b0233880403695443dfdc209928b9a3aa0a03f2	1b6785f0ee8b36d310fc97304726165c1f0e4b9e745c84582f17d67d8ae854c5		
1054	col bin 2/rgb/col_red_lo-grad12blk.png	raster-fallback	0	raster-asset	ec7de3c3e15fda8f74d0229d3d03300b9a0975c2617c46c3c139dfda9d1bbe15	15c1179bc2008f3237793a8bed0fbf72fd27af5afe524cea99823c613baff4c9		
1055	col bin 2/rgb/col_red_lo-grad12blk50-rotCCW.png	raster-fallback	0	raster-asset	50bbf288d4f38481dd6a8937009f215df52f14800784a9e3104b5609b59eb041	2cf75ce8f4d7e0b0ea5cba34e20ccae2253006fc4a226ff6dc5d17e120b0e061		
1056	col bin 2/rgb/col_red_lo-grad12blk50-rotCW.png	raster-fallback	0	raster-asset	e0018c7ffc7c4cc63a028a4bd3ee4cb1479e8530e3cdc9507769365f3cf83c31	1a1ba1f73287dc8489ea2a785881f1df09ba9bc59eef409001f19e4d7031d197		
1057	col bin 2/rgb/col_red_lo-grad12blk50.png	raster-fallback	0	raster-asset	be3a30d9ccf7cb27fe158a9b4f5429a53cd153359764d3e6068d6e07b8c6b798	14c301fc5a342e9603dd17cdc652759fbdb5df496f4fa27db35777050b2d9b7b		
1058	col bin 2/rgb/col_red_lo-grad12wht-rotCCW.png	raster-fallback	0	raster-asset	d36096a462c386d542930f468deee35d993241af9e0a00014b87969e25f0b598	f2452bc8fa9bdb4bec1c7083e9f59fd6c181ca4cad74c4c065ccb2029c92db9e		
1059	col bin 2/rgb/col_red_lo-grad12wht-rotCW.png	raster-fallback	0	raster-asset	0b66398437c5688b4ce9e2d3faf5a2d1eac6ef8dabf20bd732310fb81c146cf3	1e260b845be4f7897db033e92217b864f0c706085fd40e0bffba6ec1625b453a		
1060	col bin 2/rgb/col_red_lo-grad12wht.png	raster-fallback	0	raster-asset	c68c2307d053c4a73f675605a1e4274bb94fbc7597d61ad18dcf168f3de5260c	1563058e3b4e04a5cf1b704c3392fe0045366c0fdb3c627ee1b12f91b2c6da7b		
1061	col bin 2/rgb/col_red_lo-grad13wht-rotCCW.png	raster-fallback	0	raster-asset	4da7d20455fb46302f6e5c13aa224034c8f71e6aa38c45aa534bb06ca5d55ea3	4b746f1d57afdcab772addaf259fd41332646afbc85ca59321d044238d11d782		
1062	col bin 2/rgb/col_red_lo-grad13wht-rotCW.png	raster-fallback	0	raster-asset	cd89dd54651e08dc0cdf466c4b9b5c2b8a1a2ea96d5365323b221502f7dce13b	4a410ef136b1db7a47ff4a236bcd259149de0effc15ad45af216d06d067bb67d		
1063	col bin 2/rgb/col_red_lo-grad13wht.png	raster-fallback	0	raster-asset	ed36641cc6978c403e654d2a5e80019153201458b07b0726ca49b29e49eb3252	1d69b62e3e30097fd049257ecc4e071816db7cc6e2af03638f4feba415f26b29		
1064	col bin 2/rgb/col_red_lo-grad14blk25.png	raster-fallback	0	raster-asset	7e6f9920f0c89ec609b4229813f977af302c032f62e47e4d25c860bbc7746ecb	cff7e96932ee8ac9b2448645776bcf6840ea3a1b54b4d22dee11b83e7f22762b		
1065	col bin 2/rgb/col_red_lo-grad14blk50.png	raster-fallback	0	raster-asset	5554c915e7934e6e2e0cefc2b6f9145c9ba5b2504d1be27be8e86596ef06d3ad	2bfb0e07d1a70edbc48d00ee63694b2cf95f8bd895a8c840b508fb3e57897eec		
1066	col bin 2/rgb/col_red_lo-grad14wht.png	raster-fallback	0	raster-asset	0edd348b1947c57d28b2587f9930482369ed3c093ec06eab64d302c3b81ad52b	628b4b94e98d54633d2bb4eba03773aca01d72f5b3fcec29e5ff9cc4b3cb648b		
1067	col bin 2/rgb/col_red_lo-grad15blk100.png	raster-fallback	0	raster-asset	ef16d3b4c952760baed986f99dfff26bbcc0a1c40b73acd1cc4d0b3e397516ba	d9bf4cc9e2a7c9c9402b30bd941dcd9200eb75ed1602ff9cdf4cc5f1f15e38d9		
1068	col bin 2/rgb/col_red_lo-grad15blk25.png	raster-fallback	0	raster-asset	8ffcc3a3f29cf5b6c177fe697847ba5b9b6cb3389217567afd24201a5bb53313	76275420cbc5fd8aa0d83ed8d605806736869e5db78fa57f08454229a0f21fd7		
1069	col bin 2/rgb/col_red_lo-grad15blk50.png	raster-fallback	0	raster-asset	41d5bf926fc0109a4454956bb01dbb18f7f085b4a90ba40caf4e8b5b44f411a1	f2c5db6c79e958692432790585d3350c1d395e315435d995df8834b335b476f2		
1070	col bin 2/rgb/col_red_lo-grad15wht.png	raster-fallback	0	raster-asset	77132c4e9c764da1e3a600ce0973fa3f46e5baea14ab62994aa38a81db280932	727454e1d9a37edcd464ee14f288a6b42a1e76b077f06ed39ab90ef24a126dfa		
1071	col bin 2/rgb/col_red_lo-grad16blk20.png	raster-fallback	0	raster-asset	f671898aba9bd642cef8fdfd1d4bd611d134e2704c4556f83f035bc7a27e0e92	f8d7c24528d2d14ca076c8f21c30ae047e8e7fc163d5ce79e1bba1eb25d474ee		
1072	col bin 2/rgb/col_red_lo-grad16wht.png	raster-fallback	0	raster-asset	8031e2539d6962e6a9a6717a230289becb30f230c324c1be69618db78e228d8c	65590b07d4732be0d60d5e635b67f9cec45ecddf5ffe5af2adfde4ebac731f61		
1073	col bin 2/rgb/col_red_lo-grad17blk.png	raster-fallback	0	raster-asset	5f505b79b4827c1b4028c1b92cd69d02400b2eb59e62586ed682e88fb0af73a2	08d626e0f2132361508d4b1e39a485480c7467dc276de767bbeca0f6f65fa1c8		
1074	col bin 2/rgb/col_red_lo-grad17blk50.png	raster-fallback	0	raster-asset	69a3aa4899ca32bbc1c89ef5eeb57f46c5ca9e3e20271a5272e2c92a204d7ed1	1cd87c7be0c5b6a78b8975473e1948e7bbd7b114fb02181a18a50749c160b17a		
1075	col bin 2/rgb/col_red_lo-grad17wht.png	raster-fallback	0	raster-asset	1258ed8668ee834d40d1fc23609f2eb6418105af219fb04ad78707a591a5f93a	3744d93e6fa593b735ac37a620041d94a1d0940026028b3fda729d4a1a97140f		
1076	col bin 2/rgb/col_red_lo.png	byte-alias	0	byte-alias	571b2764451a2bb5c5c4cebdd6a62e2e87aeb9020dc062f99183f639c584d8bc	16db005bfb56e58fd9a874b1beb6f6dd5de6da37cb29f2f8e1c4415ca7f92660	bytes	col/col_red_lo.png
1077	col bin 2/rgb/col_yellow_hi-grad00blk100.png	raster-fallback	0	raster-asset	4330bc4a7d506d0ea3a9883e019b603d631b17d5395480c8b79b14b24b12c616	7d1262530efb7b84665311b1227456ccac877a9ad79ed458f9d9583f9d431ac1		
1078	col bin 2/rgb/col_yellow_hi-grad00blk25.png	raster-fallback	0	raster-asset	06557263b65192f88d2fb40b6d0c663cb0fc262083bf34646b41e3a0c7bb247d	d23a5e382ecd8d615906a1aee2b4c578fc7b95d5e7d2161d89ab733a2c8c681b		
1079	col bin 2/rgb/col_yellow_hi-grad00wht.png	raster-fallback	0	raster-asset	fa5a0b0425108108f6a2080751ed05a8cf76913b4a7c4b9a8a91c994ab1436e2	8eb41cc2cd5f86e9c258d5144932e6f83943777b673df2952397f5a62716d92f		
1080	col bin 2/rgb/col_yellow_hi-grad01blk100.png	raster-fallback	0	raster-asset	d03a6b4b56eaf722360d88a0da45f6002349c2c0d26a6b0875fdfc6eca3c4f3b	853293e50dd3208b79449a3806cff0a3e01d761802d70a0084b37a93bdbd533f		
1081	col bin 2/rgb/col_yellow_hi-grad01blk25.png	raster-fallback	0	raster-asset	45bd25e88b3f2c397e553ecaca567acd5c6809fe4bb7ce4b6fba559a828b8c7c	58f7e7ade9adf0a68fb2ef2df8dceea9398e0fd03037244f4c25569501b17648		
1082	col bin 2/rgb/col_yellow_hi-grad01wht.png	raster-fallback	0	raster-asset	0ec78bdee4bb110c20e7d5ab9aac796624efd839ec1e9df2d2bb80537cbd55ea	a7d3eebfab2ff0016322c6e0001abc61ec6ee7a8e2da8ca54428cae16ce58251		
1083	col bin 2/rgb/col_yellow_hi-grad02blk100.png	raster-fallback	0	raster-asset	f8836deec5522c7ab67a1149e5b42aacf9e753ae3b0b9b000abf0e9321997013	5903a879a62ac9977908e0f20d648f4697e6d8f8b3722d536bf131c4cea671fa		
1084	col bin 2/rgb/col_yellow_hi-grad02blk50.png	raster-fallback	0	raster-asset	84ddbada85fc102c588f4f1229d98e2993be451fd7569bb9fa43d34e2fdcdd7c	531e21fe489568b4edccdd454a84e7d693fc5e0632dce872838782b3a861cabd		
1085	col bin 2/rgb/col_yellow_hi-grad02wht.png	raster-fallback	0	raster-asset	9dd6fc0a37e3dd689b6a5b5bae6551bae61978742e19522ec813f17b5c1e39ea	60ad3169e10384590364e4c11646ceee81f8a593ed6f71bb84a4697fdf2f4488		
1086	col bin 2/rgb/col_yellow_hi-grad03blk100.png	raster-fallback	0	raster-asset	ea92adae0455dfeaf9c9008925b958b4dc5a7377b20eaf96a0c486d4c859967d	2b786d094dc93b0ffd86d7a105c2d83f66690175b3b8f816595bd6b1cd04bf5b		
1087	col bin 2/rgb/col_yellow_hi-grad03blk25.png	raster-fallback	0	raster-asset	e221d3db1464fe676cbbef3b2bcdc9974f02c8979e6a111fddfa3e03da1cd3b0	f274b7aa50346827c50e4ee6983eb49a155c1877afd0afe07974ebb2c5da1632		
1088	col bin 2/rgb/col_yellow_hi-grad03blk50.png	raster-fallback	0	raster-asset	b680a0b85c43425eb5241e6dd178d7753b3cc1c007dfda093a8726129e4990e2	af41a85fb7cc62c9e06ed990c2549cad750e43055420baa80d7542b2d20e309e		
1089	col bin 2/rgb/col_yellow_hi-grad03wht100.png	raster-fallback	0	raster-asset	070dbba070ce083e1a287a858442c02261d2a6fc9e5124ad0711182535fe7a9f	53f706bef738600238585d8d89e27266bf235f446a50ddf795770bcf91914885		
1090	col bin 2/rgb/col_yellow_hi-grad04blk100.png	raster-fallback	0	raster-asset	741c2ad6712d2980141279fa0f08158c34fb5601a55d28d36cdf7d9990bbd33a	df8b7846e81a8fe3d52184d6f32deff698705271572b460c7a19e3128ec79d44		
1091	col bin 2/rgb/col_yellow_hi-grad04blk50.png	raster-fallback	0	raster-asset	c19aab65696771d0c89b08557b794646723bbb590822fb67e7d951b81df56c8d	35c05c8c16c332e0bf62ac04d43d0e93aec402505746ed4dfeabf0d7bced289f		
1092	col bin 2/rgb/col_yellow_hi-grad04wht.png	raster-fallback	0	raster-asset	5801a6df17589815ba1720f29231ea451a97134d44f935cfaa088bc743f36e29	c0dc53acf88dca8193e03e707520ac55c21d3d2638015cd9eb9d7a551d569e4b		
1093	col bin 2/rgb/col_yellow_hi-grad05blk100.png	raster-fallback	0	raster-asset	75ad52b7bf14a2c6277834831d143b83ac23b930914abe234397e9d00e005dee	90a408e70ee8d1b8524a9bed9dde79fd36feaa323ff1ed29adb3308a56f40368		
1094	col bin 2/rgb/col_yellow_hi-grad05blk50.png	raster-fallback	0	raster-asset	13e0757adf189a94ffe45c2a9364cf621bbe20d60943e4f5b9c758d9af0b9cf0	f3af2b436dae0688f8f781d7b5b48ef41e1ac7e6f9b7e8b601fcd9861e059952		
1095	col bin 2/rgb/col_yellow_hi-grad05wht50.png	raster-fallback	0	raster-asset	96a2b0e9f8ff0bb8bc042faa8e2dc103fc003cff94ad248ecc443f5ef3c8a5af	4382c4eacd48d9be03b320d43097804fd0ed93f736c3117456caa93791112c58		
1096	col bin 2/rgb/col_yellow_hi-grad06blk40.png	raster-fallback	0	raster-asset	6b974c05ca81736a19cfbaf696f8c505c66175267f6d6a61976176f7148c7ca9	1e5e0f62cdd83954b6de211a993d40ca78d40db8dc92969ff8a8fe995133d93f		
1097	col bin 2/rgb/col_yellow_hi-grad07blk40-rotCCW.png	raster-fallback	0	raster-asset	54c96f7b1848c28b5ea30d0218bc4a214fbc9b90dbc8de11f4757a92040a263e	6276cb953eab7a69a89d77178065078709e6f05b70b4c34ad0071c2db118bf6b		
1098	col bin 2/rgb/col_yellow_hi-grad07blk40.png	raster-fallback	0	raster-asset	3320ae03fe1acd0d5ccd739a57d36c144b1b64b77226bcc3cba7ab89013744a9	72d36a2e005ad0311b8ea0a26c6d94b5ddcdc9f78b111b6da80e34f2c555c9ff		
1099	col bin 2/rgb/col_yellow_hi-grad07wht-rotCCW.png	raster-fallback	0	raster-asset	6381e9cb743a22760f0a65ab2b48f8949cc5624e45eff5adf20c88dc394f1e9a	afac2a571c33ed6774712e005baa40a9a01954073a88a139147f2d3998a8d6b0		
1100	col bin 2/rgb/col_yellow_hi-grad07wht.png	raster-fallback	0	raster-asset	a7b00431ddfeb61b73351eac9f977e117b1c4c8e6682237eb1643caf7c0234c7	cb7e37ce67869d16c2e2bbcb2f77011f10bd7c81aff24061e86f8b35ddbee61b		
1101	col bin 2/rgb/col_yellow_hi-grad08blk-rotCCW.png	raster-fallback	0	raster-asset	6836532e6b4c8d7c142d6e6ccf51d6d0f81fd2a0f9639b1a3a82fe6fe21de99b	b7f5b84b5fb4219bbf95e4a691e60af5605f16edb2083a2c06acfff8615e5720		
1102	col bin 2/rgb/col_yellow_hi-grad08blk.png	raster-fallback	0	raster-asset	cde1a62a340bbe3dd563185d31072056acb28949e76b572e02d8aa9809c5ae62	bdc450d562046985cc19a44524ccf6eceb4712a8f7ce73c9807a05d0d939a340		
1103	col bin 2/rgb/col_yellow_hi-grad08blk50-rotCCW.png	raster-fallback	0	raster-asset	771061847beeda56fa7627653c0dfef0370b91a40044d8233418132613cd111f	f867a96a7c246fab15f1306917cbf4feed6f9438bc83c72145a28ba61bbd9348		
1104	col bin 2/rgb/col_yellow_hi-grad08blk50.png	raster-fallback	0	raster-asset	5b6c276659f48d3e92316512f4b4b5f8ee9627cc85f72f7c612406e35bac498a	5db0987f42ec90b74612b10969fede7e3fe2639c23ccb12c5e819e2d9f6e5132		
1105	col bin 2/rgb/col_yellow_hi-grad08wht100-rotCCW.png	raster-fallback	0	raster-asset	189b110ddf5e94184f0e6116b57c5845cb7119750253b2ad192fdda54e9ffd92	576c824790ba0bb0ff50cd58e924a55d79a513e0549a4302ca15a7c2b79036e2		
1106	col bin 2/rgb/col_yellow_hi-grad08wht100.png	raster-fallback	0	raster-asset	30491f2170cbdd2f3034f36c57239eeb0002b039ba4af49cde48a46500517bd0	d21d72f31f99c92ba49a65c8eda2b976171a3c109dd335003ea3bdf1c4e787ed		
1107	col bin 2/rgb/col_yellow_hi-grad09blk-rotCCW.png	raster-fallback	0	raster-asset	14d21a3830a31d00e52e589e7f7b59734c8c2ec28800cfbe7b3accdff6f434e0	4ca0f1168cee02352d6e7764d5b0a2aec80b44002434e461ed103a1b01fea87a		
1108	col bin 2/rgb/col_yellow_hi-grad09blk.png	raster-fallback	0	raster-asset	a87f423c9a881aa20e837beca7d8f702b71d84a6e7e7dd24d32475722a9dc941	beb146219795d59b305f719169f86276e1815532d3615923e2308998dbaee42d		
1109	col bin 2/rgb/col_yellow_hi-grad09wht-rotCCW.png	raster-fallback	0	raster-asset	0bb85e977f1b753bd634f929efb2d44a118e3c222a9825583b2a4a287bd112f6	1e358d5130cb4d9dc7a62dc26b7553c7d5620653d888ab9445b748a15d4aea21		
1110	col bin 2/rgb/col_yellow_hi-grad09wht.png	raster-fallback	0	raster-asset	e8f2c816ac22f6f377edd78fba1520e1701e1db42a3da49c4b68813a77e763d1	b7eae9ea15faeb8f5351e7dd3101921d45477457d6c4fee968993cef651345ca		
1111	col bin 2/rgb/col_yellow_hi-grad10blk-rotCCW.png	raster-fallback	0	raster-asset	87ffe4944bf4b83c5bc371813ef777929026c7c58f7fc4d27a883ee740968510	2271fbb3139f5fc8a6559f3df99f13167db6ff433ee16a7bede525a3d5a43c99		
1112	col bin 2/rgb/col_yellow_hi-grad10blk-rotCW.png	raster-fallback	0	raster-asset	f7f327d2f88c5ca7afa62f23c037d77f640827969ec8958070ebfe3f04990262	8494a8b08d6040986c3750150aaa2facab06e3e3b50e55e7c07e5f0f0bd0e6a0		
1113	col bin 2/rgb/col_yellow_hi-grad10blk.png	raster-fallback	0	raster-asset	e3a262ed344ef7da94e780ec2e41b55429a1a1eb912032f6d810937cba115d4f	896a236aae2cf64624b7c25964b20c381b61668970ec3c54d75d78f2dc59f4b2		
1114	col bin 2/rgb/col_yellow_hi-grad10blk50-rotCCW.png	raster-fallback	0	raster-asset	a50f1e84782266e2ee345db30b9d1b46ad6ba25570f522aa1b6a8acd5921215e	0b7058cd2360322890934f7c24242428d4d7168317b2ced985af73a6aee6b680		
1115	col bin 2/rgb/col_yellow_hi-grad10blk50-rotCW.png	raster-fallback	0	raster-asset	c99660bc6d39b685a02f6ea44b5edc68a6e86303b625e99825353f5f90fdcdb0	0cb0e582fb4ba54211ce21b174d704559656d4faad2e6e26a4a00551911e398b		
1116	col bin 2/rgb/col_yellow_hi-grad10blk50.png	raster-fallback	0	raster-asset	61e7afad792393e4a0dda149d8772b4299a273d3d87fc4e95950abc2f3e93943	2dbe79b073f154d4096b4ae226c9b29483fc9094c50257fe4c83eab5c0898a40		
1117	col bin 2/rgb/col_yellow_hi-grad10wht100-rotCCW.png	raster-fallback	0	raster-asset	285c354e36b1584db1d98a64a979065f430a2c86d4657668acdc94ae8745f81e	e3f4ed11058b4d5527a31e53d21d786a91ad7d061cd5126441fdcee00dcf6223		
1118	col bin 2/rgb/col_yellow_hi-grad10wht100-rotCW.png	raster-fallback	0	raster-asset	c36ec8e1dd02d03f66288eef532f45a7beb2e0ccc01ab455e0d2e4dd068762fa	6fb5b997a2329cada469a209283b30b0d0f37443972eb524098c0056776e27dd		
1119	col bin 2/rgb/col_yellow_hi-grad10wht100.png	raster-fallback	0	raster-asset	85697d85b6f1f50c989abc16e3836567b56d1ef7086ce16af3c729e084462b6f	fd8aab9aa47f1f1ba45319c85a562c8723c7401327809e1424f2d10d842e366b		
1120	col bin 2/rgb/col_yellow_hi-grad10wht70-rotCCW.png	raster-fallback	0	raster-asset	6a3d58cecf012dd8c3be75d9f910edaa91b9436ec0cee6008d14e741338841bd	52f6a5916a4eed10caebfcd4247912eac2830f1f263d69156acf5a4edaf64327		
1121	col bin 2/rgb/col_yellow_hi-grad10wht70-rotCW.png	raster-fallback	0	raster-asset	bf664970d763c6fb5d7d61de7adc44fc26d702bfc521c924e249c520e1df05a6	254e50be1659a007ce9d04d50b6f3d9c7d1a304bb0827b7ed75a69c62dc42226		
1122	col bin 2/rgb/col_yellow_hi-grad10wht70.png	raster-fallback	0	raster-asset	0c96138c2ac6b30147dc31e427c423fe74e23c7f6f3899bda2c593619ddf89f8	10086567c9daa9403a599349b20c5ddb99004a5dfec41593f49e9241a917a9ff		
1123	col bin 2/rgb/col_yellow_hi-grad11blk-rotCCW.png	raster-fallback	0	raster-asset	23b218b9da5fe502bdcaea6fbe29074f80241ccfe40ab2e31636f4e9cc6a85b0	40cae23542e58ffd585b9fb17d683f0de127789d157ebd9e5f863d9c19df9206		
1124	col bin 2/rgb/col_yellow_hi-grad11blk-rotCW.png	raster-fallback	0	raster-asset	24e493fab4ca1ed99c43cc41be2d53933d46e753cd32cd566fbeb8e16e1ebd91	e019bf2b54f0f50a2b733a7182bbe1696090f26ffd27da41a4cbbfacff73c9ae		
1125	col bin 2/rgb/col_yellow_hi-grad11blk.png	raster-fallback	0	raster-asset	1387ae129b2933613e8cefe6dc3bed91148f08f868adb610180de475cb6de9e4	811cdcaf195b093ab07832faad53413fa36da7a6d8c2b1163ee3f34e9517b9e5		
1126	col bin 2/rgb/col_yellow_hi-grad11wht-rotCCW.png	raster-fallback	0	raster-asset	ad8c1f25a5cb9f3073816ea8b76096f4ac9e3c9a805ec6f0ffd740e2d66c4126	7c85d14d491d350053c43db1a87180d693bfcc2e813e4b7b1023e39ddcd8e826		
1127	col bin 2/rgb/col_yellow_hi-grad11wht-rotCW.png	raster-fallback	0	raster-asset	46f8d8f7b03a8c03e53e5b5a4040cb23e72f2d46a0e0ca4d3c411e7fcc58de6b	88dc46f36e5f28ac6493326401e205560642a05b2b59255aadb2b6143407562c		
1128	col bin 2/rgb/col_yellow_hi-grad11wht.png	raster-fallback	0	raster-asset	2cf628d6b113369709a317a4736c1e667634952c4e438d5d5f35505104d9137f	272cfb3440f1c041c778fb5e409ccf4f360a599077c46a7e011051b62d746f29		
1129	col bin 2/rgb/col_yellow_hi-grad11wht60-rotCCW.png	raster-fallback	0	raster-asset	e3cd24a61c78f0a95b034caf8dd8a9306e81ecada4f2367bc7ff79a5e817a61e	319918b2bc9073999e844a5cbee1ee034b39f15e3c754d33d31a77e3319c47bb		
1130	col bin 2/rgb/col_yellow_hi-grad11wht60-rotCW.png	raster-fallback	0	raster-asset	eddc80a9ad374280da4ec834b26b7b5a94f25fa6cbedcbe6dfe0060ec1b5aaa2	5eb03dd58ef5817ea815a2527df882d56617fd3a31d58f1d9f12ef9a183a448d		
1131	col bin 2/rgb/col_yellow_hi-grad11wht60.png	raster-fallback	0	raster-asset	a2e51981a5874e29d0aacc835bc5500ae51533e8fc1f61f757a0aa721947e842	b757f9054b6db36f143a779b6a6b9f011740f1b791de6ddfe10efdc01a4c6f90		
1132	col bin 2/rgb/col_yellow_hi-grad12blk-rotCCW.png	raster-fallback	0	raster-asset	06703862bbdca05898d53de62472e4fe95a7eb1c2356760e11e56c7883d7388f	0382f92d940362fbef23dd4a7abde4b07ad05584152098cd3a600959295d8d70		
1133	col bin 2/rgb/col_yellow_hi-grad12blk-rotCW.png	raster-fallback	0	raster-asset	6bc6cf54984dd79fbba475fcd98f36733b581218d8dd9f5498fff3f486148c76	80f6aabd6b09c61eddd5db5c4c2becfd55ac72c0d47c3b40a508cc038f087365		
1134	col bin 2/rgb/col_yellow_hi-grad12blk.png	raster-fallback	0	raster-asset	41f87cbb54d9a61aadb7a7924495dbba12376a1e54e03c79984f4ff94c21c8b6	2d05075458eb56adfbf4f90987e409e2eff59609b1d801631511b08b67ccbbe6		
1135	col bin 2/rgb/col_yellow_hi-grad12blk50-rotCCW.png	raster-fallback	0	raster-asset	7909286f09d77009495571f902c73e0282439aa0d4e843bf9224f0e575421b32	967dd887e0ca87f55c3d3d691de094dce39a040642621fb274beb74b52b0a29f		
1136	col bin 2/rgb/col_yellow_hi-grad12blk50-rotCW.png	raster-fallback	0	raster-asset	eccec4ed663b62710f97621412b4118934e4f4feffcc753f09385df80654eb03	802df1458cc2dee638e7e2d6a9728e0adcc00bb21fd0ba7bd4e2cb435234fee4		
1137	col bin 2/rgb/col_yellow_hi-grad12blk50.png	raster-fallback	0	raster-asset	300aeff877340a7ef215ddcee38e8d0e8a8fbf06cb2c3c56891bae887bf9bbad	21c5278e5232f8e72bc9b962a0bf9c64b1668a805f80979a041ea2a7e712206e		
1138	col bin 2/rgb/col_yellow_hi-grad12wht-rotCCW.png	raster-fallback	0	raster-asset	01e25606e30b498c16798009faec2d453d373f778fcfe9fa258d38380e0811a6	f16b6ffdca5a3a7835b2f6e13c4a866c2d4075f00c592678c92e469395069898		
1139	col bin 2/rgb/col_yellow_hi-grad12wht-rotCW.png	raster-fallback	0	raster-asset	83f36d12df6a7ca3ff02c259aa440532ee342f806065aba8d6d4a591f0a0082a	61bcea92c74d4d258a16aa219741c8eeed9584c3f5bfa392924aee08766b88a5		
1140	col bin 2/rgb/col_yellow_hi-grad12wht.png	raster-fallback	0	raster-asset	27a5f3c28f7606a2270528c12ccdafbc884c791fb6afcba87bba000c2cd4c0d7	926cebeb74d20cfe16c3aa835e3d3734859736fa2b8e979d2c40a53aff781d1a		
1141	col bin 2/rgb/col_yellow_hi-grad13wht-rotCCW.png	raster-fallback	0	raster-asset	1522875282191c5669b43ee8bb5c69229a29419a22eda3ee177862a7d0e92f92	11865c4f601038520437b3aee7eb957e1eb5722d67e550fa13899b6f604f04b2		
1142	col bin 2/rgb/col_yellow_hi-grad13wht-rotCW.png	raster-fallback	0	raster-asset	544f9e4d19fd4e7cb6832b9866332cb3f6b77f75e3f224c2efedb87ce22d3e1f	f051ff65f56461fe335efbc88aebe9d0bbbf9ee60c4fc64992ab898374cac98e		
1143	col bin 2/rgb/col_yellow_hi-grad13wht.png	raster-fallback	0	raster-asset	39723e016872e64602753432897d3c8a0ac0428d473514b075b56bc6983e32f6	db4a2e831a30536f9c3bf96bb159e2e6b7b09cf33b7cf72bb126c5ec3a3f4f95		
1144	col bin 2/rgb/col_yellow_hi-grad14blk25.png	raster-fallback	0	raster-asset	0f9e68bce222f42d10269e3afa011a84048dbfe36882c72edf38f312d8a95ce0	916d69b28d9799744078bed81d032a8aa1a5ed365110dafbd04d0a667ac17f31		
1145	col bin 2/rgb/col_yellow_hi-grad14blk50.png	raster-fallback	0	raster-asset	5c3587302b1cb88fbe6cfdad5813a1d4383f7b29534f7caa9c687ad7f2a09e3f	39c242d42e77be70d84d6160e2a10bbb1761f3d585bd156544f731870226309a		
1146	col bin 2/rgb/col_yellow_hi-grad14wht.png	raster-fallback	0	raster-asset	6d68c05d56b6dcb523783593aa8a933ef29a2d27347080241c30f2e1830d3ffa	12e90f452f8c7764e550c2b5686f69f8f67e6e63fd94b44d16dfc397304aebce		
1147	col bin 2/rgb/col_yellow_hi-grad15blk100.png	raster-fallback	0	raster-asset	e90341fbda65a396ef2e7b7bb34e80d4b89cd804caea3ce8035204599b4b5fd9	35375a5c587aab5c3d1326c90d4e93599594ab659458e44d8a14aa1c65cea35e		
1148	col bin 2/rgb/col_yellow_hi-grad15blk25.png	raster-fallback	0	raster-asset	aa5184ba77a034bb629d3b194acba0cce123d839f80884d609025a7912422343	33f44c8fcb6ffea98826a733db876e27916799e5ab112f25769387232f3c35e7		
1149	col bin 2/rgb/col_yellow_hi-grad15blk50.png	raster-fallback	0	raster-asset	e1fa485d905fe517a6f23b7382d5c4b348d9f0f5015f4ee7fb566d8ea9d5a498	ffdc873c770834cf66df04baed2587b6f3e738ddc4b0886317b716851704a2da		
1150	col bin 2/rgb/col_yellow_hi-grad15wht.png	raster-fallback	0	raster-asset	111eeff42a8b90f70a2787effebaa0770b70f776e65f50d88ffd85accb8408ea	e10721ab853d89d38dc5046987cc98a19497e9b6e6637d1d10f27280e13eb6f2		
1151	col bin 2/rgb/col_yellow_hi-grad16blk20.png	raster-fallback	0	raster-asset	d6fa2fbd12726c590823883be87888a1aaa4e4b63651ec42009a398bea57e286	65a531d8bdf83be0e9a1b96275a6991c768399768e1c041dd455ffdd266b0c67		
1152	col bin 2/rgb/col_yellow_hi-grad16wht.png	raster-fallback	0	raster-asset	ba313bebf0febd870453ead83194e47e8ab83cf8777c461dcca55001f0b79dde	41ae843a7bb30d59106613512a6a018f78a39ff98bab689c4e597ae714defec3		
1153	col bin 2/rgb/col_yellow_hi-grad17blk.png	raster-fallback	0	raster-asset	7826535d496b400daa0ceabb495bbee67765755944e3cc525333777d5d08f8fd	390a9b228377763a23ebb383f8c719eee5d0b0b0d4f5a65f2f0db021c38e139c		
1154	col bin 2/rgb/col_yellow_hi-grad17blk50.png	raster-fallback	0	raster-asset	323a9aa38ca257ad5b0684e21ddcf220d2ed3a1a5db407b268774c6c8de8444b	d11d72782d8619593e0af04f372c32cfa6ee81e42c6a4c01f92c4b6a81e513d7		
1155	col bin 2/rgb/col_yellow_hi-grad17wht.png	raster-fallback	0	raster-asset	1b34062f176f0ac4271399a24c007d4d2309f129b4977719275f12fc424fd642	74ba1662f1dcd9749b855804698a3c7302c6e363b23e106bf246db4a6e35dd11		
1156	col bin 2/rgb/col_yellow_hi.png	byte-alias	0	byte-alias	dde6bc7b9ee85fef4bd15c4e7c3e65565faad0829d32c2b7ceffe953840ec9f1	dcad140910c833f8036f26facb54538bdf3f4083d68fa8ba752561d5cc6e9d92	bytes	col/col_yellow_hi.png
1157	col bin 2/rgb/col_yellow_lo-grad00blk100.png	raster-fallback	0	raster-asset	b8fdc1a842ade074bbf7fe7c3c6c247a1bd93580cde5b65720f7bc445897d4c0	721d3b642e2e23e3ab9372f6985a292071eac81444f901daff67937a9c920931		
1158	col bin 2/rgb/col_yellow_lo-grad00blk25.png	raster-fallback	0	raster-asset	2f12e93acba6c8da6bd019555d35874fad76613acc1ecbc0a9b3e6a8f9274a7f	3d997c2198b6e656bc29c60d29c841e02d052150adbc62466fcd03d715990b50		
1159	col bin 2/rgb/col_yellow_lo-grad00wht.png	raster-fallback	0	raster-asset	896ff566b3df66ddb941443da1c4be4b4a032a3233ae8d38526530e54c8c87f0	a9550063ed436480eaa46278e2f52b4b2c305a6ec8556365d1f6073f0b97a8d6		
1160	col bin 2/rgb/col_yellow_lo-grad01blk100.png	raster-fallback	0	raster-asset	a7667827c9214863dca64d0026320a17b372a7303f2e71fa63bcb23b460ea54f	dd3ef60cc4c9bfaeeec941b6ef220402181a5b1e15fec9aff54cbc81149f15c9		
1161	col bin 2/rgb/col_yellow_lo-grad01blk25.png	raster-fallback	0	raster-asset	e2de14b790994fa0f5110714e44c1e53009201c757abfa073835403335fea5ac	5efdbb9c4f8b382ece1fb25d3a1cbfa7f8fd9e1596958c22a6f42d2ae11a3f8c		
1162	col bin 2/rgb/col_yellow_lo-grad01wht.png	raster-fallback	0	raster-asset	e44de91e3fa46a22fa27338253a7dcec3c6c2db98f7698e845dcb117e737d7ff	768ddb358ac1a5759765f3a5dfc788a113dc4fa59b3f66c1acb8b3858f93a2ff		
1163	col bin 2/rgb/col_yellow_lo-grad02blk100.png	raster-fallback	0	raster-asset	39fbfe49b6c306017453ce33b5395e71ac172f8dbebd1078e72518018547fddb	6c7b9cc9228ece3ec4b14fa7236ee45d87bbf65f119561a27c273a1a2519737e		
1164	col bin 2/rgb/col_yellow_lo-grad02blk50.png	raster-fallback	0	raster-asset	b842915874afb445cbf1cbb650fde68bdbadc801a196354e5dddfb76a8084031	5f80f10c686b97c19158be24949070e3c9bb7a2a1a830b426271babebaec8fb9		
1165	col bin 2/rgb/col_yellow_lo-grad02wht.png	raster-fallback	0	raster-asset	05c79765a62294a9769302018772d724d544d0119a42b89496aeabb3a3f282d7	7767aad82a18a93ae565dcdfa6cfa2929a88547a1420e728fd13c8d208c9479c		
1166	col bin 2/rgb/col_yellow_lo-grad03blk100.png	raster-fallback	0	raster-asset	5d5f421d81c2f95517846a0be921b95b30eeee712a24d4336a7eb39c37d38596	3041cc7faead4b7bf3f1a0fcda8685a00a6707ff1e0704a47710e7c178f3ad8e		
1167	col bin 2/rgb/col_yellow_lo-grad03blk25.png	raster-fallback	0	raster-asset	01f712b3496201804f7e77ca25a6d363f6a98f04a8c9fad94495e2e4ee2ce0fa	0860bf8bf189f9cbd7a3a0c888c50579666230451cf63a00f54ee6e149bf14f5		
1168	col bin 2/rgb/col_yellow_lo-grad03blk50.png	raster-fallback	0	raster-asset	2280838804404228a43c809d70bcdfc364509ab9dd1e31b89807722f4ff97bc7	c912e5b54e60da69ddbdbf33c2516484e6b7eeda70861edc3c8ac33e4dc5599b		
1169	col bin 2/rgb/col_yellow_lo-grad03wht100.png	raster-fallback	0	raster-asset	8d2ace90773f604122ad21069bb49e1e46a99df8060518912d5e22f859a0af81	8a82638a29c78aa4915f8217caade41a62ba941d7a924bec75b5f6ff25f1cedc		
1170	col bin 2/rgb/col_yellow_lo-grad04blk100.png	raster-fallback	0	raster-asset	f4ad6554f8456e168d892060dd626965d1e5cd027862138916c125073f809b76	f951a68ba10f6179c932db94df6ebc6d55a3580073a78fccafebd0f205daa662		
1171	col bin 2/rgb/col_yellow_lo-grad04blk50.png	raster-fallback	0	raster-asset	b77cf50233bd565c6c1fbf14866c3e293ec7db6d97133bbe9372a23319527df2	9e592844693af0a25127c991a73fcea96cf4c31106361ae9d75d23aff5749c82		
1172	col bin 2/rgb/col_yellow_lo-grad04wht.png	raster-fallback	0	raster-asset	f832628424257513e3aeb5688957e998f1a14d250d9fa3a271f9499d527f0938	1108807f0dd2ec794e61f45bb5d0e79735b52ae2165175991d3976bfed5c7a11		
1173	col bin 2/rgb/col_yellow_lo-grad05blk100.png	raster-fallback	0	raster-asset	d14005572041263385d3ef11f726e2b73bcbb9d5c5f9314565b248ac6d4ebb6a	d5961d4911380dcc62544396d963ae6e4b03414f0e767e4e17a1366dc821d0a7		
1174	col bin 2/rgb/col_yellow_lo-grad05blk50.png	raster-fallback	0	raster-asset	52a0ec8639cbc90c5fcb6321a81cfa4ad831ff5e924afd14fea573ef98bc3478	fea874082f8def0c1fd7135f10f985c625f4aa07073ac17d83e61bdb0f198ed4		
1175	col bin 2/rgb/col_yellow_lo-grad05wht50.png	raster-fallback	0	raster-asset	579d58fd95c42a2d531373d583282fb407536bb5b34fd85f6e83813840971411	c135bdc9290e4d324fecc5f0a3bac71f6c002ad3d4d2a8c13711b49f934eee4f		
1176	col bin 2/rgb/col_yellow_lo-grad06blk40.png	raster-fallback	0	raster-asset	541363e7acaa7850ed47fe61cbb015ec832a16905a287c6ffef9e93f1a3d95d4	dfa1f387af86dd3095c19979b94d5a8fb417b23dd91e3703c1a4f48464686ef2		
1177	col bin 2/rgb/col_yellow_lo-grad07blk40-rotCCW.png	raster-fallback	0	raster-asset	863e1ce69ded2a5414ec945d9e38854f8d586b0550c32bb952fbfede3a999ff4	bdab6770a2361b1eb99d8b49816cc48d66f9b9a2d6da0b60b65737773d264c99		
1178	col bin 2/rgb/col_yellow_lo-grad07blk40.png	raster-fallback	0	raster-asset	8d6e45575dc5fc5c7d71bb3ab2885f960d2715c8d96010bbbcae61b1bada41b7	19fada562a8fdc61065062818a6b4fd44bf5def138cee20cd681562cd00247ee		
1179	col bin 2/rgb/col_yellow_lo-grad07wht-rotCCW.png	raster-fallback	0	raster-asset	8514d873f2f6d13f6cd649ec3f6bd450f12ced2ba15817046aad37d3c9a7875a	493e62591a2d7465ea779866c358b86bcdbb2554d4177f7d57635ae4b04fcef6		
1180	col bin 2/rgb/col_yellow_lo-grad07wht.png	raster-fallback	0	raster-asset	19569266569b59cf4e63109b128c03b14dde2838f4925d186ffba5b4c4247a2d	0b8a84e53a5ddc3d5b9fe466be7168d58110483ba25f75421ddcbf08290d90c1		
1181	col bin 2/rgb/col_yellow_lo-grad08blk-rotCCW.png	raster-fallback	0	raster-asset	b2ebc4bae0dd83c5ec29d8162a1634e1a215f4aa650ee0db7a81ad3d2f632ce4	475ba42c61450d063661988afea965467771b5e7cc681c0ff7feab09c5195cc9		
1182	col bin 2/rgb/col_yellow_lo-grad08blk.png	raster-fallback	0	raster-asset	88041de16e8831068142b0299f6d3153a44df55ec52166b05f821d7ec52971c7	59b5b22e834299348bf4d5966894adcc6643b02f1d5233fc8197f686d348c319		
1183	col bin 2/rgb/col_yellow_lo-grad08blk50-rotCCW.png	raster-fallback	0	raster-asset	8c65d10b2965135fde12ff70a6a84b64b32ef787c9c072cfb6056e7c6cafec3b	c3c303d8d4e96721b51f8e4092dd993056852e6f97ff7dfa0b11725e419f9e86		
1184	col bin 2/rgb/col_yellow_lo-grad08blk50.png	raster-fallback	0	raster-asset	213774a8134e8771ccf460854af69c6b5c3d19b2fc1216de1e2a363b6f2f2831	a167b9abe85a903c6b2348c74f145b51b306f914643b0d2899207bdb67b3f586		
1185	col bin 2/rgb/col_yellow_lo-grad08wht100-rotCCW.png	raster-fallback	0	raster-asset	46bcdcbe6597a42888938ba910a847ca8cc79e19afe8826873380f57af87cc9f	21b9452a81764eedd4e5e65f0eca93410b5d8debbe2fbf01d476c1b316f24432		
1186	col bin 2/rgb/col_yellow_lo-grad08wht100.png	raster-fallback	0	raster-asset	be72567cff088097373b070a383a3cb966ccbb5133eb527dc63d9f0aa3d56c20	b202f1fdbe117de58d47df84db1914d2e0d4b142f45eaa2525c945839958ebce		
1187	col bin 2/rgb/col_yellow_lo-grad09blk-rotCCW.png	raster-fallback	0	raster-asset	5d0a4052a48a53a7b6bdb32ccd55a1415633671d9586a44f9a54963d4592fa14	e04ab3eb289677e12f66d58a4ad13fff4eda382fd874f798f6b839ffb489a545		
1188	col bin 2/rgb/col_yellow_lo-grad09blk.png	raster-fallback	0	raster-asset	7eb399404b8afa6b7c19ef40e459d789980fedb0aae5c6c20d1d310622e06ab0	a5bf291332d50aedfd728e7598046316c55bae2e7b254c9cc26b6c2aa924272b		
1189	col bin 2/rgb/col_yellow_lo-grad09wht-rotCCW.png	raster-fallback	0	raster-asset	2e36445e3e1286e0480f4889cd625593e035d02645f8bb3e347e793cc0958568	febe0f6ee81ee6dfa822e048ac3e0cbc9484bf38bd9e4034bd1ad1b77ca9c510		
1190	col bin 2/rgb/col_yellow_lo-grad09wht.png	raster-fallback	0	raster-asset	5874052d57e416db1a94da9cdbe3b496285cbfb0e58c3dd50cd5d6cfbdf8f801	177bcb7c03f81a262dad0ba841d3d7b7913f57da8abc1d906570cbac9ac87601		
1191	col bin 2/rgb/col_yellow_lo-grad10blk-rotCCW.png	raster-fallback	0	raster-asset	792227d00a82ff095c9566ef2d3292c026ac1387b7d59eed47ac12a7f7f9b6fb	70abb851d8a27e75a3e3f2a12ca2421b9a36723f865e7751457d75f0f6270f6e		
1192	col bin 2/rgb/col_yellow_lo-grad10blk-rotCW.png	raster-fallback	0	raster-asset	cf5ed3ac9228fa7a1ee2276fa1d36e6fca97ccddfa5e305aac6c00cddfa938eb	3ce17486bc9019abdc655288714b34c44d76b8650be21a8f96f2a4bc293ed3ee		
1193	col bin 2/rgb/col_yellow_lo-grad10blk.png	raster-fallback	0	raster-asset	cd972873a39ab916c717639a9932e52f47436fee4a56777d80d1508678e2bc71	398440eb708e2e0adaa7abff939a8c6f5d54c659808ef8ae5141eaea8d067fc6		
1194	col bin 2/rgb/col_yellow_lo-grad10blk50-rotCCW.png	raster-fallback	0	raster-asset	011a5de6aa8103a209567f625bc3124a40d7652711d32ee25946b6d7bbd1080d	8f6872881abedf194e0305a5d41481ecd700660110d3626a327a39d8356a6411		
1195	col bin 2/rgb/col_yellow_lo-grad10blk50-rotCW.png	raster-fallback	0	raster-asset	f454d458e0b689b567325f8107e25291e9bd4d1c5e934341b8ee6ee2c2b78563	781dcb25d4cb9ded546c2dd7fc52aafd327f5930805d73d7406d0dfdc1e72898		
1196	col bin 2/rgb/col_yellow_lo-grad10blk50.png	raster-fallback	0	raster-asset	7f7ecf214da9a26f1c1cefc9c6d5f198c66dbed97e1ee97c9bbf65c8f8803cee	efee333e6db7644342407d02ca30f29a18dd90b9633eddf2e56f72f19f3214e3		
1197	col bin 2/rgb/col_yellow_lo-grad10wht100-rotCCW.png	raster-fallback	0	raster-asset	e3ff34a070f47ac2cf36e1fdbff29c19f66dd6e2e9e3613f97c79b6bed6c60aa	68c71e2ec70326356849ce336c55bb90ba53a35ae69b08eee95017840d5a4b41		
1198	col bin 2/rgb/col_yellow_lo-grad10wht100-rotCW.png	raster-fallback	0	raster-asset	a0930282575fa9b5f8a4aed9fcda49e5e760c9219a8f147e8da9f14d28d952b0	ee9b037d0fb53c48f909eeb9fbe77ee1059b3fe4ecaddb61447ce44ce60ae5e6		
1199	col bin 2/rgb/col_yellow_lo-grad10wht100.png	raster-fallback	0	raster-asset	99cc7dcff49f4464ab08d4093c4853e4b9fcca5de34b11e9648ca8dc7009a49d	b72730cd4ed19a80d13a7ba002f15abc999b53c47d8c120b337e0acbdaec6ecf		
1200	col bin 2/rgb/col_yellow_lo-grad10wht70-rotCCW.png	raster-fallback	0	raster-asset	7a838aadf0a863e32d2f5b81d71bf3d3f40002601c731c807c9bdf7557380b70	d835af340faf23ce0127095b73844f95b25190fa36e78f726bb9a006c1b3cd0a		
1201	col bin 2/rgb/col_yellow_lo-grad10wht70-rotCW.png	raster-fallback	0	raster-asset	073d3fc3fb7fd72f8617e004ab390521e3ed921b47d7645c05a4c6db39dce33a	ac8ff4ab77aab4c4e0cf621e84e6be248fa90df7e4136c90ab199bd0e15c5f77		
1202	col bin 2/rgb/col_yellow_lo-grad10wht70.png	raster-fallback	0	raster-asset	daad82b740335d7347c7ef0af5d4ed7d7a32dc7bf39da7d64f22ab652c9229c2	65583f0687bc80553d5ef4148798f79a33df71b982ee4d61f6c6498a80bb1b99		
1203	col bin 2/rgb/col_yellow_lo-grad11blk-rotCCW.png	raster-fallback	0	raster-asset	1679b02ddce7eb3d9f720182aa1404fb2deb5accf7b8244fbb41f6f7e9dd11ad	8a54d8f2732d2b1acff3761a145976d845f5b70f0b982efdb5baf5b9bcb6c1c2		
1204	col bin 2/rgb/col_yellow_lo-grad11blk-rotCW.png	raster-fallback	0	raster-asset	cedc841fbc973aab1c6cb340fefa768f47f6d550c3635db71c86d11e03fec895	a9d4810f93da9ff70f8a1615c2f3523ccc50e49f01ce5555f477f9153adcba11		
1205	col bin 2/rgb/col_yellow_lo-grad11blk.png	raster-fallback	0	raster-asset	22c69879dbc5c7cb6cde1ff5a13200d3563627aa02fe45ced4fac4c3a8b4ed11	a9b6cd40aef6c6403ec7a988dc2dd023d67f9e273e43a250ba87fd11bf58601e		
1206	col bin 2/rgb/col_yellow_lo-grad11wht-rotCCW.png	raster-fallback	0	raster-asset	c10c3b35753944b88c46eb2648381f8db3a59853da4b9a94f99a21d7f549e2a3	811ab8209c30824f5affef5a38c13137d4dd36ecb2640690324c4a7bfbc58a2f		
1207	col bin 2/rgb/col_yellow_lo-grad11wht-rotCW.png	raster-fallback	0	raster-asset	6ce80bc57d69cff6b65a08d322d0257d9b6cc631f38383fae9e2a5ba9b2c1834	18650ec0298aaeb5515ad381d01bc8f4499e1544c67852e4e2551f45a1b4c76c		
1208	col bin 2/rgb/col_yellow_lo-grad11wht.png	raster-fallback	0	raster-asset	8211b0ef8aa219389feb5609d6b433614adc0bc066ba61f256a1801153d27ff8	b6846124f58118d458f5251cbbea147bf6e51c4a165a5c5ca447dbec5521b3a7		
1209	col bin 2/rgb/col_yellow_lo-grad11wht60-rotCCW.png	raster-fallback	0	raster-asset	02b7326e30a3f3426268862fa300027cdb7034fd373921af2b307ed9afc659e8	8f8a68e502c78dccde527dd0b6bf2700f4a1eae00618ec9950084c9790c23a25		
1210	col bin 2/rgb/col_yellow_lo-grad11wht60-rotCW.png	raster-fallback	0	raster-asset	8647284c16d800c15d4012f6beeee808aeaf1348b4af33557a48973cb514d2d7	3306d1c06fbdca7f8b63c5c4500411f635b4704c564ab9ee25541cf0521df69e		
1211	col bin 2/rgb/col_yellow_lo-grad11wht60.png	raster-fallback	0	raster-asset	b76cdb4ab1fd1e5a6ac9603b09161b548eeb47be8ce0ffa1aac9c829f21a5c38	a0d9724d95bef3a8867b3ba9c4cb54dab15db2275315cb9b180de78cc2656c13		
1212	col bin 2/rgb/col_yellow_lo-grad12blk-rotCCW.png	raster-fallback	0	raster-asset	262f3ee4e02674ac1e6f83905b941aa6d07c5fe048d5868f5b87ff12c887f5d8	a77c948b9a3f0a3e8783a066934d1f53eedbe0135cdf7a114dc86f6933ff922e		
1213	col bin 2/rgb/col_yellow_lo-grad12blk-rotCW.png	raster-fallback	0	raster-asset	ff29de2239c463a5abedcc278b563bc7301624b19779a47e5e385e1df2e32df0	27bd53c8165e32ff4d5448b5d299feaeef5867500b75940b326c1f5b5c7b98cc		
1214	col bin 2/rgb/col_yellow_lo-grad12blk.png	raster-fallback	0	raster-asset	3b7bedf994ff02643399ac0ee15f37bb1c2b1c7fc488d783386233ab909fd9a5	9fbec353186eb0b1effb8b84136fe1f8eb7a09b8c52670778ae505bb1280213b		
1215	col bin 2/rgb/col_yellow_lo-grad12blk50-rotCCW.png	raster-fallback	0	raster-asset	e59a3a35fb09bd2965d804a60b47674bb45058c7fcbfc59f5c6d0f6817bbe360	82cf2558dde9cf02bc3c1361fdba75880f5ee5c7969028256dba763e6a1cf8a8		
1216	col bin 2/rgb/col_yellow_lo-grad12blk50-rotCW.png	raster-fallback	0	raster-asset	f8578635ecf165642b49ad5c2079e49bbd2fb53cf40b54bad3f8eed522f4feef	0339617afcd83c1129d195f456bc6202aa4284d162d799188d35f81f4f3ad59e		
1217	col bin 2/rgb/col_yellow_lo-grad12blk50.png	raster-fallback	0	raster-asset	956283645a44bcf295225fde8fe8e16d56c1527db027c3d5bb6e063513690e02	cdfb8be627c268b01a8c4c3f0c1bf25d47d801c083fa72f2ca441120ba9e959c		
1218	col bin 2/rgb/col_yellow_lo-grad12wht-rotCCW.png	raster-fallback	0	raster-asset	4a94f64d5cdcb5f746bd3934dafe7254393de89ea4a81472b4537c54e2243a8d	25264256427d7aa90a5c159caade69f333ddcbdece5176e0cf7d38415dc1cfab		
1219	col bin 2/rgb/col_yellow_lo-grad12wht-rotCW.png	raster-fallback	0	raster-asset	2ed8c767e5a853f335c617694fa4d15118f0ec572385463c3c425691f5fb6227	b96e4a37adfde7d49589fca0e1f81068b8ff76fb0404c3d768f9e9b762258580		
1220	col bin 2/rgb/col_yellow_lo-grad12wht.png	raster-fallback	0	raster-asset	986c33d92b08c0dce7170c285f9c1a31cb04850082f53e7627d8cc43b0be17fc	38b2e76145687bd1b66f3a91c6be5f60ea4f1e50c41ce16a60b1eea978c6be57		
1221	col bin 2/rgb/col_yellow_lo-grad13wht-rotCCW.png	raster-fallback	0	raster-asset	a2efa4bfca4a24108df711ff16b363b8ccf1050e5149206f5a33b4370ca987fa	bf0b73ad730d952bffd80509e667e4e28ef42ca5caabe7ba3d76b2f9a91c6042		
1222	col bin 2/rgb/col_yellow_lo-grad13wht-rotCW.png	raster-fallback	0	raster-asset	f2299687e806db5d289c7b09b1871841380fc48a1e4df61e064ab0cc87ba6cc1	375d7d863d47a3748ffbde30127f392bfb75da728bf0ffa03877a47f41d9faf5		
1223	col bin 2/rgb/col_yellow_lo-grad13wht.png	raster-fallback	0	raster-asset	f5a745477ec02de5e9a0975ad59450272b8c3cc0e97d8335fe6ae79a4c589391	352b3729d520c639c50d68f1296e457257d44c00bd2f855f4aa19aaca15396bd		
1224	col bin 2/rgb/col_yellow_lo-grad14blk25.png	raster-fallback	0	raster-asset	ad3591b7cf6bf2e07bf8cb401ef42eddd10fdcf81bf42c3836bc2e1e818e0887	149d7dabab9f280768b5a40b9e9ea297fec8d800dde37e4c4688d784aa6cc427		
1225	col bin 2/rgb/col_yellow_lo-grad14blk50.png	raster-fallback	0	raster-asset	8839ab5bfcb108f36c260746f775ba22dee0016ffd78f038658c80e3181f25f7	e0896bdbd99fc03333834cb16be5801a7dbd48ec21cd32dd010df1673fc75abb		
1226	col bin 2/rgb/col_yellow_lo-grad14wht.png	raster-fallback	0	raster-asset	acce22f371650d8c4a5c889fd5f6c19e49324501fc5ae7525ade917c78b54a34	82d36a94add9b748fbfcddbd295c84e779b04d8b9da4b0014e622fcecb57c075		
1227	col bin 2/rgb/col_yellow_lo-grad15blk100.png	raster-fallback	0	raster-asset	8c08b13de476d586c82f4d7e6e9180ad8b9f3fa06594532a2538bf0ebf4aaae1	2f6802c48e5fa574614f69283e497cf4cacce8a7fb9e16e2dd0f67b0fc1f89a4		
1228	col bin 2/rgb/col_yellow_lo-grad15blk25.png	raster-fallback	0	raster-asset	ec52851dae16f94b66dff7f0b30cbc62bd35e9809d3065d829b11c315a219060	9033465a8d8603d7fd1e066fd9141265a73d6d29b33d64919f0f803014b8e2ba		
1229	col bin 2/rgb/col_yellow_lo-grad15blk50.png	raster-fallback	0	raster-asset	f3448f8eb57e57286c0b97ca580e2cbeec71ac2ea43a21127a55036625215fc7	08dc66ee2aebb4f2478b88d824a583d7e2d66c504af389ab38adfed32ca1b06a		
1230	col bin 2/rgb/col_yellow_lo-grad15wht.png	raster-fallback	0	raster-asset	6cbbf5d4fbfeb6e7975cb71256b4505da2fb58537c32fc29a17a02471bc5ab4d	37a11bee6cb43d905fb398d35b804a41c9ee68d9faacd4dc305644fa96ff1b7e		
1231	col bin 2/rgb/col_yellow_lo-grad16blk20.png	raster-fallback	0	raster-asset	ad900ee12deb1cbffec51da9f19bcaff4bcd4c0ccb91db740d07a4122b05cf00	b793920628a47ef3b741a4ebe8f0bc63786ba8865f06977478924d7516e0fe2c		
1232	col bin 2/rgb/col_yellow_lo-grad16wht.png	raster-fallback	0	raster-asset	03081439af65c4aacc6a259c7e88819c14382072fe4c7da16be33893647c21f2	7963b56443dfa415b85e4fdfbba5bb89f39537863a77e116d9df552574ef05e6		
1233	col bin 2/rgb/col_yellow_lo-grad17blk.png	raster-fallback	0	raster-asset	e78af61ab4077e7fe2ed79616a271d3bbf7199202673e1fabc41682240483e13	a68521ac572c1852003f59fc1b3434e1916edb48080c082b7ec977718bd9134d		
1234	col bin 2/rgb/col_yellow_lo-grad17blk50.png	raster-fallback	0	raster-asset	6ca22468b152696b08a07f63c0553bcad939b13d06d8dd847d6f6c0b31bba7e4	af25813a8af372d1954ddcc054719834ad41cea5547de7ac908d09f429f7b357		
1235	col bin 2/rgb/col_yellow_lo-grad17wht.png	raster-fallback	0	raster-asset	71adc54943adb90bc651c6994e481c35d40508ddeb244a5a11107156b60fc576	df43b9b1a0cf43e5c8938d92a9cc385542174f44ab961daa0a82acfaeb9bfd85		
1236	col bin 2/rgb/col_yellow_lo.png	byte-alias	0	byte-alias	910a01cde437d4676e66a9effd54743c2c7c0163d1afae23fceb481d1848b374	39b5b1d1980dcfec8ddd7881b2f32043f77bfc021be059348f07c5caa5e4b5dc	bytes	col/col_yellow_lo.png
1237	blue 64-8 24 bit/col_blue_hi-grad00blk100.png	bounded-difference	1	analytic-from-asset	894260508d2da013f5c4bf2ae7b292d1f942fad60b11be462cd64ebd8e7b6270	3d1e92194579b72b22c96e3401ae403d12cbcd07439996f049ccb287886af55d		
1238	blue 64-8 24 bit/col_blue_hi-grad00blk25.png	bounded-difference	1	analytic-from-asset	42502f2ccc5fe2e6a73d6e8b2712ba649221f74f4a04a3c37013d8d8ee8e2dff	056b7265226506d5098315738718afd0375ba3b618f6ecf6b40596bcc9e89795		
1239	blue 64-8 24 bit/col_blue_hi-grad00wht.png	bounded-difference	1	analytic-from-asset	1429f0b54d4e3e74ea3b7e63e939de1c5a68898530aacb32a5d6987812c6bf5a	8e403ad172376e2852907e91b81d58a3bb00b76f08b352abccf3dfe0aeb37397		
1240	blue 64-8 24 bit/col_blue_hi-grad01blk100.png	bounded-difference	1	analytic-from-asset	2877a89de940726ff1f5d53fbfe2ce607df0e9114d2a7aaf700533264515ce5c	9acf8fc3f363791d0de4a274b9e5ff6baa6168e429d22138bd4912031ffa4673		
1241	blue 64-8 24 bit/col_blue_hi-grad01blk25.png	pixel-exact	0	analytic-from-asset	4ba6552791020f0f79535b8f26f55013ae2490e64741d25c1c54f09bd9e1b5a7	6450011bad092c7f0034fdc3c139018a611ae37af89cb10e5df305a43c62f311		
1242	blue 64-8 24 bit/col_blue_hi-grad01wht.png	bounded-difference	1	analytic-from-asset	8d1d97f60a80de2b43832c5866a53a4d74186d00591558ce0e5f3e143af19d20	ea029ab858bb369e6bdcc9130d9bd293353b9a415c7e850f5963fe307932cfc5		
1243	blue 64-8 24 bit/col_blue_hi-grad02blk100.png	bounded-difference	1	analytic-from-asset	4c524150ae27fe62bff477405d140f29d3ba70879790c24ceaf6a2fa4e82ce52	005877b0e8e4c7b007ed7ee7504a2e669385887508b453b2feb764c69a4d727b		
1244	blue 64-8 24 bit/col_blue_hi-grad02blk50.png	bounded-difference	1	analytic-from-asset	a977873e232678c2e114545e0d47ab62f8c57bc7cea6de92f2e8af062102ad1e	841f6d1877b4bdde636f75bf57a01fbf74a2642759d6e592e2ec6986ee16e0a4		
1245	blue 64-8 24 bit/col_blue_hi-grad02wht.png	bounded-difference	1	analytic-from-asset	6724a87891ebad9f5ee394bf8631112bd70338640ef9c7a5fc915447594251a6	5f4fa28addbf3c5fab1d08c2b1ce7d6513148a1e3dbef890f4a7d5d264a73ab3		
1246	blue 64-8 24 bit/col_blue_hi-grad03blk100.png	bounded-difference	1	analytic-from-asset	b9eb3e811efa3fbd898e3a6315e16aedb2dc0c669ce7081e656bf9f09a4de7f2	1075c2cf34dbc711bead4b4c75ecebfed01fc6fb944911fbc95f71cd92d5bfc2		
1247	blue 64-8 24 bit/col_blue_hi-grad03blk25.png	bounded-difference	1	analytic-from-asset	da237fae381d87ea17f1532cedeeab305365c559dc72708e1606d7449eda7645	6ccf4c8c3ab2a9cc327810ca557e0bc0a1ee60689aba684a91c05c85d1e4757c		
1248	blue 64-8 24 bit/col_blue_hi-grad03blk50.png	pixel-exact	0	analytic-from-asset	11e4b52de1d6a3ff6016b817c5c9153235e93dd654ce03cc724271b4f12f0682	9e9a6ae1f769e91c7484addaa7ed81e4a7ba509b55542dd0c2a60f37ef1cec74		
1249	blue 64-8 24 bit/col_blue_hi-grad03wht100.png	bounded-difference	1	analytic-from-asset	79c4c7be56f689c3ec361f767a3878df806dff15cb198900206c44cd545d318c	61895609fa777e9e1bcc7028524cf783e6ff334cbf9adb549e6d299cdbfabbd3		
1250	blue 64-8 24 bit/col_blue_hi-grad04blk100.png	bounded-difference	1	analytic-from-asset	941568965cf492c4e2b1416320a11df0f414eb3cdd91cca8370de977c96400ef	159902033618a876a0b7435d453ea9b3c361e4cc2de9a8e85d92f1eda60780f4		
1251	blue 64-8 24 bit/col_blue_hi-grad04blk50.png	pixel-exact	0	analytic-from-asset	51b777149d4c3b05f5b078eba29b0e167f33b6a26839b901c052a7d4078118d5	06074df60b78570cb91253b43e24c8caa1ab2c89866f2777a9cf7815d5fbacaf		
1252	blue 64-8 24 bit/col_blue_hi-grad04wht.png	bounded-difference	1	analytic-from-asset	81f213b0ca3f0194066ef7c239f0ba4a7eb959c4d42a6219e9ba1f9c93b49cd9	eb16265b68340042922b3c2274572ab4410d5511c35c029f7b9a884c4fe7ec6c		
1253	blue 64-8 24 bit/col_blue_hi-grad05blk100.png	bounded-difference	1	analytic-from-asset	47baaf3f226997f1c7c372c0b2769b39b807cd28a1a88cf896b9971ce86c5e4e	f42a4b74abf5beedb2c96954e44f6627a811cf95b862365bbd8d55f4a688bf85		
1254	blue 64-8 24 bit/col_blue_hi-grad05blk50.png	bounded-difference	1	analytic-from-asset	9e3f0fb656a237cc23a36cc3487e4a030e4fee9ffb1395cd627a36d1817aba9d	3e1b1468796b1bd1d905901f4b3162b0953c96a3fe193ced66ef0cfc2ba8c07c		
1255	blue 64-8 24 bit/col_blue_hi-grad05wht50.png	bounded-difference	1	analytic-from-asset	30aa72c6dbf6f9c242916650124d1b2ab8ab84a5b466517e4442d40d1bfde41e	7f53f24a21f6a2ca7d96b8e93d685bfae548943049f797ba5c54f9e0eeb575ed		
1256	blue 64-8 24 bit/col_blue_hi-grad06blk40.png	bounded-difference	1	analytic-from-asset	86200880aee199d91c851a693a747b47b1e20d3e6ca4b4948d3b8e283d498bf0	f62fe14225d41b0647959c945dac98ed5345057ab892788f0001af63a94bc4cc		
1257	blue 64-8 24 bit/col_blue_hi-grad06blk50.png	raster-fallback	0	raster-asset	385c40dc5dbd9aa4a4296fb5abc30a5e7902d786e6f4efb4a0185e002cdf0bfd	a5c3a6aa51cbef7e839864f01f7343898e576a365e705ba70e91e8d76f77ce8e		
1258	blue 64-8 24 bit/col_blue_hi-grad07blk40-rotCCW.png	pixel-exact	0	analytic-from-asset	0e455f464f2faf885e0363012c2ac52c75dd78126c41a6de7262999d432ff818	712afe4140c23fc27dcf1625c019494befd2fb970b23308b4223dc7063973f28		
1259	blue 64-8 24 bit/col_blue_hi-grad07blk40-rotCW.png	byte-alias	0	byte-alias	0e455f464f2faf885e0363012c2ac52c75dd78126c41a6de7262999d432ff818	712afe4140c23fc27dcf1625c019494befd2fb970b23308b4223dc7063973f28	bytes	blue 64-8 24 bit/col_blue_hi-grad07blk40-rotCCW.png
1260	blue 64-8 24 bit/col_blue_hi-grad07blk40.png	pixel-exact	0	analytic-from-asset	f07f067899a26c5d4aab252a858e95c04f8cb1a7c9c22cf6925b182b352aef95	49d83b85cc5199ed8facc4b250d3c91d648047272356941a7cc0d4658ead7035		
1261	blue 64-8 24 bit/col_blue_hi-grad07wht-rotCCW.png	pixel-exact	0	analytic-from-asset	3d1bd8644ecce612344b35a2ef5160794bc7b0d6dd8ff587c6ac63de72e2efbb	e4ec53b7f53b088b6485d025ebff1b5bf731c0482c509747789e9bbbceb75949		
1262	blue 64-8 24 bit/col_blue_hi-grad07wht-rotCW.png	byte-alias	0	byte-alias	3d1bd8644ecce612344b35a2ef5160794bc7b0d6dd8ff587c6ac63de72e2efbb	e4ec53b7f53b088b6485d025ebff1b5bf731c0482c509747789e9bbbceb75949	bytes	blue 64-8 24 bit/col_blue_hi-grad07wht-rotCCW.png
1263	blue 64-8 24 bit/col_blue_hi-grad07wht.png	pixel-exact	0	analytic-from-asset	d3a205d6d0956ef5e65b0ba854703e68f458e92b3658854a625c1681f8c65066	cfb272dcdfe37a5b35a43cbb61fbe41b85ca5d89af2809f10893cc4964ed15bb		
1264	blue 64-8 24 bit/col_blue_hi-grad08blk-rotCCW.png	pixel-exact	0	analytic-from-asset	d542e6a273533f83ac431a3054ecdc779e03eb89ca80347db0988daff41e58ae	5fb668ad6adf0bdd41adc1f6d275540e759f63cad06699cb22c7db7fbd098627		
1265	blue 64-8 24 bit/col_blue_hi-grad08blk-rotCW.png	byte-alias	0	byte-alias	d542e6a273533f83ac431a3054ecdc779e03eb89ca80347db0988daff41e58ae	5fb668ad6adf0bdd41adc1f6d275540e759f63cad06699cb22c7db7fbd098627	bytes	blue 64-8 24 bit/col_blue_hi-grad08blk-rotCCW.png
1266	blue 64-8 24 bit/col_blue_hi-grad08blk.png	pixel-exact	0	analytic-from-asset	c13468834c15f230c888f8a6d0b79b2d4923b3b7ab34095ed6d1c05660ea5771	7a8811b7574b9f652e0913f359621ddca7aa75d21f0ff6e8a043acaef0b882c7		
1267	blue 64-8 24 bit/col_blue_hi-grad08blk50-rotCCW.png	pixel-exact	0	analytic-from-asset	59ece67406e440b407d27bffde4da105f1e0c4d1cd4dc11739fde6c28ba498d4	e92968d728282fc62bf07283ea2faee7fb770af7edd3f41628f1189c4a4a12b2		
1268	blue 64-8 24 bit/col_blue_hi-grad08blk50-rotCW.png	byte-alias	0	byte-alias	59ece67406e440b407d27bffde4da105f1e0c4d1cd4dc11739fde6c28ba498d4	e92968d728282fc62bf07283ea2faee7fb770af7edd3f41628f1189c4a4a12b2	bytes	blue 64-8 24 bit/col_blue_hi-grad08blk50-rotCCW.png
1269	blue 64-8 24 bit/col_blue_hi-grad08blk50.png	pixel-exact	0	analytic-from-asset	76b929d349af0bdeaececec884fe6b24ee4d4e83cb5089451315392b86d927dd	8ae697a86f5bb62deab8f9fb7614c0def1d64cc78ffd14e10c3e39fede69eb5d		
1270	blue 64-8 24 bit/col_blue_hi-grad08wht100-rotCCW.png	pixel-exact	0	analytic-from-asset	43d3a33d8ad21ec122835073c72e5e11407cab9df1c6945ecfa5efa13c0f9cec	a5b6ec69da06ee121e322db8f415bf6597610c0f9e0743f0f9f5a3af267c8e46		
1271	blue 64-8 24 bit/col_blue_hi-grad08wht100-rotCW.png	byte-alias	0	byte-alias	43d3a33d8ad21ec122835073c72e5e11407cab9df1c6945ecfa5efa13c0f9cec	a5b6ec69da06ee121e322db8f415bf6597610c0f9e0743f0f9f5a3af267c8e46	bytes	blue 64-8 24 bit/col_blue_hi-grad08wht100-rotCCW.png
1272	blue 64-8 24 bit/col_blue_hi-grad08wht100.png	pixel-exact	0	analytic-from-asset	da1ca4945bc77163c57b48f2c2c5e848924490abdf0fe0ad7e1533817574994d	e0c886dbc52cc852997fa42823714e1799953f564c32413b929df5bf2d40d841		
1273	blue 64-8 24 bit/col_blue_hi-grad09blk-rotCCW.png	pixel-exact	0	analytic-from-asset	ba1c9957eb72a279791166fa2d53abf72a9360fb0041f2a7ac64e1634d4db067	5acc73b1f8a2ee14f1a2b984276fe3ae82b9d0eed04abf15d5e25cecc9c4be73		
1274	blue 64-8 24 bit/col_blue_hi-grad09blk-rotCW.png	byte-alias	0	byte-alias	ba1c9957eb72a279791166fa2d53abf72a9360fb0041f2a7ac64e1634d4db067	5acc73b1f8a2ee14f1a2b984276fe3ae82b9d0eed04abf15d5e25cecc9c4be73	bytes	blue 64-8 24 bit/col_blue_hi-grad09blk-rotCCW.png
1275	blue 64-8 24 bit/col_blue_hi-grad09blk.png	pixel-exact	0	analytic-from-asset	c37a362dca26c6b0dc3c832547ffb437a8925848eb3fa788af15a5571ef4d64e	5b7ccd6400431e76de70e92702baff6fd21d886c5eb1b609b96bc03eb32e8784		
1276	blue 64-8 24 bit/col_blue_hi-grad09wht-rotCCW.png	pixel-exact	0	analytic-from-asset	e6396e62e0a8a91b98e293b1c209c862247ebe28a17b61e11b373738be5f7d22	aa372a54dae545f6bde72d7ca405bf93cfb4da5286bc4b8c933fb88851da5bc8		
1277	blue 64-8 24 bit/col_blue_hi-grad09wht-rotCW.png	byte-alias	0	byte-alias	e6396e62e0a8a91b98e293b1c209c862247ebe28a17b61e11b373738be5f7d22	aa372a54dae545f6bde72d7ca405bf93cfb4da5286bc4b8c933fb88851da5bc8	bytes	blue 64-8 24 bit/col_blue_hi-grad09wht-rotCCW.png
1278	blue 64-8 24 bit/col_blue_hi-grad09wht.png	pixel-exact	0	analytic-from-asset	74d9b878c55d9aeb3995e7c4e8375315f3f84ce8ac5d689ccfcf15f4f7680d90	681db66447d29c42dda8e91f9d45e635585cae22b1ff5e0bd8e171941eb49185		
1279	blue 64-8 24 bit/col_blue_hi-grad10blk-rotCCW.png	pixel-exact	0	analytic-from-asset	4c1cd91ae376599a7ca7217079d082827b66bd24fbaee1ec4c57faf997e14e9d	87a1d2d0626183baf799b0809b0b2768070433b264ab6f5e9a56eee6c89385d9		
1280	blue 64-8 24 bit/col_blue_hi-grad10blk-rotCW.png	pixel-exact	0	analytic-from-asset	394688b0410b445f1594ecf7318306b80cbdb9a25d5612762dd5a675f2be5ea1	90b34fc1116cf6a0e1728ecdebcf83b42870453fb82ad91a97bb1dc4cfa8a33b		
1281	blue 64-8 24 bit/col_blue_hi-grad10blk.png	pixel-exact	0	analytic-from-asset	5781fe3219a8d3e018b4d32d19aef062226d4eeaf7cc812e10e75fc617303acb	ec02b184f2d7894e2309e35dcf9dd808348ce14c7db8ac5ba96bdbc5d17a2bca		
1282	blue 64-8 24 bit/col_blue_hi-grad10blk50-rotCCW.png	pixel-exact	0	analytic-from-asset	84d5a9df771d32b2e5187532bf28616c9668bf8d8b0cf07dc59a755651b74cb7	17c769802b7ab8ac6e38eabe3d234088862e0362a3d144eac6c4e6c9d34a9844		
1283	blue 64-8 24 bit/col_blue_hi-grad10blk50-rotCW.png	pixel-exact	0	analytic-from-asset	01aaa4447222a4fa5d31a345346d75a1a1180807cebaee7e1f8209d3f798fd96	a66a7617a53b3a74c4208c7a55df13e1b72659b6295daf8fc33c5518969d4f2a		
1284	blue 64-8 24 bit/col_blue_hi-grad10blk50.png	pixel-exact	0	analytic-from-asset	62430546186c636d550ac63299af269365c5370d476d4c75993adf57f5cdf073	07c755c92ef92dbab0d4f2d049d10a06322c94e40f5ae93006c9f61b4e2e382e		
1285	blue 64-8 24 bit/col_blue_hi-grad10wht100-rotCCW.png	bounded-difference	1	analytic-from-asset	bb3bb621aa2d47601470698a7880db0a46e3fffa51b3622fcc7d2333754e675a	0aa4d4d73a906d08a34741fa3ec9656fd6bd69f36b272708268ca33693316c8b		
1286	blue 64-8 24 bit/col_blue_hi-grad10wht100-rotCW.png	bounded-difference	1	analytic-from-asset	d004482b6afd5833a0dd7f35860d1e7b2d3df52ddf3178640f8756b873872350	5fc74dbf5fe42f0219735b84aabef7fe84181a147d1e1860a996bfeaed40ada2		
1287	blue 64-8 24 bit/col_blue_hi-grad10wht100.png	bounded-difference	1	analytic-from-asset	b669ca7f548f8ee8b747017e1a40f9ca8453e70ea2fa780b765d0d059b5c4818	04ee476c76ad64456025980f36f1f647aff119c18c04c77afc3cbf5f10355cff		
1288	blue 64-8 24 bit/col_blue_hi-grad10wht70-rotCCW.png	pixel-exact	0	analytic-from-asset	2eca8eec79ae6f3b965bdbe6931d48907fdc3232aaad790d06dbcc5bcbea8417	d5b3324b78a52a85337776584f9d01e375cc0fb751d8a6c06a2d799da1562683		
1289	blue 64-8 24 bit/col_blue_hi-grad10wht70-rotCW.png	pixel-exact	0	analytic-from-asset	a386e628f46243fe6e2c2e1dfed48bfe64b0b843c1b5f374ca35091851bb96ae	1759a3ad6602fe3bc3eae649d5bcd739cf8da11adaa4c80ac79133fe178638cc		
1290	blue 64-8 24 bit/col_blue_hi-grad10wht70.png	pixel-exact	0	analytic-from-asset	283322cf71231149ad37be58b4ceda40717975ca0946856026878080d2c5b241	90a51926a06f4d462f5915d358dbaed8932245b7919e978af3d8368030dff190		
1291	blue 64-8 24 bit/col_blue_hi-grad11blk-rotCCW.png	pixel-exact	0	analytic-from-asset	9a36efb2cd394d2dc28da0bb457b60701ccb5ddf3262604fd5356d2c0c3fb73a	060d312f036b9294c15f80f68300ed32bf8625e1292f1e31a7dece86000917f3		
1292	blue 64-8 24 bit/col_blue_hi-grad11blk-rotCW.png	pixel-exact	0	analytic-from-asset	89cd228e6afa91c50d7606662d08d78d9202ae42e6b0c297f872b2b5c0ed14bd	8d94f088ad8ec02372bd74dedd479f55a9951eb1c1853c18448e1efbf0b2a831		
1293	blue 64-8 24 bit/col_blue_hi-grad11blk.png	pixel-exact	0	analytic-from-asset	965eaf3907f698fc6b34428c812e5ace5d406d3389eaccc18e38a7d55a2416b7	d992c45cb5b2dc56fc4864d7e389f4bd37b8db7d8afc7816b75a3d460c8b32f3		
1294	blue 64-8 24 bit/col_blue_hi-grad11wht-rotCCW.png	pixel-exact	0	analytic-from-asset	b5291b5e53043dd025f9775f61deda41a8d750ba265b2e95fd88eb576ea2dedb	d7e1b5965a2d7fce39fefffe2f4b36e95b9dc6514f4f993980d4adb6a8df4e94		
1295	blue 64-8 24 bit/col_blue_hi-grad11wht-rotCW.png	pixel-exact	0	analytic-from-asset	141a50d5ecc883eb769c5749e6ec17760e9a2c0f6ee307dc1d886f9fc34eaad5	69344e6e4d2c1826b63cf957585c4d96675809b91fc40056afc04b85c415c22a		
1296	blue 64-8 24 bit/col_blue_hi-grad11wht.png	pixel-exact	0	analytic-from-asset	cbb332d15587546609fa1f6bd3627fe9bbf0b8a1431966c37832cacf780179de	cd7338f513bbb200f56c2382278a610c4d637302d32b8f2c200bb183b29546f1		
1297	blue 64-8 24 bit/col_blue_hi-grad11wht60-rotCCW.png	pixel-exact	0	analytic-from-asset	d7de0631d266880933ab4219289d0fb0558e5363dab6b3d2d43b476e42481eaa	2f882277de2a99574c4918bc9c60c17dd3f8f50910753a260ac077da418a1e09		
1298	blue 64-8 24 bit/col_blue_hi-grad11wht60-rotCW.png	pixel-exact	0	analytic-from-asset	3140f7addf976d7b63358262b1dd2ad00180d3e4dade4989ce46b94c010c612f	f1d330dd41325569541a4c38ae893ad1110130d9329a14be08c80a1513e698e1		
1299	blue 64-8 24 bit/col_blue_hi-grad11wht60.png	pixel-exact	0	analytic-from-asset	8a8a278bdb714c3b04cb4bd321217fbc1b6dd9504a7d9077601ed95a24bd273b	1b556ef22c65e4a416c745e75f920a0bd39e4ac184664f11e10603809d47dc0c		
1300	blue 64-8 24 bit/col_blue_hi-grad12blk-rotCCW.png	pixel-exact	0	analytic-from-asset	f1db1862baa4a6725812938566088da7c7ca7a0b82799a12c4615f10de3f8564	c7ab76d65dc89eb4df365846c60b9b4f38ddf2254203c92afc674f0602bb6484		
1301	blue 64-8 24 bit/col_blue_hi-grad12blk-rotCW.png	pixel-exact	0	analytic-from-asset	745469bc8dd8fad7edf2e963d94f59008a7ce34cf75aa5676c160ea2f18fffab	b4cdfbf2e5053a9d37a86ed04ccf4337bb8e0cd0c4d67423fe07985f6ba7f4a5		
1302	blue 64-8 24 bit/col_blue_hi-grad12blk.png	pixel-exact	0	analytic-from-asset	4232a33035a61022c26f8dd7b59dc0d9bcca5792aa99161fcb7d0aced464e0ed	30597144a77da88e20238431e1103e4d9efe7eae30a3baf03cccffd3dc56625c		
1303	blue 64-8 24 bit/col_blue_hi-grad12blk50-rotCCW.png	pixel-exact	0	analytic-from-asset	219efbccc89126a26cfb10a6c2f00aebb5024c8b19e7cc7545d4454c6e6f913a	296dc7529a994e63d2eaf54354e931a44b93146dcb94bfb5282adb9ecb9948bf		
1304	blue 64-8 24 bit/col_blue_hi-grad12blk50-rotCW.png	pixel-exact	0	analytic-from-asset	33b64e2d8527b97a4cf0513d113972d2265b9a3b5a18dbad9a884e8982ffd4dd	a6f2b00bf3d35b46bced20fc01733b45eeaaafc3412b9c5581e946030a79b4cd		
1305	blue 64-8 24 bit/col_blue_hi-grad12blk50.png	pixel-exact	0	analytic-from-asset	58769fc195c01291ce114f81e40c9dde67ebe9affacbe8c44982b54dedccf53a	330ca75c607546f2dc6997097d82a7a68212e07a63a3baaba4c1f04354a94594		
1306	blue 64-8 24 bit/col_blue_hi-grad12wht-rotCCW.png	pixel-exact	0	analytic-from-asset	05ada6bde4f11e74849ad889ed1fa113ccefd1acad8dfbb53e8aa3962dca46bb	7d3196acd7bbd112acf7f7122bf08f670f8198756579b4786a9275fcd9c85cde		
1307	blue 64-8 24 bit/col_blue_hi-grad12wht-rotCW.png	pixel-exact	0	analytic-from-asset	a8f1085dee73e23459fc0dca70219d172deb830bcec3526a1d58e25065f2e940	1f7c9607051d7eef5e4617b51ac2f9f5fad5deab283f1f74b664088768bcfaef		
1308	blue 64-8 24 bit/col_blue_hi-grad12wht.png	pixel-exact	0	analytic-from-asset	391200ea8b9f82cc1cdee54d231e1a8f0b5c75934baeba86bba7a6d0fabc63dd	fea045a0ebc832b42f71ae6e39f617bd4a8c2383bc7719a72f37e0dbb31f6661		
1309	blue 64-8 24 bit/col_blue_hi-grad13wht-rotCCW.png	pixel-exact	0	analytic-from-asset	98b8968ae01a6a2efa75e1aedb1be9e2a29b03f505f403333534d8f7935403b4	6ce90d048ffdfc05e678bfe19ccfd25f3a4ebd34372f0241690ecb73ac0fda31		
1310	blue 64-8 24 bit/col_blue_hi-grad13wht-rotCW.png	pixel-exact	0	analytic-from-asset	40c680faf391f058c064d651898880ed8695c3fcfbd02b9545c3210192a9c747	875c3441f2771816581f5a794a71def74bfcc34a668334c8c8dd2f4b4f80fcee		
1311	blue 64-8 24 bit/col_blue_hi-grad13wht.png	pixel-exact	0	analytic-from-asset	afb2c6a0353b0d40a500b3f49d1d02396dbf0599009854d3f399f79eb32a6bc7	127b12be1402c5bb2e2810a12ace378001982589604e145d22a86519b4469d7b		
1312	blue 64-8 24 bit/col_blue_hi-grad14blk25.png	bounded-difference	1	analytic-from-asset	199eee256a19fa158ab14dc9c738c95cd4124bfb97d991310fdab2955c7b0a7a	5e011de3971cf3af2d73fa10dabd9128534536a0cb2e45925605f4d879d75454		
1313	blue 64-8 24 bit/col_blue_hi-grad14blk50.png	bounded-difference	1	analytic-from-asset	47361eb1644b8477eea87fd0ef493698e3f0111230c6deba5643a2ae2241cce3	0eaed8126e90e8526e810603d4475f41b29a6c05ee47cfd4fbcb8e853e8bdaf0		
1314	blue 64-8 24 bit/col_blue_hi-grad14wht.png	bounded-difference	2	analytic-from-asset	f8538ffced19270a9474f84a654b838310dd86b51e2d3837567cd8474c653409	92ea75687b6217d133d89f26ee70239c279c65d4c0cec453fb949d645b5b9300		
1315	blue 64-8 24 bit/col_blue_hi-grad15blk100.png	bounded-difference	1	analytic-from-asset	f534f293a1c74c989b6725cb4056d307b57cfd28f0ef07d3324d9a41061400eb	efb5e9efcde9cdfdc703c500c07b6e2a3bdd2cc5f18691e6c6050f104a35d4ae		
1316	blue 64-8 24 bit/col_blue_hi-grad15blk25.png	bounded-difference	1	analytic-from-asset	3908e1d28873f45ff6cd20dbca777aa1ca9004e435d6f65f24161354cdd1605a	33614d6540265670f90d9d37cb0e578157dde08a075e45f842f41eadb37a6f8f		
1317	blue 64-8 24 bit/col_blue_hi-grad15blk50.png	bounded-difference	1	analytic-from-asset	a436004126410c9a6ed1a26aabc3329e91e20af36015857c5babdc697313ba7d	46095cfa7ab721e8bed75c91e98795ed30e21434bd0d2bed38d53bcce3b76e71		
1318	blue 64-8 24 bit/col_blue_hi-grad15wht.png	bounded-difference	1	analytic-from-asset	c9c84e6ba1486c956b932c9b4d9648ebd00b7bf27df79dfd722086f0fd388066	e6f2e7a0c2c3335368fb63605ffeb16bde051b6173dd16d94ea51e5a72a95c2b		
1319	blue 64-8 24 bit/col_blue_hi-grad16blk20.png	bounded-difference	1	analytic-from-asset	8e655f6869c26a2424a7ed9208839e739ea2627115fb3eacf6ad155dce565a07	29519c00625835e6faf0cfebdc3b6b517c33f3fc24694c94d032b4b120831bbf		
1320	blue 64-8 24 bit/col_blue_hi-grad16wht.png	bounded-difference	2	analytic-from-asset	17741c08fd122a45064e7f63afc9f834722da1faaa9cf0a6d82fa071c183cdc8	da00564fd4ec8a638ff5ad738ed73eec93f8e8e79ea9dfe261c100c60177a263		
1321	blue 64-8 24 bit/col_blue_hi-grad17blk.png	bounded-difference	1	analytic-from-asset	15a94f410f35536554cea7fc1aea60e830506bc3310b18ecc23ff4bae8cbf946	3356f3797a58b85a770fe4140ddbbe8588508f528b34b7644983d9e024472868		
1322	blue 64-8 24 bit/col_blue_hi-grad17blk50.png	bounded-difference	1	analytic-from-asset	3fb606d556984893262bd9755a8f6bcbdce9eb6f2cafed93c3bde8cfb127d3ec	b967775455383ba5e1c18311ff60cd1c113691dabbee1bf9d90c9991410c1064		
1323	blue 64-8 24 bit/col_blue_hi-grad17wht.png	bounded-difference	1	analytic-from-asset	a6affe1418d327bc421825a05aeb1a83bc2b1c3d5b89f307ddafd2b1cd46a2f2	e2a51c0eff3ca700a992bd02092cf5917562df73f1fa9e53e81c18359a646247		
1324	blue 64-8 24 bit/col_blue_hi.png	pixel-exact	0	analytic-from-asset	c262b5c549abc0f3f8a81ef1672eda4d07f475f7c97cc37afab49b47d79ba935	99a5833877b1b60629b493467c72055f8b1aa22f113462e03eb07e13e8124ce5		
1325	red FG-Alpha/1.png	raster-fallback	0	raster-asset	db1dc1dfa7f7827a93afad1071e2270b89c5cf4b3bda77f11c4b292205f32161	d765f9cbf4095f182c59877a0782400caaf11ca891c04db81fdb2949ab4f8255		
1326	red FG-Alpha/10.png	raster-fallback	0	raster-asset	472ad59143c1deed7340aca7aff776d7f327e485c4284e38cddc9ae2ebeda333	b8f9753389c40d7fcf537cd88bd91372e26ee56dc01b721081083834e56dff6a		
1327	red FG-Alpha/11.png	raster-fallback	0	raster-asset	60b3196f6f42d042c05ac7ca7bdc57be2380b37a15281d9f956bc2adb2eb04d1	e3ffaef106e876bea3dc53f042d4c533b6104f736e637b05dd0ee4e2397a9a9b		
1328	red FG-Alpha/12.png	raster-fallback	0	raster-asset	4fc94cb6eb0402d873d224d9c093b7b1ff912e7bae4894c0acede09a58dd25b8	7b57cbb0fc9931df55315c0bdf46116bed17b1fb96c156f556838d2bf8edff56		
1329	red FG-Alpha/13.png	raster-fallback	0	raster-asset	027feae0ba165660f22de535a9db71e579d015489ae6c2c646d7dbdf3d6760c6	0fc3673dc7b50b3ad4cd9d7f9317e8f04d296c81975c9e3cc5c5bc8aa342861a		
1330	red FG-Alpha/14.png	raster-fallback	0	raster-asset	c86600370359b53c69dc0344cab1b3a1fb600cb4629565227708656429dc83e8	1116d101c09dec6fada9ebe08eb8d828627c203fda6af970625128634f021929		
1331	red FG-Alpha/15.png	raster-fallback	0	raster-asset	aca66072d660f03cf01ef7dd8a5764c04bc82444c1a233aea9747a81adc4b6fa	1bc6655f96ff406980ba789e233bb35e6d786b12b610909195515d968c102ef6		
1332	red FG-Alpha/16.png	raster-fallback	0	raster-asset	f674af567d4dc7de2eea0cc2e26a03808246c273591c3a418b94d7b74bb81eba	3efb3d4dcc96e647c4613b6e908c396636fcaf31b14189522c80bdb24cef1464		
1333	red FG-Alpha/17.png	raster-fallback	0	raster-asset	bb6d56eb2c530ec455702035f0b0d42a56c5280842bc10f96523e54a6f5fe9b1	982e488a69a11d219b4ace8ee3b3dbcc9201d4d3c2d6c03aabd7ba8fee737b19		
1334	red FG-Alpha/18.png	raster-fallback	0	raster-asset	98170567fcfbac5e86916f1ba70defd97d859656d1cfae78096350959425791a	7d40fc78b5d14550d370377b63f975662ff0b34cabf0e8d14185dd371f1e1ec8		
1335	red FG-Alpha/19.png	raster-fallback	0	raster-asset	3ef0bed36d0e38ea5bed295e20aa5507602641eb2219f17519551ec49168e7d8	39b1e5fb5d5fed549129f8f9167ac3659e2563d1509db9438573b6ad8029003f		
1336	red FG-Alpha/2.png	raster-fallback	0	raster-asset	9c417852251d27600f21d223b7c79afc8ad5cdbc1178b0e4ee0dc232dce30d19	351c8f4180d0278847006b9f0c2e51c80c5ff2e5866239535b77572461d995ab		
1337	red FG-Alpha/20.png	raster-fallback	0	raster-asset	a1919cab9705174317714bd65cc4c609b4e03592fbf351203722a3cf334344fa	ac8439d71a88e94cf52d8523e2e89254121df096b31dd571e557941255b516ae		
1338	red FG-Alpha/21.png	raster-fallback	0	raster-asset	436c9443e6b116a589511f2f32b7843565984f0e4f52f513d978a18e24e40d70	902e62bd50ac24a462b42ea728dd55f0df9c84e3aa1cda372fc911c6779cbeef		
1339	red FG-Alpha/22.png	raster-fallback	0	raster-asset	71fcc32928f1f17c6c8827fcf5fae7d43ee6df8203d89bbbb8fbd86d8e53b030	4257ca158d08e539ce83da43c4cd1b74931c0d9add425afa175e1fc71664f47c		
1340	red FG-Alpha/3.png	raster-fallback	0	raster-asset	bc4d36ba1f21139a7dda4ad60c051431648f3760e1428a19f35f69d162a067b1	760cf74f2c3503a786e402543f73ef7f1f884d00993d5046dbf87515aaedc243		
1341	red FG-Alpha/4.png	raster-fallback	0	raster-asset	1bd4a056ddca8a874f455ec89e07e1e0eefcd9d19c111d40d1107e61c9cd008d	6b54fce1db5cd1ed48889eadf319518bed542009d20adc1ea103dc00c20d871e		
1342	red FG-Alpha/5.png	raster-fallback	0	raster-asset	92bc378d5440b33dff99ce4be0c5e0030e2f76d2c35e9daa88c0a3bab39cc4c4	316bf00e7559ab129913dbf35132a1c5fe0e83d3fc21a039a003a28e46e49ad6		
1343	red FG-Alpha/6.png	raster-fallback	0	raster-asset	7b759993b9aa4f2ae49233e5086a9cc6ba1567b12a3a45a63c27080539543669	8da5c895e06898b55d3ced322170485d4b11e0fcbba358796dfcc1c5823d2963		
1344	red FG-Alpha/7.png	raster-fallback	0	raster-asset	55385dddd88d8ac3a93116e3aa1dbabd8cbb6c1e738dbe7aabc5ff91cfeb3f16	050c92555bc8bd7779d8c6ff233c15facddde71c4ab84878f8e6377370deb435		
1345	red FG-Alpha/8.png	raster-fallback	0	raster-asset	c6f4cddfe9304c7d1cc0e21b3e27172c2626bda2ebcf2d9fb90d901233a64b13	ee7245b2b6e1b5c08ebf619823a99268d461c957c0a074e4f7c97cd55c793c9a		
1346	red FG-Alpha/9.png	raster-fallback	0	raster-asset	6bc3f0288945a0b6c03eeeae554a62c08394bbc0f8e9dda4c8e3c3f8d29ee249	709892819cf438e5afb82c781e045bda097b32c8f0999946cf71665976143b43		
1347	Red-col fg-alpha Print/print output/0.png	raster-fallback	0	raster-asset	b4bd5127345214236e71b9915b4a384a86c6e1ff35cb7ef12f3b3dd8f22a4ccd	19de96bccac46ce4b7f0f8ea5ca3e57ff15a89d760b236167724e4c4394642e0		
1348	Red-col fg-alpha Print/print output/layer_1.png	raster-fallback	0	raster-asset	e8eeea2e8365dd652eaa01a9f0e7f3f6b2045318e406fd267c391f2aa72dc0c4	98f1a3bba7477ec929e4c874f4eddef3cde1f6fb0399aa7e5d36a0f6f037d96c		
1349	Red-col fg-alpha Print/print output/layer_10.png	raster-fallback	0	raster-asset	64fa414054521f31e7b1abe1bfa448c5a836755407ba66c2125b0acfa1b78a2b	59a476a1d7e3bb77262d9711591475461cfe8b71c46eac43673d3e99d27b10eb		
1350	Red-col fg-alpha Print/print output/layer_100.png	raster-fallback	0	raster-asset	88cd9018496f7b48fd840c5c0db8f4de6a2d9b7efc9c71c3163f44ed809c1fb0	b33108073dfce103cdcdaa22d18794638637303e62990ff658a8ccb4e9aa86cb		
1351	Red-col fg-alpha Print/print output/layer_101.png	raster-fallback	0	raster-asset	80718948d63fc80c12ba05c93b0323f04ad116a58e0d300a543445c2ddcfb75c	1ddbaa012c0c1e2d5abba1f0188e2d6e74eac9213d218e2e328289539d08cc37		
1352	Red-col fg-alpha Print/print output/layer_102.png	raster-fallback	0	raster-asset	6d7e6d4686297b79533ae97347f8a4f63aabe52b7b7c037d9fe436de3d749f68	386f30cae4aab4995a72572ccc9efbd0030a10105cf6e1c0eaa75ec8ff98a769		
1353	Red-col fg-alpha Print/print output/layer_103.png	raster-fallback	0	raster-asset	2b3e37cfca4d59cc7f9e0b83d332eb9e1b20c41cba66b87a2c5b7416dd22d1b0	51f751b68a622986fca67a67936292cac30a73bdc71186d8274c1afd469f16df		
1354	Red-col fg-alpha Print/print output/layer_104.png	raster-fallback	0	raster-asset	459af5b5f9e4801b48aa522c35695ae67abe88d11803677a564a20702b27274d	1751f3dce29528dce39f17050c4099c28b4616157593482de1b0c82111eb7e6d		
1355	Red-col fg-alpha Print/print output/layer_105.png	raster-fallback	0	raster-asset	a2a47cc6e158ff5e1fca26045bdbd1c1e7359e6308cb84d2fc1430e5cf7b246d	fb95178ccf1eb00ed95a518c21212342da82e720e2433d28cbc0e90806add712		
1356	Red-col fg-alpha Print/print output/layer_106.png	raster-fallback	0	raster-asset	0ea70838b3047de3d56139e020b6ae40b59131663ead1bcdc88edbfeaeaab021	f8d8d5d475c67f2d66e3b5a1876928573e53f1ac313f87a7f808624669a786e7		
1357	Red-col fg-alpha Print/print output/layer_107.png	raster-fallback	0	raster-asset	868f6a17f95a8d7bdf774df4121a94dc778b9b0e17797ad7b495db7d05985dc4	e916a73546de5430b11b2ce6f158de64a99a8949b149ac15bb103f78135ad87e		
1358	Red-col fg-alpha Print/print output/layer_108.png	raster-fallback	0	raster-asset	55856a1abb4bc2b759fb6ec8e5904caa1d5f943f66ce13fd06b4d4cc572deb2f	c7d5bb3861b6ca4a49398475f545832396b0f2eab9ed09d8dc42bd70271f6a17		
1359	Red-col fg-alpha Print/print output/layer_109.png	raster-fallback	0	raster-asset	04a871d6fa75181d2163c9d2451f2d6a9f606ee27348df7ad68577bd8f12722d	8c7c0bb84398f2ba5a21dde47f51e542549f7f0343a7e160fee386c8ed0454e8		
1360	Red-col fg-alpha Print/print output/layer_11.png	raster-fallback	0	raster-asset	13d6cecca5a2070c6e64639ac3ba4f3b98cbe0c27c7e3ac72c598dbe0aec3f47	8d8a168b067a68d8ee11fbbff6b6d700294828e0002627e549a471714fedfbfc		
1361	Red-col fg-alpha Print/print output/layer_110.png	raster-fallback	0	raster-asset	1edf6975ae08973db78fc4569092850c01f9b892dba6220621366f7f6917416c	80a63054512e36651f0ed9710708f85c629ff036f1888b047db26078ba912961		
1362	Red-col fg-alpha Print/print output/layer_111.png	raster-fallback	0	raster-asset	04db037238f93fb6cb870ccc7f6f4b908071e6583bb14eddf13bb916e350dee3	50f0ad97b2f47867b60e168b0d1c70e2131bb8aad742a80140e6acff480f004c		
1363	Red-col fg-alpha Print/print output/layer_112.png	raster-fallback	0	raster-asset	2af5169a1c539b8e76ea0b771a5cb3dbb3b3c5f0b1235713cfe2c375f0fca32e	e4436a058aa0b7ebb768734d764c3814c9fa82c8458bf050e7c707c896c0ecf3		
1364	Red-col fg-alpha Print/print output/layer_113.png	raster-fallback	0	raster-asset	d50dd85176407c74ca231188f559da99786b3b6f158b122d72ffb8e6609960cf	d3be0b955556454cb46e66885152343ce1b258547a889b162b69467fc3997d20		
1365	Red-col fg-alpha Print/print output/layer_114.png	raster-fallback	0	raster-asset	5f6d2b4d3459a3c68fb1ec9046d2059c826b16369d4dbf9e99be819da487716e	3f2c8270d4c6bc8a15a42699f4e66dd67076b9ea83957c6a9a2a23906a62a324		
1366	Red-col fg-alpha Print/print output/layer_115.png	raster-fallback	0	raster-asset	dd8e3bb47448a017b76b356cc8f995e499b55527c699b65792e1d2b45ebe2d39	7fb3b78fcaa4214b477a28bb9ea31386878be5afc1587f61fb258fcaa42212cf		
1367	Red-col fg-alpha Print/print output/layer_116.png	raster-fallback	0	raster-asset	075f8356838d0e3d3d6fb7c214db0ab37d5f812686abd702f216d1120a18278c	6fb06120cb2e2fab2046c58513e9f7076d2599f714be6f027dcaa0b55f89c88c		
1368	Red-col fg-alpha Print/print output/layer_117.png	raster-fallback	0	raster-asset	67c7155c8771d3b62fe3bcaf6ae84b4b3e1baca62fb4c9d03f8ff07b61e9f34c	1a4bf7c4d18fc2f5a9c6996f1dd15b5444607b7b8610e68b0c0e879713ecd20b		
1369	Red-col fg-alpha Print/print output/layer_118.png	raster-fallback	0	raster-asset	e91cfbfa46adb02257ac6e4ca0534d5b9c5beff2c921df07322acaa312ddbcbf	e95e3a8381e69c83ff73c2b7e1c5cfe88ea6a187efb25a19691b5993f0bc2a93		
1370	Red-col fg-alpha Print/print output/layer_119.png	raster-fallback	0	raster-asset	3353b6ea634f033d088eee7fb2692e69fe612f992ad1595ef2c91f9a7293c30a	83f46ebbf1e9e0c992ced8cc0b2708e9fcc0f8289817a9df028a39ed730e9c18		
1371	Red-col fg-alpha Print/print output/layer_12.png	raster-fallback	0	raster-asset	1add2c2d956b42b0ad69f2c6ac30c47c6b12c3a2a7613349ed9c10beac3e42e5	5d51ac7cb270203dccde1c4dddb5c2e71da3d03eceba0d5a58d06f099d74ff10		
1372	Red-col fg-alpha Print/print output/layer_120.png	raster-fallback	0	raster-asset	b4439453202931099e23ac7f28285897e6b816554d4a07386d1ad25b472bbfb6	ad36dcd20ad5245b5fe1ab37bf34030f7dbe48db71728a4dbb444de4fa8fe5e1		
1373	Red-col fg-alpha Print/print output/layer_121.png	raster-fallback	0	raster-asset	35939ba6e4e097c34947db4bea15b443c49911da0e6773024420ca60401a533c	7c26fe3e7f810dc4b2ef5d3f6bfc754527b3874d3887bfc0efc538877e918408		
1374	Red-col fg-alpha Print/print output/layer_122.png	raster-fallback	0	raster-asset	7b71ec477aa44275434307d379b44afc791f2996b2470116d5b4dd8227b68444	35c3890b98eca6fb854dcff5312df28fac879981a4a0e4381134a96fec369c35		
1375	Red-col fg-alpha Print/print output/layer_123.png	raster-fallback	0	raster-asset	79a08042c1e2cebc029a8cfd76796095b451b285660787380d7f65deff648939	f45642488683858763ba9c9b1d6883a2b720c46786bb80c1b43db9048ee355be		
1376	Red-col fg-alpha Print/print output/layer_124.png	raster-fallback	0	raster-asset	4950ff16d077a74529e1c92705e185e4a85ee46ca67c556df05f377977f9b23a	ba7f5bbe0b272d80d19d4f059018783faa9eeaffd869b10a2e23e76d0f7ec38a		
1377	Red-col fg-alpha Print/print output/layer_125.png	raster-fallback	0	raster-asset	cbc2adc0b7cdb445a6acb150127d887b64b015cb331b7fb1d22f6b4785cf2f12	20a880d40f69a7b690070975693b2b889ef2a01ec29cd81fa7a54ad09850dec3		
1378	Red-col fg-alpha Print/print output/layer_126.png	raster-fallback	0	raster-asset	140a190719b33dc265957c78b017a08f59f7c01f88eba7b396e158eb4aaba65b	489338197afa12804c380e751725fc97630242b55cf0daf75c50d6d1ee0bde90		
1379	Red-col fg-alpha Print/print output/layer_127.png	raster-fallback	0	raster-asset	fd8e8e478968e33df789993dc78e0e64237657e08e1f378c4258e34403b6e21e	5bce1a8eb4091e5804bbb18b0dfb3144f223bbbf83b2a281c4913b309c0dbe83		
1380	Red-col fg-alpha Print/print output/layer_128.png	raster-fallback	0	raster-asset	7c4fa9566ae27b385090c1583096eb37d6c21af638220cda6dd68d7dc0d079d8	be8836893135b3323b2dc7d649aeb931f988541fb18943ff99f16888b70aa1ec		
1381	Red-col fg-alpha Print/print output/layer_129.png	raster-fallback	0	raster-asset	e23a2b0f2c427f0388d68094a43efa261220ee9de55dafffc39ab772e174d2fd	61970407fcf36bf5c362e8564dc32da0c8783791ef59591473e0b778c1f4090a		
1382	Red-col fg-alpha Print/print output/layer_13.png	raster-fallback	0	raster-asset	c271031e2d9da3c19a3e522425ac958bb805e953c8528badd7052bc7b160992d	84720d44242ee5ddc88a842ea467d91943c52aaf9834151a7e5362ee3161abbd		
1383	Red-col fg-alpha Print/print output/layer_130.png	raster-fallback	0	raster-asset	781886001e039092c9db341d3e75c206feabc199fd9cbd84e1d90d814a57199a	00107c0c3f58848ac5fa5944aeb89f4c38eab9f8c5a45501b753f55a970bb0c1		
1384	Red-col fg-alpha Print/print output/layer_131.png	raster-fallback	0	raster-asset	0f4954261498d338730fa5f322da6caa7f5d9fddb53a81dec53c006234508b77	16e0a63b5516e33c9e07794d2779e8092ab2404477e7a682509c688b07d02875		
1385	Red-col fg-alpha Print/print output/layer_132.png	raster-fallback	0	raster-asset	6fa38fe2c19ce1a87a866352f1132783c482a5bd605a802c16b9de123bf6c19c	79b5bf77ea91e1850b6df6bf4f9dbb0131c344a9acf2603e453ec1d83daaec43		
1386	Red-col fg-alpha Print/print output/layer_133.png	raster-fallback	0	raster-asset	11039e875cb51159deedfa152d01a4379c1a544f992e7b3d8d67292a0f01a4e8	57accd6c03c47f2c853f4ecdc52b39ee16e790e49d3280d70d4e86746e4c6cc2		
1387	Red-col fg-alpha Print/print output/layer_134.png	raster-fallback	0	raster-asset	9171b0ea4bb2496c1d1d6a94240ee59fe3b935292ff868f35cca7860f7d6620d	dc9eaf55308fe9fe94317e748a9b0d8b3c70c9b3856aa3758cf0eccf32ffe3d7		
1388	Red-col fg-alpha Print/print output/layer_135.png	raster-fallback	0	raster-asset	fcc77007e8d4a3c8793485677d49a68dd159f5412049e76874fbdc7fe6dfeffb	2d73f02a400c5579523a2494160fac97b44a091abaab47aec205e2be8c0c4764		
1389	Red-col fg-alpha Print/print output/layer_136.png	raster-fallback	0	raster-asset	3b4f7748ecc9cde5cf029385a7a6ece0a08205cd1261d809f27ccc2bf3e501e1	9519fc77d4023599f388c35150069251c90681a470da62fc9c7163015d7ab1d9		
1390	Red-col fg-alpha Print/print output/layer_137.png	raster-fallback	0	raster-asset	f44c1da44eed317b3ef9ef87c1f893f4efccf2e42f50c06b64744a87d48af2cd	e4a9a3f35562dfe32e49c79ff07934db60cd5aae6752b99ea19b72ee4219bde3		
1391	Red-col fg-alpha Print/print output/layer_138.png	raster-fallback	0	raster-asset	d6f4c043a2027a4206a8ec1521a232a32959b93a1b7ade19e26e1d261b3ab5a1	3a88d34c3ecbf88034af07b63db612fe1a4ccb92affb1014d27373d8f9c61562		
1392	Red-col fg-alpha Print/print output/layer_139.png	raster-fallback	0	raster-asset	69028296806573cf5e9a42e60e571582d32e86d5f2cae9bbec06aecce1cbd0e5	e2fe0aa324a716722ee4f695b24aa65f07e03a6be214302d546b7617ee50de28		
1393	Red-col fg-alpha Print/print output/layer_14.png	raster-fallback	0	raster-asset	e237593cac9e42bb5528d41b0a9f3b50aef31f95b4ed33dab882f086955e7d6b	e6529fce8e51bb7984f1a2cdd8cb09945c4ee00695b27537070ce4a05467b81b		
1394	Red-col fg-alpha Print/print output/layer_140.png	raster-fallback	0	raster-asset	8c3a46598a80cda6cef122a08f111c318dfc342f129ff1d2921c13698b66016b	fedbc259a013fbe7449269bf92991372700aadf0dfcea44173e7fe4981e61095		
1395	Red-col fg-alpha Print/print output/layer_141.png	raster-fallback	0	raster-asset	c7b828df9439305ac3cd1f10737ed94dff5fdd6556212a7d87b2cc0916ca90e2	b040fd74fb3ac84ccbe7dda60813f282b2bc89861e6ca783216533d1aa70fbd8		
1396	Red-col fg-alpha Print/print output/layer_142.png	raster-fallback	0	raster-asset	b58a72b801ddf8a17122a523c432d4d026d8eaa862c172af087fc69accbf7eab	631d191fefb9ccd9afb240802d731f51843c65165295382720ebd1fbfc57dda5		
1397	Red-col fg-alpha Print/print output/layer_143.png	raster-fallback	0	raster-asset	b193d4a1f76d5a383b0cad99b36e6157b82304ac7d59083dbe2ca6a33c1136bc	6c38659c7ca24015bafcacc00f4eebe2051bdc1b47799c8ab945285222b23a3e		
1398	Red-col fg-alpha Print/print output/layer_144.png	raster-fallback	0	raster-asset	5e596435a356dd7680e856b8fd52c08b04a9d98cf2198450e45cf12b89fba8ba	24872227bdb0bb08e6b1c18195cb751e3a35cac7ac097cd3a36252b3e41dfdcb		
1399	Red-col fg-alpha Print/print output/layer_145.png	raster-fallback	0	raster-asset	e90e931912c8195ffc48fe23572a31f4319604dd1a9107c1802c9fbf16168a33	db24c10e6c05a08942a31faddd7c2869508d9a06e0f70338ba8776f25e28a7f9		
1400	Red-col fg-alpha Print/print output/layer_146.png	raster-fallback	0	raster-asset	e9a58feb77572ef9ec98f1f08cdff8c8ab11239ff844b1be9222aa563fe63f39	970ddbbee492c04621f8d2b877728ac689a6fed3e8760d3c2bbe3e7f48535969		
1401	Red-col fg-alpha Print/print output/layer_147.png	raster-fallback	0	raster-asset	338d946236345e894e5aac15683db17f667703526631dbf2c9d800c60f4cc592	1aa7a698c693b8746647aadcebe5b8f072468865a61f6c2f4b4e90e8dc8d5373		
1402	Red-col fg-alpha Print/print output/layer_148.png	raster-fallback	0	raster-asset	64bb6c12b73bfc3b36e317f34087bb6da115dd0868990f0c00f5d5047d88fc86	08626d60420065a88d1266f55456c68e502696dd8759a9821154ab2b25c19414		
1403	Red-col fg-alpha Print/print output/layer_149.png	raster-fallback	0	raster-asset	03ef52f14c4265af2af3136de1f2f464d4769b714f120e2641bb7d95f97ca10f	e4e3aedefa6e493c8f547d7e36a79065edcba31ce39c0008deec709249c3f728		
1404	Red-col fg-alpha Print/print output/layer_15.png	raster-fallback	0	raster-asset	1febe26998b1af5fae1d62309dfa74a35aaf7ed033f58b5eda62f219231dd79f	e689eef9a43eeac459ea046661f24575b505c67052b0c600bd7ef3972c4e17c2		
1405	Red-col fg-alpha Print/print output/layer_150.png	raster-fallback	0	raster-asset	35fd98667a3e2ac4ad2f97af1b414dfc515bd7c23149b4ed674e800f1393bcc1	40a29f670dd9876cc681d90f6484f7d1c1882e2e9c637471f45d98cf3edf36cb		
1406	Red-col fg-alpha Print/print output/layer_151.png	raster-fallback	0	raster-asset	75cd02e6e1a9613ea528dd7d4017f093e9877ce6cc358f88e6dd6647494b422a	5a2e6dd4dcdf3642a29e08eed87e16886fbda0f6f62effbe384acbe42783d39c		
1407	Red-col fg-alpha Print/print output/layer_152.png	raster-fallback	0	raster-asset	507ca42d458568bf216a89523d944ba0a3ec7714d3c1656ace70640cdf39bc8c	582c57c2ee29aa0650c9558bf039f2bbed66b69447bb6dedc34a2f1606bdc1f8		
1408	Red-col fg-alpha Print/print output/layer_153.png	raster-fallback	0	raster-asset	eb9de6d18091809e1382630002eaa7515be1ad1c64c367635dd6c203360462dc	828ee7ef034cec5dca516365849a94dc2b1441665edc9db655d038cce0d7dc28		
1409	Red-col fg-alpha Print/print output/layer_154.png	raster-fallback	0	raster-asset	dba196604ffad11455397696c8a7a2d837119c0b26b88547a69d3a9c6274f307	2ee4cb4cb248b58b8483813ec27d3303ec4aa3ee58e3007be6c1b68514d13c5b		
1410	Red-col fg-alpha Print/print output/layer_155.png	raster-fallback	0	raster-asset	062e3ac58067d99ce68169d36c90dca0491b90299c9d04d156b4a2724629f7d0	b4841af1dbb88e1124ec8ad2d9e125c4fa2a78ebd01afe339a3af00f48b75264		
1411	Red-col fg-alpha Print/print output/layer_156.png	raster-fallback	0	raster-asset	e7085d2e8c49c7f71568de53c2029da840a23e9b5a2a00dd2240cff6277b01d1	253ce9b0b0e74b8d66460989f3296978419b28913551f9c2ec89737d21b6cb26		
1412	Red-col fg-alpha Print/print output/layer_157.png	raster-fallback	0	raster-asset	8c90fe991b97920eac26e2cd3fad31c0524de4a55f92a2dd97ec4b15207a4c7e	68a222fdbde3fb98fdb553de7485ece45753254883f4748bc9dd5e8b03773335		
1413	Red-col fg-alpha Print/print output/layer_158.png	raster-fallback	0	raster-asset	b33be5faf1c55541b0746e8fbd45c2dd30d73dbf346d055c414d1255311acff5	7fbc3947b05f29082ec2268b6897a86c21823ddf1458f0d66fded9ad780f562c		
1414	Red-col fg-alpha Print/print output/layer_159.png	raster-fallback	0	raster-asset	cb0d8eca70a091fd09604ab9dce9bdaefc05620a83a35c872aa1611ca8e360bd	30fcce4471331fdb6212300aca7469346a5a725d3a14d6dffd35f70f95789eec		
1415	Red-col fg-alpha Print/print output/layer_16.png	raster-fallback	0	raster-asset	759c764701c477dbbdbed9ee0a38e836b901e1dd65dfac5afa01ddee8b7e5294	75438535c22a14b454b806a524928212cb93f009b90a39100d5970669525b84a		
1416	Red-col fg-alpha Print/print output/layer_160.png	raster-fallback	0	raster-asset	3cc5491833a29094c04912fd9edeb736d9d228c7274d05ca3b757b64680995c4	94210879c675d51e6df409d18049bbba0d053fdb94dd942ed42ab85c75d2e0c3		
1417	Red-col fg-alpha Print/print output/layer_161.png	raster-fallback	0	raster-asset	2300aab23938dec448943773bb5ca93a7d1e348704772e9c3477f77a7ae54821	92fe89c0c8e0f647afc41e4d531dcf5000be018b23cc5778d0af4e578dc89b31		
1418	Red-col fg-alpha Print/print output/layer_162.png	raster-fallback	0	raster-asset	e9ebbd560739d94879a6a01c32caec1e26f6c35c8161a3408d20b3d2568299e7	7a2a50c1db1c76726b45102436fe8e8497fe4eb10b36240986cdf92b7cf53b17		
1419	Red-col fg-alpha Print/print output/layer_163.png	raster-fallback	0	raster-asset	3c32023fa6f63484eb2f417b643ca05d07f73b0abc4a7064840ff20508088a24	c2cc2b359e9f5c28daf180e8d2717d0c8ecc06affa06d9ad8f2573141613a08a		
1420	Red-col fg-alpha Print/print output/layer_164.png	raster-fallback	0	raster-asset	f19d63c5bcc3581ec874c17cc1f8174c5e374c67db16a827c54f3286c98c2c99	42e69db0cffccdc599f27e90e6f3f793d6321a990fbb3c6c5f0a50898112c811		
1421	Red-col fg-alpha Print/print output/layer_165.png	raster-fallback	0	raster-asset	7cd358cd8ccce5404b2d43256a04fc7f77a51e3d7a3084c14b6056a7cd28d881	0fc695ac36349a78fca05a87484a0cc25ce6d55b9c64d4c260b7645657f8a147		
1422	Red-col fg-alpha Print/print output/layer_166.png	raster-fallback	0	raster-asset	891b1b0b2822c72381a5acb1a071c9bcc5470082660c3b7aaf30e744f3f521d5	13fdc878788c50c0f286ee97e4e6c89282670354737add328a3fb51dee79cc07		
1423	Red-col fg-alpha Print/print output/layer_167.png	raster-fallback	0	raster-asset	2297f281ef4fbee46f8dd13ebdebefdb9c17c91586174560daa3c3f7c8a8a135	aafd33506393f1d04edafc75e0be3beb5421293333b5ff45bc9441f27de05ef1		
1424	Red-col fg-alpha Print/print output/layer_168.png	raster-fallback	0	raster-asset	c37452d240fcccf348f06c75d316fdfc45e4f0019c0059bd7a5960f57a9deaca	a604ef5432f3097b7fdc16e70eed58e6a8180a426102ba98fca55cf17af0c525		
1425	Red-col fg-alpha Print/print output/layer_169.png	raster-fallback	0	raster-asset	0443be11ff6c39f81ca940f771190e36699166ba3d9f463e2566f61ae2883618	5871827bed7c5ed545c9d2d0f968a2af4057ce756d9a8e856153817bd3da4a0a		
1426	Red-col fg-alpha Print/print output/layer_17.png	raster-fallback	0	raster-asset	3b4b325fa3ed4f9df76070ed6f8795088d08546b4fbe52a9502a3a43f9dec615	55d03625b238f6eda9a119374a8dbc8eb21557565be8b85adbdbaf68e91555a8		
1427	Red-col fg-alpha Print/print output/layer_170.png	raster-fallback	0	raster-asset	211f8dee46111337e34f6a899f9d452e4264d1cedbcd3c70aa7b6e3f1d895972	361a5d25d7edd078ac4b8a0aeea4ec349f37f56f153fc100e666eb80fbd60bf6		
1428	Red-col fg-alpha Print/print output/layer_171.png	raster-fallback	0	raster-asset	e294bf791066785d231dda281e0405049ad269c698ecc2e43a4a419ff90c68ab	787b34d72535fc46d4f53e0b605d9250f12484c67350fdc67d324f05d86608dd		
1429	Red-col fg-alpha Print/print output/layer_172.png	raster-fallback	0	raster-asset	ba7dd7542922ac8f300ea704798ccca95017218695c70c01017a97125553acf7	e6c98851fd020e75c755aec47ebd3313a6c0c5c45e0e2e6c0181d1b969719868		
1430	Red-col fg-alpha Print/print output/layer_173.png	raster-fallback	0	raster-asset	0d47678047a4682f9c2bf562ec17835b8dab57fc8ddb0a12bbdc7222e7518ae3	679ee8c864acb1f120b8b24f0054a0e2438c92c0018b482bf9a4850b1ba4d774		
1431	Red-col fg-alpha Print/print output/layer_174.png	raster-fallback	0	raster-asset	28fb112ea3558f5f439b8712697d0ac3d814272ae6cf74ffab17586f98eb7d64	09db63b21f7458ec89a56e7d1602d12d3b4ba5fa4ef490c71d0f744bd6686590		
1432	Red-col fg-alpha Print/print output/layer_175.png	raster-fallback	0	raster-asset	5224dfcf1c79e606e4d080ea6799f04e8c294dec34fd93f547f5e9eded94f76a	5e4a7eed1b9feb55a7563ba053813ab187bcdcc59b3cbc9db95f00eb742c0dc4		
1433	Red-col fg-alpha Print/print output/layer_176.png	raster-fallback	0	raster-asset	a5a480c8a736d2b89770422f7c5adfa402efe6373b3d224d8373e3a84562c8d8	d3aca9c9e1d5217d04c452596eac95f490368e63843dc982de32c75f8f632679		
1434	Red-col fg-alpha Print/print output/layer_177.png	raster-fallback	0	raster-asset	fe4376b79d702e64127f9943584107c0dc93c15264a3d6269635673b1f9cc10a	7bd96ca41baa96ba250f3ae6738a093ac86ec0b53c08f43801c2b59232bc3bfa		
1435	Red-col fg-alpha Print/print output/layer_178.png	raster-fallback	0	raster-asset	8207713e6b0b030344eec31be20d2aa8b45f1b4d82a90482400c96f3f8b4aeba	fda4d7fbc017781dd1c9b3db1c968888faa6a4f49e4d7405152b035e8c313b86		
1436	Red-col fg-alpha Print/print output/layer_179.png	raster-fallback	0	raster-asset	98937e53661a9e41457120c34a4621e3cfd5adeb6a7b6fb1cdf848b122bca27b	ea893469aabfac0449b4163bf6bc39b1155a350a649c3e34bf606043f79a38b1		
1437	Red-col fg-alpha Print/print output/layer_18.png	raster-fallback	0	raster-asset	559ba139649a65724c3aedfdc60ccac27239c615357c29609099fb4da8f56e35	faaaecc673e8c8997b273c9cd8a26ef9ecbc18060ceeb5ff92189a8653f6506d		
1438	Red-col fg-alpha Print/print output/layer_180.png	raster-fallback	0	raster-asset	01759a13496485b34ba14da30fb7ff55e69d932b3d3ea25181b26c8bffe38cc8	cc56da78a0820d3641bcf6269b92d509bbc025b6457308e9079895b03cea78cd		
1439	Red-col fg-alpha Print/print output/layer_181.png	raster-fallback	0	raster-asset	89d982ad2ecd3c88775136e4cae40d796cffbd4b31aa1979c1647904d5ef4f3c	4f555105eaa9c4f37577e65b0843672f344c0cc19eec8d284222c34c6f1f721a		
1440	Red-col fg-alpha Print/print output/layer_182.png	raster-fallback	0	raster-asset	f9b4fd7eefdbecc142fa87bb1c6be3740a5d63ba3d4c009bbf0872aa5b3f1687	332f95caf26d61107954abb24b8696b873841f92f7bcbe2c0beb494d5de3d1d1		
1441	Red-col fg-alpha Print/print output/layer_183.png	raster-fallback	0	raster-asset	368c479ac0eb69b0c5659185548fe7766a246bf47e45765a582b99c72076a7e1	52684a99e663001a263229150fb50d34c7bda9e0b7fe43301164c05a0aff661f		
1442	Red-col fg-alpha Print/print output/layer_184.png	raster-fallback	0	raster-asset	50ffbffb7efb151a4f33394b653e3af7db4167abe4eba75a4df489a881a63641	ddd5f3d26e35e70bce1b791bc160666496f81bee0aebdbf686e144f2400cc4e7		
1443	Red-col fg-alpha Print/print output/layer_185.png	raster-fallback	0	raster-asset	a25646743510dcc092cae3ce5a8d5b9e6250a1f8aa454eceed15d5bca1379ce3	2db55c34b544dbcb5c883214812a7f4b03b09b063bc145d376807f895c66af7a		
1444	Red-col fg-alpha Print/print output/layer_186.png	raster-fallback	0	raster-asset	1f2c26cf4dc8c2f1c22a896c03516365c3f817b543d564b0f65f1c117ca8856f	bb43752b60997c9fa7dd801b95f6186663cf2c0c213edd8d72ab7b946b5cea6c		
1445	Red-col fg-alpha Print/print output/layer_187.png	raster-fallback	0	raster-asset	d90551ad8f08ed4b7d585dc84540ffafe34f2b5389c29a65d8a8c9540164b63d	d91635b39dd73d674c3dfc563df1c81d98c17e7dfa0ed6ddd6f4e74f40b179c1		
1446	Red-col fg-alpha Print/print output/layer_188.png	raster-fallback	0	raster-asset	b59c75d3103757308f729f22e460e8496eccc2b1ae8810456a2d1f3419d8756f	6409a7c8a83e3f7839280e479f875593b77b60295a949c2e91f6aac2ebd381ad		
1447	Red-col fg-alpha Print/print output/layer_189.png	raster-fallback	0	raster-asset	3be7e0c51c00dae195a7c8d9a478e28f20c30bd596d3b1bd2327b36bcb93acdd	87692da406337f4c670fe68b9b3b8de083245a1213b405ab0b18b1aa16c6b50a		
1448	Red-col fg-alpha Print/print output/layer_19.png	raster-fallback	0	raster-asset	d799dd7cf357dc6fcf5f925e1d7864c4da429a1feff77543c1254ac3ab1c3ad8	295a5d3681449827194ae04739bfb10583d1b2f5d4f76dcf1c214767d0b944be		
1449	Red-col fg-alpha Print/print output/layer_190.png	raster-fallback	0	raster-asset	f2f661b36d1eda494daf7c1515f43a0bfbeda55df7e1f9da3185e34eee641750	a25bd3afdb63786cca5ec89aac00c00b7f21f6952ec4cd50c5d44740543c29e6		
1450	Red-col fg-alpha Print/print output/layer_191.png	raster-fallback	0	raster-asset	65106d6f949533efb6fca410c6310c99f8b2903a23b136cc997685e68516684d	2d5d5885fa14ebbfeee57d5182501b57257b2f0dce957182f9e013f1d9745ee1		
1451	Red-col fg-alpha Print/print output/layer_192.png	raster-fallback	0	raster-asset	e084003fb20fd8eac586e6de52b7840edb9b166bf8ff6ec21c1ea1da6aa68147	6297a9d5de50fe4a50b019687728a8e847500cab23433544956a4fa06fe0b7d6		
1452	Red-col fg-alpha Print/print output/layer_193.png	raster-fallback	0	raster-asset	47b70855e4fd3fd3f8f4a72ea76e691bc9836b42122658f34c98142f65a2c3cb	51f866fc7160004e70a8bf351fd10a96e302b18e3c6d61b1fe398269bfd1dfbf		
1453	Red-col fg-alpha Print/print output/layer_194.png	raster-fallback	0	raster-asset	95848d1df6d1e27d30157384ce34be047431c8a63413b046a246f7c1c632a1a2	0c2a53768132d5cc0a6c022d66d6364fa7b4192353eb8692da1806793894381b		
1454	Red-col fg-alpha Print/print output/layer_195.png	raster-fallback	0	raster-asset	7ab4a5c410add9215670f158b6e44d23127b488762159b9eb0a35579cfa2c0a6	c17ec57ade7d8a265a5fa42d0459720b99fe34ee01b3c4cbd59e87c429321dca		
1455	Red-col fg-alpha Print/print output/layer_196.png	raster-fallback	0	raster-asset	92b3fdbc9c4a21eb2a1bedb8e44cbbfede35d0360acdc14f96210c68bb7db88b	3833b8861644117c5679c325e45234629c4c20762daf834726f4aaa7b44c0b1e		
1456	Red-col fg-alpha Print/print output/layer_197.png	raster-fallback	0	raster-asset	9f3b7cf038e781d17e2dcf307e73a834148c0703459dd83fedb36f66e6e78d2f	55dedbef909b4f65c9ceb9f314a83a9074d02c6e8aef0c89263d0e71244e4e12		
1457	Red-col fg-alpha Print/print output/layer_198.png	raster-fallback	0	raster-asset	14d1560fef6f800f52d64be55c271f731d056a110d5fe492677a909b6427850d	60fe70ed10e65846ae4f040a3e19db8c5dd39eb908427dcac9b650bf4f49ef43		
1458	Red-col fg-alpha Print/print output/layer_199.png	raster-fallback	0	raster-asset	9ead5d278a8434e8a4508ce9c20e710978b8f1d6f08e3ada1da7d52b718f3076	c5d5a927d26d35ddb8bd3e0d049cc2d5748abd684f5c8a4e4d8adbd579f0afde		
1459	Red-col fg-alpha Print/print output/layer_2.png	raster-fallback	0	raster-asset	0d690b6239dd0d185e2615dd49a18218f540d2fb033ccb32b3a4a4cc5ab45c09	cb21751eaf10cc401c51aa5e588f9642a507c6ba185514650d4ce846b40e63f6		
1460	Red-col fg-alpha Print/print output/layer_20.png	raster-fallback	0	raster-asset	0d270a46f1f3ef10d803159836708b03d52f1b73c03f4d0740c0ff7dc0a3c698	ea54c7c2057a93833ea7bfb5e90db644d3e953e282e5d5d1aa70162ae88df30a		
1461	Red-col fg-alpha Print/print output/layer_200.png	raster-fallback	0	raster-asset	24490e7149f527ece5eb000d57964052eb0e1a4294cfb109e5db24c3ff3d95b7	37597792e13f3f854e9b0e9662319e3ac644b80ad7a0b30e6818f6a103dbbb8f		
1462	Red-col fg-alpha Print/print output/layer_201.png	raster-fallback	0	raster-asset	846f4dcabbd2492e95b2c8947f03585cd6ee5bf799a56a12723ad2ef3b60bf1a	c47b5f97a8ab8891c2946dae521d30806df270826b59ec9748cd22dcd6bc6134		
1463	Red-col fg-alpha Print/print output/layer_202.png	raster-fallback	0	raster-asset	7ec7a243995bc695ab594f2b991b1fe3eaad0524e0ed158bb660a71f7851be8c	c980cdfc907580d1cc19010c0bf4dbdf893e2120b857ddddf8ff1f7366235faf		
1464	Red-col fg-alpha Print/print output/layer_203.png	raster-fallback	0	raster-asset	ffe3d0c2cf85a828d65d71b6b040c7316ea3ae73023e7777883e07cf82561bfc	51b7ea668c7bd381149880c4aa2a5b9fc1c7765f9ef1cdf05c2612a5f1822fc4		
1465	Red-col fg-alpha Print/print output/layer_204.png	raster-fallback	0	raster-asset	58d0f8f2e0657776d617084b2e19bd99eb7e8cc272eee2b39b5f12b4e8a05253	15514b36eff3458e5627a16ac392daba67141ff10c6f9c67930d30abe0ce6c13		
1466	Red-col fg-alpha Print/print output/layer_205.png	raster-fallback	0	raster-asset	5a67071002b27d04270a559e27ed24a463114111f862ae95c56d7b3413a1b7df	e0608d107f7999995434fbc5d79db4c6397e2e24d904ddd213cae6976d49e440		
1467	Red-col fg-alpha Print/print output/layer_206.png	raster-fallback	0	raster-asset	5ee87f9a89bc4c3af16b91a01f070874f4acc895630d510b3a9e52180f82eb56	adad8f5990ffd0a8e342208a7958b3edfd5a77eb91fde4b29eb7fab6f8b094ce		
1468	Red-col fg-alpha Print/print output/layer_207.png	raster-fallback	0	raster-asset	12dc001c09cd4b926479df64be426ea031bea0166df4f18606fab93f95f1542e	62d85edea90bd292fa93e76f62ad184f48526a29073765c304a228043e14298b		
1469	Red-col fg-alpha Print/print output/layer_208.png	raster-fallback	0	raster-asset	9e37aad65b1cc13c2e4f3180e6ebd794e98fff5992b6c3d0ea3ca96cb118f024	c86c064b06c4e061a5051abe03987540bcd715143c7af06915f2e38de0b0ace9		
1470	Red-col fg-alpha Print/print output/layer_209.png	raster-fallback	0	raster-asset	da593dfa1ef12308b478b68d55645996eb6f8dc9fc038844dcd30a03a88ba854	70b097f7efe3588c0258f58a987ec6460d12d89514e1c2b95d8755c708a5b29d		
1471	Red-col fg-alpha Print/print output/layer_21.png	raster-fallback	0	raster-asset	2ca157ca1912a74b79d0a76787b597ea63450a2cc677b9e5a35453124bc25b33	7f94d50847fd048db66f493299d1c3524be9192be5fef1801bc1163759ac9685		
1472	Red-col fg-alpha Print/print output/layer_210.png	raster-fallback	0	raster-asset	a6cc3db9411458c0aecf45a4a240a3c0e471aeed5e5bde0bf36b061d08f9f5d8	190fd1bc1fdac0504292a1b6dcb37825c5a8d547360f51d9edd5c43df67ac32c		
1473	Red-col fg-alpha Print/print output/layer_211.png	raster-fallback	0	raster-asset	b67fa6e98c191e38fa0380f3a220cc6b84a81157603e4082ed4bff395f0b592d	b6c123c8268973b9ba304180648ea86d19da286b3ccaa2e691cce633313b5a2b		
1474	Red-col fg-alpha Print/print output/layer_212.png	raster-fallback	0	raster-asset	40fc69db7372ec80ca3d20d41138909eb92dff02c3ee2c494771363389d80b3e	fa93ea0a0e8ce031ce424c41e2ab9b3e51094fba16482372927affc0dce7b685		
1475	Red-col fg-alpha Print/print output/layer_213.png	raster-fallback	0	raster-asset	86ce1abe2a7697fadcedf2dc7e88c1062c2f010cf3677744adbfd03836c9bb9b	d52a2e814883cd30fc5fc37dd9d9afd93e8d249308ffbb66d9635db8b14fda69		
1476	Red-col fg-alpha Print/print output/layer_214.png	raster-fallback	0	raster-asset	01f3f0040d1dfa7b329e8803cfaba7d33641a1fda32294a32d8700e7f937cce1	ebb5ae7a414b791dbc841eb6188bc0b8f02fdc3a81b471214d759e2187e8881c		
1477	Red-col fg-alpha Print/print output/layer_215.png	raster-fallback	0	raster-asset	e833fb39b82ea95b40dbf684ce7a8c37bad84df4a4817dd6e358dc4bb3c0eb96	c7966451fd0c692a153078824134aed09398843b53ff13d58833ec78cd37193d		
1478	Red-col fg-alpha Print/print output/layer_216.png	raster-fallback	0	raster-asset	70ba43e5e8c9f4852620c5bc2c000d10598068b83b393f71202bbcb701eec1cd	54b286b88a873507109646ad44a95ae3c374b3cc3a27fecdae47f2a6ef8713f1		
1479	Red-col fg-alpha Print/print output/layer_217.png	raster-fallback	0	raster-asset	2980d5474198cef0dfe5ab24a688b67b3452037d21e02e8526e20c6e23da7015	9e0e30c4d0771b710b2b41853e81d8f66f15496c1ebb58550612ba418cc71b37		
1480	Red-col fg-alpha Print/print output/layer_218.png	raster-fallback	0	raster-asset	0d8702e2d79e9695dca60bc2b059b3878f6807f78f1b74918f1a91e5bca2ff10	59631ceea928776544a70e76b22d2c218fa1e4f74fc93ca8bcb40a270c793296		
1481	Red-col fg-alpha Print/print output/layer_219.png	raster-fallback	0	raster-asset	126015828904f7c2b18add74d43312962db358f404e8d4aeef009a8e671213d4	6bf62d51620e44bac5cf955c90f01c8aa81f7f94b13b915f036e2fd14b65972f		
1482	Red-col fg-alpha Print/print output/layer_22.png	raster-fallback	0	raster-asset	067b2777718ac82419f262b545fd0711a8bffe2511f958d3b01eb2dd842a9e59	08d289b0e2746c212a79e77689cacf5cb1c24cae0c24f62e06a7cd6ad06df70d		
1483	Red-col fg-alpha Print/print output/layer_220.png	raster-fallback	0	raster-asset	51906dbf11bcd3d97df23ae787891094d8ac49513a5b50c4650ad1d0c36e5ea5	317b0c8155ec27a2aeb38dc0f153359d219116e8487b8e5fe85690d2aba3c1a3		
1484	Red-col fg-alpha Print/print output/layer_221.png	raster-fallback	0	raster-asset	9aa0376fefdffa24a23673351dbb6bfc92ea9c8313e56f4a6abc0d6f3af45017	a26b517c6c35d680fcc7a9a928d773160f788edcf2fca7827dccbc64823db4b9		
1485	Red-col fg-alpha Print/print output/layer_222.png	raster-fallback	0	raster-asset	3fa9814b95980889c8361708e58d7574fef7da5311e0607d79fa1fe6feb5c99c	6c95f2b580d185933a06f1550662905f6cd62cf2bef379f038d6836f3b7179c5		
1486	Red-col fg-alpha Print/print output/layer_223.png	raster-fallback	0	raster-asset	4c43a627b54f32f2efc0a510d7ba4c1e0160f4d100a56be5786142c072adafc4	901c0b5e1d3101da8f26e737408a482ae081fe300d9f37c400a9d5b5c1dad8ec		
1487	Red-col fg-alpha Print/print output/layer_224.png	raster-fallback	0	raster-asset	d89099209c5efa3683eb374a58d8d3c94e26cbebb3816816a9667063a04e09da	18434ae66fe4bd2c6fda68114e2029beb4f24637ba57d54fcd4a72a2cb88761e		
1488	Red-col fg-alpha Print/print output/layer_225.png	raster-fallback	0	raster-asset	0a8d58465d41419a167cf39ae228d73559118c915d2caceaa3232635c4a3ba79	5cc3236287f988dfc38da2689f07fe5fa4075c1a4ac6148b400f288786f31f8d		
1489	Red-col fg-alpha Print/print output/layer_226.png	raster-fallback	0	raster-asset	9fc93a8aeaed9569405c663c4c0dacb477a59742674540e9a6f37c286cfbb0fa	61c6b1ad9decd1d5f3e05851e6cb28f9844bf21f6aab41fbbe3d78519a9211b9		
1490	Red-col fg-alpha Print/print output/layer_227.png	raster-fallback	0	raster-asset	cedb035449e70aabdeaf124201a273e350b97c55168bde66811c8beb56bde9c6	aa29428827317015f81ecad6ecb0e18a2b3f002369a47001b67f6f6b8366b5ac		
1491	Red-col fg-alpha Print/print output/layer_228.png	raster-fallback	0	raster-asset	16d8b47575693d1b93a7c83347890fa9137ed6db530d146ad6d0c98e7e8d912f	09725407c49beff9d861ed79b16e3ff419beed186409612cb67661df34116583		
1492	Red-col fg-alpha Print/print output/layer_229.png	raster-fallback	0	raster-asset	14e2389277b520f52d567c600ec5f2d532023f3e16a3d70d7e7931ed1d7ccfe1	54f6e6c813fd72950033b292a1aab0830d43e3d0379d65a12a2cd730c9b3666f		
1493	Red-col fg-alpha Print/print output/layer_23.png	raster-fallback	0	raster-asset	e7590ba7c0bf74ab3c5194477c2cbb75b626b8b5f928829e9d4fd5c056df1d4e	af82cfbc8a0db46332dc8c29cf76f48c395847a2ded75f55cf48dffd7eb6f783		
1494	Red-col fg-alpha Print/print output/layer_230.png	raster-fallback	0	raster-asset	78879294e031fd83e8b503363ac18254c9c39898cab10a7d4ddfa7affcf84084	bfecc9dead47921295d2e15e2f6637beb4f1e4098ee473e1f528ba3346b206df		
1495	Red-col fg-alpha Print/print output/layer_231.png	raster-fallback	0	raster-asset	3cea776b4781ede936d28d8e46c27aece6abf1862504139594cc2e6745643bd9	4a5bb4269a0f9fade3749926cc7814de26fa55c3a3a99b7f549816230451dbc1		
1496	Red-col fg-alpha Print/print output/layer_232.png	raster-fallback	0	raster-asset	134aaa0493771f9a2eb9b476bf878b9cae5f9e89787f537c6ee9b18412e40744	6b02fdedde0e78fff11066128f09fb56178e87384e4d8b37a5d501a8a484e6de		
1497	Red-col fg-alpha Print/print output/layer_233.png	raster-fallback	0	raster-asset	53183d8b3f5f2f68445125968d92fadbd0893311f76637fd5ba4b8c17c96582a	c467fcb6b860dc1eb5df7865a4bb880f8e07f81fb767fe1193f68ca3331d95ad		
1498	Red-col fg-alpha Print/print output/layer_234.png	raster-fallback	0	raster-asset	7da930442b63b12f18290c2e26872c35ede4f00a85e4fa924bbc56df65c2fde8	36d1e4668cef33eb832d19f72887e401438f44fd9ce536e975cb2e36bb00f133		
1499	Red-col fg-alpha Print/print output/layer_235.png	raster-fallback	0	raster-asset	060407f28408b967a266bb98d7e1397fe287d33cd2c3ef6c7d18110f9b4b8fe0	12716bbe54d0c18a25ea62a4032f9285fd7b7f6d02e1a770b6455558bc6f8b97		
1500	Red-col fg-alpha Print/print output/layer_236.png	raster-fallback	0	raster-asset	c4798d002bc808cc06bbafcd1cc2ebf61d06fcb5d565cc9878b821c57659462d	72e50a38926421399d9d5d3b4cf41760da16a94928f0f541f10f72fe1fcbf292		
1501	Red-col fg-alpha Print/print output/layer_237.png	raster-fallback	0	raster-asset	bc644252a423c487ceeb3000c30e676d270a32c31393f1a9fd273333581edad1	9ae6fcd1b84632d68f952129da18fbba5a9947d3e57e825c6be846e43376b74d		
1502	Red-col fg-alpha Print/print output/layer_238.png	raster-fallback	0	raster-asset	9c2fdcba4132f795953c0dfa3c9cad28e60df4f0ce4a31db47e4fb9f24b60207	47a768cb010a39788959c86602f315e30ee0d607d1682e4e9cc42b14989e576b		
1503	Red-col fg-alpha Print/print output/layer_239.png	raster-fallback	0	raster-asset	39a1d5d7b6851c955f41f91f32f52529991e3c8144257a52b0f34c9eead53e3b	22b23448fed6f375d7a3b5e814a09d0b1479c015b699d20795ca656e086a9461		
1504	Red-col fg-alpha Print/print output/layer_24.png	raster-fallback	0	raster-asset	52f688d604d9edfd2b5e32394b994966ab1b5c2f18461ba98c8301b57b917f0f	59ea288efeb7841cfb518f7614d8c8ddabbe697bd49de812704ceec5e65aee83		
1505	Red-col fg-alpha Print/print output/layer_240.png	raster-fallback	0	raster-asset	cee2cd2432d203b0b77c15fc9bb3c08ff6d47f7a0318dc9c33f3e94a783fe884	19cc680ba739ecf061c2e066b36ed7017162355fa06d5e9733f92bbf9d8a5354		
1506	Red-col fg-alpha Print/print output/layer_241.png	raster-fallback	0	raster-asset	fca730e6125ae0679d4c8879b368bec6963fa0cc5937b02411f7d8c139713c31	8579678f39fa5d23dec7e5f98376f80125778a7ae6e393ff82f0e01826361e67		
1507	Red-col fg-alpha Print/print output/layer_242.png	raster-fallback	0	raster-asset	92a5f417aa0de33864de72c115f1ce890e5e249e6047a26536b3716f585cef23	3ac3959f351cd151b5f3e42de3da7285b45da841725c7ff9b60aef5bdc7e1b02		
1508	Red-col fg-alpha Print/print output/layer_243.png	raster-fallback	0	raster-asset	c6c9ac0354cf04757f923b0fbd544e698536268b03bec48a811d9d9839920d06	17b12d927eb14b013f90c8e5a0dfd8a6e74dec90622848a2f1ae012ceb6e89b7		
1509	Red-col fg-alpha Print/print output/layer_244.png	raster-fallback	0	raster-asset	2ca9298a5ee539e1fe7657885880e3d2b3c81c8d2ab309824b63409e050260aa	3e19d8dc67368ebb1c1ddf7fa10b84ded34828c74b71349272015afe61d85051		
1510	Red-col fg-alpha Print/print output/layer_245.png	raster-fallback	0	raster-asset	f522f8fb8be0dd626eef9c31f4fb952fcb7d3ff0076747708b1bdf89f14e40b9	6f6973375cbecf3bf35219ee88ad6db8ef214f5fa3847088b66ec403f794772c		
1511	Red-col fg-alpha Print/print output/layer_246.png	raster-fallback	0	raster-asset	85c7c3e6bf2a9674cbe4498bf083eb6938d2120fe92ba212d13cb89aba7d0da9	5a17c5b68d3b3d2c47c83a3a2add8e873ab3fbd69bf57ffbd270a9bd0c8acad2		
1512	Red-col fg-alpha Print/print output/layer_247.png	raster-fallback	0	raster-asset	aa1cdd1b82ccadc5a173da5b27211be0a9343bc490d5da79175256402889e13b	d7f7788a5943e035bcae2aeeaa088299ba30afcfaf71f01676954857ac6d84d6		
1513	Red-col fg-alpha Print/print output/layer_248.png	raster-fallback	0	raster-asset	86a2fd7192c6bf8cc0b6bf154f3f49d9b6f746ad4e0ee59f66b4915029aa3e33	ec1546d268d1ac092d30d78e67b2790c78d7be6a83b3da01321fa70c9f44f602		
1514	Red-col fg-alpha Print/print output/layer_249.png	raster-fallback	0	raster-asset	1ffefa925d6f286306a7fc91223c6d9108304e875d29811e5a49ffca6fefa0f0	f18ed28d89d27fc1244996eb1ab2bcbc0ae87d7d7da69eb8275ea074f9d25c43		
1515	Red-col fg-alpha Print/print output/layer_25.png	raster-fallback	0	raster-asset	5322d847531fff301b40ad6bb970373569f277fe46b8dee2ae233dfe03770b6d	9f79826d834ac3c25944eb024beb131799a51045291dbf06ab1bafa6daccdcda		
1516	Red-col fg-alpha Print/print output/layer_250.png	raster-fallback	0	raster-asset	c0b9e95a90987efb94aca7e1fb1bea733bc4488859d1a006f4d10d7ff8fae78a	10fde7b393cd05e85614eea2b72e2315f6f2abd90d78fb54ad0907746f265ef6		
1517	Red-col fg-alpha Print/print output/layer_251.png	raster-fallback	0	raster-asset	bcf0c9f09c16645bf8a324764a92c7af8cf0bd4155f025c24ba2e88cc5bdf8b7	95b3b60dbce7414555bfa99117e9f687b6e2cf35a1ab78ca8e43e0eb28a77700		
1518	Red-col fg-alpha Print/print output/layer_252.png	raster-fallback	0	raster-asset	e11cf99e49568d355118469a49b916388fcdc13eab7f2fbb7958be553a0e71e4	329109d28c4aa3d8790896483840f1605813e93b52a10354ab47e87f9824b908		
1519	Red-col fg-alpha Print/print output/layer_253.png	raster-fallback	0	raster-asset	e728ac71376aa8e3bc002dd6b716a046212d2a6ceb3bab32f718c5121153a8bd	3a3609328aea70e157166040a78804be087be70cc89b2d9f4ba34b7beb267fd8		
1520	Red-col fg-alpha Print/print output/layer_254.png	raster-fallback	0	raster-asset	be79df9d63cc20a37219cc331035b3b302aabca63dedf7cb29cf0de0394737e8	b9f7abf31018b8532b8fb2d4fa54b0b0dacec6bd910633ac6a58cd4502157979		
1521	Red-col fg-alpha Print/print output/layer_255.png	raster-fallback	0	raster-asset	ac521177cbd746f2caeabf7eb322dc8c7327eb0c239392292f2ac9df370cc775	644b7bf7d57a42aa84da2bd6117d6b33c99c12fe9aa942e466e5b641be0cd60f		
1522	Red-col fg-alpha Print/print output/layer_256.png	raster-fallback	0	raster-asset	3c64a45ff971458bd4e464981c2a95f33bcda143818e3ca6a70445d1e8dd7df6	a47536d0054d62bd9e84ef00e1ba9b6bc5c64508272e20d073e176e3238bdec2		
1523	Red-col fg-alpha Print/print output/layer_257.png	raster-fallback	0	raster-asset	18ba0fe0ef1fef4788d610536d5c3b7bfd51e448d5eaff44b84ab01edef2d0bd	af080b103aa39288e5ac2435a0f6b9de9024b8d5f7929250e49c076a947b4298		
1524	Red-col fg-alpha Print/print output/layer_258.png	raster-fallback	0	raster-asset	ebb5b43f4d8179d20596d985697ef24093cd6a274160ba7b932892990ccc9655	9593f9aaefe893347b9b78c367d969c74edff26d74cacf517e6f9911503608bd		
1525	Red-col fg-alpha Print/print output/layer_259.png	raster-fallback	0	raster-asset	ebb9ea5b7611c03a0ce9a4bddd4a8f7cf822e950034e0689ef011974176346b7	f722770810a057fae8981bdf1b7ea5a1d8e8be74f4837004af4bf1fedabe1bae		
1526	Red-col fg-alpha Print/print output/layer_26.png	raster-fallback	0	raster-asset	c24fdb253a9761b6c8ab32a30b06911451a7ea03f9c279730fe25b4d51f90f7b	349213e54614e5982f43dcb6291ddf1cb9ec91c7cf89f4ad2245c8df64555292		
1527	Red-col fg-alpha Print/print output/layer_260.png	raster-fallback	0	raster-asset	eb1f19e5fd2e6f1cca6856295694f768b0b3dacb9cd1330029afa6ec3463300f	c53d3a1c76c95f0f054c13f51dd9ee2c67c6eebb51c81eeb793595d1ca9d2c40		
1528	Red-col fg-alpha Print/print output/layer_261.png	raster-fallback	0	raster-asset	27ac57fb9b0068a4a6bdc3010d116344f2e27f6a4453a797e651ff62c98f7514	11cf3cdec0638d779daba4868e098be9ab66729456158ba64bdb14cf71307fbf		
1529	Red-col fg-alpha Print/print output/layer_262.png	raster-fallback	0	raster-asset	7229f2d9fd9182d6a88d576b4b442189c82566e357ed16a809a66d0cdec9c98d	a27f3fe79118a912848b813ac9ca2947606294153d2475c80a3f586c89de0d78		
1530	Red-col fg-alpha Print/print output/layer_263.png	raster-fallback	0	raster-asset	89659ca25b38727113eee03c0323dceb8926f0fb5c36f20b0bffb60bfa02bda4	f107268baa1aec0d1e1126a6cea6e0a94b3bc64c96aaba3b88f0ffdd252f16a4		
1531	Red-col fg-alpha Print/print output/layer_264.png	raster-fallback	0	raster-asset	4c3ccd769c95e02a1aa5720c938cbaa38e87dabcd86acbf607c8cbf90273e787	158f951bfd5e46f11902428136ec48ef3a9747416be0df72abd8bbfbf1217fa1		
1532	Red-col fg-alpha Print/print output/layer_265.png	raster-fallback	0	raster-asset	6ea3d2796bf51b4f73a3304b5ec98ec78281ff9f389772e39a56cc50dedda496	4582421c31d94a7602f0a608daa9d1689e5d7ddade2a0760ab426acbfb49c228		
1533	Red-col fg-alpha Print/print output/layer_266.png	raster-fallback	0	raster-asset	596ac8d2fa1cdeb67e79c47ecaef9f69ffa5e332f1d96a420463dd2ecf3dd5fe	fba8d3e88a015147d171b133588a8aa8ba4fb2a88ee8485c6aa6c9cb07452468		
1534	Red-col fg-alpha Print/print output/layer_267.png	raster-fallback	0	raster-asset	1fe26322d74dfa23058377b350f228858135c339fe7a03fa0a4427b304668698	2c1cd6d300d353b244acfd81afa536d586f639dbd916a56b054d906467a93aca		
1535	Red-col fg-alpha Print/print output/layer_268.png	raster-fallback	0	raster-asset	0a086fd620e784e736d3bf43e6d6fa6a6ed6f542c5bb0a0e7c5add4a0da86ff1	b8bb6fe0b441b7c9095a01caff19f689d5a219aa88c21c864e0c6e8acb5c1b10		
1536	Red-col fg-alpha Print/print output/layer_269.png	raster-fallback	0	raster-asset	4319255687cd99dfc4e4bfde27235d5a22976af0056330aa6a950ae426281112	88ed21ccfb5c58babfd6dd21750fec84b1a78c120aaeac353b30ad90557d5fd0		
1537	Red-col fg-alpha Print/print output/layer_27.png	raster-fallback	0	raster-asset	7698fb9621ebe42665708f13e2e83dc9a9f5ddc69d4f040f301984634c621f81	79a5c740fddf33e9da79b9c29914cbf395c523ca88c556df9ee5d2967381e6b4		
1538	Red-col fg-alpha Print/print output/layer_270.png	raster-fallback	0	raster-asset	0210898bcd485ed9bf11410ad5eb984d9763150982515184d906b0c1ab4d260b	16f90903f3b847deda587c3a188a8e47b89bd90eaaa9cee739d7304908ba0c33		
1539	Red-col fg-alpha Print/print output/layer_271.png	raster-fallback	0	raster-asset	d801094ce515c37af4685f163bee7b47adb655b308d99eaf21b9196c6ead234c	1ddd5986cb0e4d4d3ba88e70732508c9a3f64ab7dcee653b0da056a139ef648f		
1540	Red-col fg-alpha Print/print output/layer_272.png	raster-fallback	0	raster-asset	67a1ee0f7f253af19bcfb1c74dd3eb41413b3dec0a2ce60e75905b9012bf88e1	c22ec63b6448f5fa9c47775804e96f8aa759db2e63ef8c3393024cb92b93dd1f		
1541	Red-col fg-alpha Print/print output/layer_273.png	raster-fallback	0	raster-asset	483414f7ee93579e9d5cf019ed283bc633c32deae9189fd43382c1c5ea54f38c	a91d149ab39ebda545513c7ac879f41d276185fe39cccd2b0da12eef3deb7a86		
1542	Red-col fg-alpha Print/print output/layer_274.png	raster-fallback	0	raster-asset	11279ca67591977beb0b288e87dc273cdb1cbadddb03131a385e59ac0975ea3a	dcb43346a75aff52d26758754b885f2219238e378f4e905ad76f6b8636b880b1		
1543	Red-col fg-alpha Print/print output/layer_275.png	raster-fallback	0	raster-asset	74756af059e0e9963e03b4c9961aff905bb95cd1828f278a50342dc6af59edd7	a31a58062ce1d41e8e71b6b6bd038be5c56cc98de8f9888dc5b1d8780123f82e		
1544	Red-col fg-alpha Print/print output/layer_276.png	raster-fallback	0	raster-asset	5e6ecd356833561d681ac3d0369302ef323e72515a48637f7cde135d704b54ad	e306375bdc63cb823039e9162d175aba8b8fce79e9bc9645aef5ed7ac1b8a287		
1545	Red-col fg-alpha Print/print output/layer_277.png	raster-fallback	0	raster-asset	898276e184bb34217e82a6acbdda2794ac4eb2a18f93d2d3aaca2df0fd9084e7	611add568c2a35a9ab7b2865f23442aa39622f6133208d68c4d5b390652519e7		
1546	Red-col fg-alpha Print/print output/layer_278.png	raster-fallback	0	raster-asset	f0e751d08fa2c38608723cd274ae4a1ad0ae73389781c6a5869f3259fc3c6822	2e7e61582e69484d74176154a1c0219d5079407ced641b05d1891c596bb1ed7d		
1547	Red-col fg-alpha Print/print output/layer_279.png	raster-fallback	0	raster-asset	2f7d208229e9685604760a65824dcf7a6772d69dd59dc7bd6b4693a7ebc55d1c	68657b7a0581aecc32f8789b8bb3bc3a628d8aae27b0d8fcb22d9f481bc0bc04		
1548	Red-col fg-alpha Print/print output/layer_28.png	raster-fallback	0	raster-asset	c3ed48eaed0df8f45cda7536a0efe252b384f8ab92198218fda8445fdb46379f	e7d97e6e20ab6c8e1c1428815b325ab0e21b7530163aedc8fde1bf0eb08d5bab		
1549	Red-col fg-alpha Print/print output/layer_280.png	raster-fallback	0	raster-asset	d3becb575025d17a7db1e90f4f91dbd3f7dcd16bda59dc8dabcab3dbccb0c92f	530c3e3206aea1168120af6d077244d4950743d0b4f776d98cccea3aa8033ac5		
1550	Red-col fg-alpha Print/print output/layer_281.png	raster-fallback	0	raster-asset	ccccddf81741b156c3d61e6191bacefca649c3b08f6648aff45f0b3c9cffab00	0431b0806b22d1770377fda900269e4b2a4156677c89b565a0ebdf4394b53e67		
1551	Red-col fg-alpha Print/print output/layer_282.png	raster-fallback	0	raster-asset	83466731883c05a37fe4cf2f04f0983432b59f6a8ab0ad60e23173912691f313	41a0d59eb939cc91310d8c3b86346d9dd3c4500f0ef1897a4cac5f035b54c952		
1552	Red-col fg-alpha Print/print output/layer_283.png	raster-fallback	0	raster-asset	51f72201ac656a4146a8a169f37ff04a3470bd86737b1b397082579a24d5f5d8	a82d8c421cb41eadf4a7daacd825a6809295e5b397c3516a3a2d488be7d78c4f		
1553	Red-col fg-alpha Print/print output/layer_284.png	raster-fallback	0	raster-asset	3ecd2c83a25ec0b6d4f7cadf71f629ea502489f27a932be82f00f778183dcf30	70a170f22e9da53765dca84610088c63c35e617d38ac9239da1e8072ac9fad8a		
1554	Red-col fg-alpha Print/print output/layer_285.png	raster-fallback	0	raster-asset	a8b55466d72d9384b3995b54b051b6f109650a32154f903b6ff04eea7df47430	981c589bd754a023cd312c50f48ebc7c7be3cd152cc51607be41e0bb9716c50f		
1555	Red-col fg-alpha Print/print output/layer_286.png	raster-fallback	0	raster-asset	5945a358102a9bb5507d226fbf0cffd855843bf19abefe84d1f87785f6b96a24	abbc8a91f3d6af70530964020c37a0a5457269e45379615591759577a449b1a4		
1556	Red-col fg-alpha Print/print output/layer_287.png	raster-fallback	0	raster-asset	5cee0ec2eda4ff408fe39b42c13ba31894e09db08ab6c6736271135f3714b9f0	494d3bd62e3ea76027bc53ae63f811cb878413a8dc63e7927b20222a49756a57		
1557	Red-col fg-alpha Print/print output/layer_288.png	raster-fallback	0	raster-asset	cc5e28c9592d689e4c0530a813cee98af58c7e45d7038d6c8145c70f6becf972	9bc17908b127ef6c228b84deca35a70c6e78de563d2cbf6dd91ddffe5dc2f8cf		
1558	Red-col fg-alpha Print/print output/layer_289.png	raster-fallback	0	raster-asset	96d223a839f11958075a267679e166b3e8d67982f7bea35dac3b7f4fe4a1d8c0	40d7744e2e0e9eded59712bde1b5f7a92ebfaa16de648ffbb154e14cbeccb5eb		
1559	Red-col fg-alpha Print/print output/layer_29.png	raster-fallback	0	raster-asset	992316e4e2539d8fcd5d8fabebec0431c12457d9a7bc3ad23e908fa7bf7533ab	be7910252b676230f65db3ea4b58fe815f56f5bdba4754fd4db00b39e78f4084		
1560	Red-col fg-alpha Print/print output/layer_290.png	raster-fallback	0	raster-asset	631bcca236a604d794f90e02b361f2d5284e9abd91cc644275c3eff5c22c2c01	bd9cc8949ae12edeefed1966ac308bd1fe070512bc416be408bad343c66ae74b		
1561	Red-col fg-alpha Print/print output/layer_291.png	raster-fallback	0	raster-asset	b9047308b24924f0542d7e1095ca6adc438e7584e8746a00601e5423d538ae14	57c2b7f62dd0ca67df11a8e52146dec16f70b99cdce037923500002a05bb295f		
1562	Red-col fg-alpha Print/print output/layer_292.png	raster-fallback	0	raster-asset	36aca4f202b4e283245b60bfae21c36609531a9964cab412e828a2f1d59a0ce5	61f9f319c657b1314a1b31757e9a0e85a815682851729872595df90e4aa726e8		
1563	Red-col fg-alpha Print/print output/layer_293.png	raster-fallback	0	raster-asset	7127dd3c7107e2655988c58b622c613768a5eee4dd1e18d4e42d31c2e7c14f87	d8307697b87bf92a47347df91deb3d957ad4505010b258fe1c7d356796f74ad3		
1564	Red-col fg-alpha Print/print output/layer_294.png	raster-fallback	0	raster-asset	5ac7cc4d4bd687fe5701e740f6f076e1c27baa2aa2d95a83bea2972bcbf403e4	7ce628ebb06670189b6bbdcd39c3a24f13ad020d1ab9bcd912fba8092acf5d9a		
1565	Red-col fg-alpha Print/print output/layer_295.png	raster-fallback	0	raster-asset	b1013d3c36e043ec6b1738a8d8a5e3e69d65945b82ffe52110fd1fb647a3c638	dc6874e302265fc0e2aa0aa3befa788b8a365cd771d784b133f5c2bf17934bc7		
1566	Red-col fg-alpha Print/print output/layer_296.png	raster-fallback	0	raster-asset	ee510c88ba72fb931a7500d6b1d6c8d2776244b81ca7144747199e30df37d389	947d84edb7fb26e3b23b18bfc62260bb18109024406a6a2dce8b2392f459d75d		
1567	Red-col fg-alpha Print/print output/layer_297.png	raster-fallback	0	raster-asset	a4d3ffa348455f567afbe9821f39e8df16163b1652830322cc8c4c0432a5b032	74a0f23530e58a517cbd807e1a8c08ff37690fd2d948cb3b7f88b0d43beb2805		
1568	Red-col fg-alpha Print/print output/layer_298.png	raster-fallback	0	raster-asset	eed8aa74bda9b8017ee500a0e0e754b59201a6735f7db95ab9345014a1ad1444	1188c912d214f476aca0402770c64d30baa42e8bd258f98a0735fa0b0880b318		
1569	Red-col fg-alpha Print/print output/layer_299.png	raster-fallback	0	raster-asset	937e3e76408e431c2837c543e1e3ca99df558987cf06bfda91664dab892048ef	95f54cbd124683caf9bb4c9ab439622b515980aab7cf5eb9ddea408347ae0fa2		
1570	Red-col fg-alpha Print/print output/layer_3.png	raster-fallback	0	raster-asset	ccdaee383ebb130f9f955312b6ce9c9c55434236bf3ad8007bb50b21457310c0	744a239488ddaa79d394a7924a73c6b89ced2d18b47f8e4deea0c052df929b3b		
1571	Red-col fg-alpha Print/print output/layer_30.png	raster-fallback	0	raster-asset	3fd6b7565a2f1a2455ab5ed0db8deeb47bf89014d7abd2dcc4003ef3b687e280	e973c92c029fa7e68de5ea6ba30da3635da2405272aec7a3c03bccd915184aef		
1572	Red-col fg-alpha Print/print output/layer_300.png	raster-fallback	0	raster-asset	83f7b6e5bb575b4078b935330421f270fe8e41f4d68075c3372d0d0ea13d5dbe	09004ea74b91864eb319b2445ba64c8716545c94bdef20d5a7b4b67ccf6b738a		
1573	Red-col fg-alpha Print/print output/layer_301.png	raster-fallback	0	raster-asset	e5989474351a447efbcf09ea6b2ef6d903b6d1769a6a857df46c532df62e61b2	f9f955c99e69f9cfbd78698ed4850726bc033a5cf56ebee1c8e78699af404370		
1574	Red-col fg-alpha Print/print output/layer_302.png	raster-fallback	0	raster-asset	06d6379a7b5f28aac168b402917b2a3fcb1c5988748de35468bd7c0ca7e3d81a	8191bc3d383194838361701987facd52338a8824517c80fcb1a98272dea2f8bf		
1575	Red-col fg-alpha Print/print output/layer_303.png	raster-fallback	0	raster-asset	86657ec9a4ed4d7b503c70038530643708babe86382320dd11f79f7d0aaa253b	135a5c423ac9ae4688e5292a9fff045be08c327b1637bade9e9b4967313655dd		
1576	Red-col fg-alpha Print/print output/layer_304.png	raster-fallback	0	raster-asset	34d09849e5748f023a52884dfa50c367a042b14c04e8de3819ccebd65c695dad	472e1a3fa64de404e850937d24951f674c4dd6e61cf2b2bee98be2fb5992f0f3		
1577	Red-col fg-alpha Print/print output/layer_305.png	raster-fallback	0	raster-asset	29193c423997c46b7bc4aa5b3a7f07da6cba8b9382004593fcab89f4d2cb0451	79229a3c9444f2f31c00e12bba10889f35cd704691c1d2c1ec21da42152443a9		
1578	Red-col fg-alpha Print/print output/layer_306.png	raster-fallback	0	raster-asset	17540dc792228a3224ad6c947943c39c115a0b8fcae387fbea237ad88473d8a3	46284878061e060dc1a00e4dd07451c444d922b48dc958f3b6800dec70996558		
1579	Red-col fg-alpha Print/print output/layer_307.png	raster-fallback	0	raster-asset	cc4337e8c2dd23414698c706e406076821a8e6cd1db7c122cb1f29269d177286	1341de5e081af008b791b69e4fdb6b78c33d4f3cd734ba96a7785defd328fe8c		
1580	Red-col fg-alpha Print/print output/layer_308.png	raster-fallback	0	raster-asset	e06b02e61487498d6af96788310cd98ef77e91c6b8030de4d3301069ce19bf86	ce9b2ba1a3fe34558a78909ffa07b33428d5017280b92c3013ea77e02a279038		
1581	Red-col fg-alpha Print/print output/layer_309.png	raster-fallback	0	raster-asset	a55f8bac8df43eb40a7000305196433ac6f642145c0de1e92a2ccd7d0848abca	adb094bded110fa023b3f3d1f754feed6e7d9c8a34c06ccd22509f1e262ca492		
1582	Red-col fg-alpha Print/print output/layer_31.png	raster-fallback	0	raster-asset	8c322741f00d9cc7d26e86428c17a513ee180b572ed0bdeee94485052e9e2d7a	a2e2ec8bfcff321e38b4319cdc23ff156b44c7c82678977e475807b050ae2768		
1583	Red-col fg-alpha Print/print output/layer_310.png	raster-fallback	0	raster-asset	821c91d1cd7fddc7de78b763f4cabf8641f31d6a1f2d7633836f008a46e9efe2	9ed04593b2ba527b261faa7c9446ebd18b74b9b6d43e29e75846930cb4831ac5		
1584	Red-col fg-alpha Print/print output/layer_311.png	raster-fallback	0	raster-asset	7d790cc9704640be304ea2071f984f31e8a9e4a9327ef12cd4335552a0801cfd	cdda1a5f6d59795cff6a5d80e1982ba559bcd40a0d5cb45d12b22551a72322d8		
1585	Red-col fg-alpha Print/print output/layer_312.png	raster-fallback	0	raster-asset	011c2ed39e0f47246491ea3c8056557c3fddd5a07f3bd2641cb30bdbd583fa8b	d57fe82743e48922386fd646ec883b2e835a0011318a72fb58704d838c58e6ea		
1586	Red-col fg-alpha Print/print output/layer_313.png	raster-fallback	0	raster-asset	0a0967859c141c0b73b0f3722d3b1b5669668a72a729c9925fbbc876800c0f69	022b1105dbf6930846c87007198b4720ef9424870cc915746441367069783b50		
1587	Red-col fg-alpha Print/print output/layer_314.png	raster-fallback	0	raster-asset	faa384690f087773a90f2666806d437607ec8d12ad8631ee5c359699b0a5205c	29f7104d26d5f300a5bc41f5c2ecd8b9146cb762949a2b30f8b850103d07206a		
1588	Red-col fg-alpha Print/print output/layer_315.png	raster-fallback	0	raster-asset	dc73c9cc710e3fa721029b5360b3d989c2ed36310c2eb460846d2dc17c447bdd	d35c725e378dc3f8f9e81ae69bb2b0570a5dd67fea9100280dd05d12dc6b81c7		
1589	Red-col fg-alpha Print/print output/layer_316.png	raster-fallback	0	raster-asset	4b9d489249d7466f3772c611a5f142e7306285c00872f0a5f30b2ec89fce7308	9d432535a56583a4f28ec4bcb7ddebb85652354b7ef436a6b481877589019fb6		
1590	Red-col fg-alpha Print/print output/layer_317.png	raster-fallback	0	raster-asset	6fab846410d92e2bd0d28cc12c90193109bf6648fb0d0bb4855dc0f1a055dd17	2d216bd8696957327b7464460b8d4df2aaba943d6e0662a3cf919345856b931e		
1591	Red-col fg-alpha Print/print output/layer_318.png	raster-fallback	0	raster-asset	f33084d153f11a301b0e753c4f450835be25abd9c7344857f66d3faeea74e33f	813d362640ec6c507f3e601ab2555f412c651b18c957f958ac3c7bcaa84d682f		
1592	Red-col fg-alpha Print/print output/layer_319.png	raster-fallback	0	raster-asset	a40cf5a9789a54d213c160ebca7626f573eb96d0b7752bdb18fa6a7ba6b8329c	1a8e5c37749b6d97cc80fb854ce39a3e5617b22bcce61d65822b16ffdd450d4f		
1593	Red-col fg-alpha Print/print output/layer_32.png	raster-fallback	0	raster-asset	4915d0678bb59204c46e2d8d8e53dadd774fb172d171249e46991d0bc7041f86	fbb0e09efca3149f2ce4e763f4824a58cd39c21d38831d8bd6f668aa9cd3e139		
1594	Red-col fg-alpha Print/print output/layer_320.png	raster-fallback	0	raster-asset	516e044c0ef3f96fa953fd0d2c6f225a2741c1231aee5901aceb87c4b5d00821	dd80b8338638527ba02876a8f2b68e789cba3f4f6ab8bec504e3cdded77ede92		
1595	Red-col fg-alpha Print/print output/layer_321.png	raster-fallback	0	raster-asset	75d16681d62504dd747fe238ee03b6858cd989b73a49581766c679d6a2f4ba39	862bcc460baae45aa8461177ed3b6f46b0e9e23d4918ea5d3057559a35742b07		
1596	Red-col fg-alpha Print/print output/layer_322.png	raster-fallback	0	raster-asset	c278a65e0db585bc618e47b10de2324f94e18ddcefb98639b18db2012109cd6d	869efd268fe9614b2eb8943479ed194a096febe60d25376007f4fe633ce6ca8f		
1597	Red-col fg-alpha Print/print output/layer_323.png	raster-fallback	0	raster-asset	88eb109712d2767c21c132bc8aac97ba987b16fe44cf8df08127cedda9d61784	9667cb92584047405279892049a41aea73f25050829af83d8367ea7bd0d08c4f		
1598	Red-col fg-alpha Print/print output/layer_324.png	raster-fallback	0	raster-asset	fc2d1abe36db480b9ef7485d688c6c8b66e07f538260af859d6c22c7866514b7	8829bba360cddb6042a1dd781662c22abaab454233af02e0d0597297ba63952a		
1599	Red-col fg-alpha Print/print output/layer_325.png	raster-fallback	0	raster-asset	707012298166facf47e6d942e0a61eb1375618a5bf0f6222a8176148719384aa	ccae01e2a3d4c9d7b017a756909e6a0f3c86a8602ad91672e921cf2238a88bc5		
1600	Red-col fg-alpha Print/print output/layer_326.png	raster-fallback	0	raster-asset	1d44f7ea810abd1b87be7a4a08d90a907951112b8d64989f35f2ed7600e38af1	f91386b2a07f656bee96268452854d4aec8e13a30cdcd78d8604f675c0a36ac3		
1601	Red-col fg-alpha Print/print output/layer_327.png	raster-fallback	0	raster-asset	beffc6350595ce2341a5c22736c330008c45f8d2b0071014070c2fe05b8645dd	7f323bb7247fc5ffc77c8babf000247647a0e0faf3639a7be798944ad45780b3		
1602	Red-col fg-alpha Print/print output/layer_328.png	raster-fallback	0	raster-asset	06a76fa4467420cceece555853d2ca51d9b39eb30cf6e2bd860db571576d0089	55790b90867038c52356731683c1be71ce62b0f84ef1a327e7967ff81271d546		
1603	Red-col fg-alpha Print/print output/layer_329.png	raster-fallback	0	raster-asset	025bb88ef18412b26ee174e3266be94b9a5192eb0e5200982887077c61594e50	6a0da03cad901eadf6b076dd6bba6d6a83c283963752d8d8927b465737989cec		
1604	Red-col fg-alpha Print/print output/layer_33.png	raster-fallback	0	raster-asset	3d598eb81400439989d35d0e84bbbe1edf4bc4ecd03b3198632589566469b724	bbda843a3a215076c51c5e2051825b596aa7c6701ed09e2990c47964ef3c4831		
1605	Red-col fg-alpha Print/print output/layer_330.png	raster-fallback	0	raster-asset	d0cfad06d7f701b5cc52849a77456aaac4ac3460c4f5f2ec9911d6350a1cfd8f	a1a4b11a0d24c4b440ef5dad16c10567e521f11b6381f1479052456fc284dcaf		
1606	Red-col fg-alpha Print/print output/layer_331.png	raster-fallback	0	raster-asset	e9a362283bf8c598853649ba3c4ad4539c37fd3d9b03338e43e1427a0b7dcc5b	c2de6381e4297252d1ae4410bbaf213a62fadd10c613f0f4e3a6dd97901ff284		
1607	Red-col fg-alpha Print/print output/layer_332.png	raster-fallback	0	raster-asset	a4d353e826e035d39540d3928476962c13a8c29240917fb4c44596279a53de70	ff8c43f7236eabf8b59e4aefd080c4af9f78a88a7ad5190f7ec4d3850a884e66		
1608	Red-col fg-alpha Print/print output/layer_333.png	raster-fallback	0	raster-asset	3d19a255400e32ade24db4468cf81812af214e90557d053d5078dd17f951aef3	045ee8238d65539c61448eda77da4c43b657c7991e539aa836db934a13b29ddf		
1609	Red-col fg-alpha Print/print output/layer_334.png	raster-fallback	0	raster-asset	0e81c979c4469da07a4481233c432e155b7e8e50a55cd8d8ac217d300575f57c	9d4c7284bfde6835066a7b965eecea303ed254f6db46bec24aab99ffe2d9683b		
1610	Red-col fg-alpha Print/print output/layer_335.png	raster-fallback	0	raster-asset	6cdfdac947be7fbcb1f251aea3381dfeda976169d7819025cbd41e297cfe8905	2cb83c6e054503cd4781cb1988833355a0b7c121fb2c9117b0749deb0259ac14		
1611	Red-col fg-alpha Print/print output/layer_336.png	raster-fallback	0	raster-asset	d0140ac804e1456bd4042284ae50bed6ce2ad18f77b2efe3d5b2746315c32094	fea9a2395da13bcb635f918573acc5cc7c4a1e584335194248b5feb542183b5e		
1612	Red-col fg-alpha Print/print output/layer_337.png	raster-fallback	0	raster-asset	1520d92d224d988a57428f71c499cb69097732a8a3be2924dffd5c16f691a5e6	e12ec7fe4461dee1e990cd515697f9ba3207410b7c99cd77c247b3b2411e8a31		
1613	Red-col fg-alpha Print/print output/layer_338.png	raster-fallback	0	raster-asset	620346ae1db93eb0b4179a10678c39ab14a60dcbefeb00d215cebedd456c9e57	3030609e5cfe4293870bf5af1dcb5a8687898db678c3fa467f0a16944249706a		
1614	Red-col fg-alpha Print/print output/layer_339.png	raster-fallback	0	raster-asset	4076161a403713813b327a8f37212db10b5078d20704f20991a9f3498b8b1077	a228bcbbd25d82f5c22120324f03465cf7e4d21c9e85e1196cac149d937f0d2c		
1615	Red-col fg-alpha Print/print output/layer_34.png	raster-fallback	0	raster-asset	2a5604199592f8e837da0f60e50b1df757927a307ee41883d56f25c19f864718	62c8beba580590d4806f39b9572f6f5eac8c390e9dd39656fb935d589a4f6ddb		
1616	Red-col fg-alpha Print/print output/layer_340.png	raster-fallback	0	raster-asset	e73966799e8bae53aea7d597c91075da9dee42955b9e5bf71b4906281b0b7fcd	f62d3ae6caa764628823f18017f3112b0afe40ef5d8c597f99417718fa4f2656		
1617	Red-col fg-alpha Print/print output/layer_341.png	raster-fallback	0	raster-asset	4601659b099682bc743c58a774b31992858ff390919dc8db6287a881280a463a	eb47f7bc5c6d702a08f8105af5c22033fba24892a649d7f4b5f99f2b8d9aaf39		
1618	Red-col fg-alpha Print/print output/layer_342.png	raster-fallback	0	raster-asset	9e822857b01dce77221a152d74748a865e17063b16875dd2ec13123246916abc	ffc819609db0d9b16225f031670110c924c693ceb7e37a7c8e956afb1f84cdee		
1619	Red-col fg-alpha Print/print output/layer_343.png	raster-fallback	0	raster-asset	aa375c5539e4a1b02317741018593c327baa4af0d635ad9c3aa4812425f5bfc0	3f681271f683a56ea576e51d10763fb438735ce3bf53eb6f64805bf221629a0a		
1620	Red-col fg-alpha Print/print output/layer_344.png	raster-fallback	0	raster-asset	5e129877d490afa2f50ec54cf97698c4305ff300dddc35e84ddc1968177e98e9	199a0f72afcb735277175f8e7a0df44e4b29df55aeb91e13c8dd12e561c9c39d		
1621	Red-col fg-alpha Print/print output/layer_345.png	raster-fallback	0	raster-asset	be093e9e498d72772f1c2224d17ace62071bddfedec94e50d669eae68ae3cb30	ac170eab1ca9d58141f260238e030136a96e2b35ad675d2169f2477c1e2c995f		
1622	Red-col fg-alpha Print/print output/layer_346.png	raster-fallback	0	raster-asset	2b925d2bc4cad2b7ea39963467e6f57e92472d4ee5132da28570e2fcf65f173c	aab6cc64869a1f5ccdf4fc99dd68c9dbe582826e4b91b96297f8f2e756cc0236		
1623	Red-col fg-alpha Print/print output/layer_347.png	raster-fallback	0	raster-asset	ecfbf0a92a45ee382bcf5b741c48eea26d8c433673e19578d1d3ae1c6bc66be3	4752641fd4d35960c95b47e5346c46f286e159958721d4929055e296586bc406		
1624	Red-col fg-alpha Print/print output/layer_348.png	raster-fallback	0	raster-asset	16f53eea117de60d68c7a3dddbf9b0b3a0935fed1e767eecc7b312923ad69e1b	90002fcabad240d562b8e5a7beb24e7aaee2fbbd650ed3f7b3866ba004c4b0fb		
1625	Red-col fg-alpha Print/print output/layer_349.png	raster-fallback	0	raster-asset	87bd5eb547c0c970cef404897f6469f8ddafd71cc852d24143479c2f4e9c6683	2f8b6fcafdb5d0717dec369362e5be2ff11a47286bbba7511ba016c5549f612f		
1626	Red-col fg-alpha Print/print output/layer_35.png	raster-fallback	0	raster-asset	02ba5e24950689eae6f07d6a935658fc14dcca1c4f1f32778c8f7f31fa50a668	b5871c8c312a59f99119db589cf281b958811b0996ee1bb61aa576e43a8e921e		
1627	Red-col fg-alpha Print/print output/layer_350.png	raster-fallback	0	raster-asset	752b595a7ae0631ac9177129eb0a71a9969cf977b0b066c6a74b18cb818250f2	913ac296c758828e78b362280ef0cb0f755ec38a5ba21b949383ccb66202ece0		
1628	Red-col fg-alpha Print/print output/layer_351.png	raster-fallback	0	raster-asset	6810250449ddba669229dfeece27ab807f8e54a34b5be6a813d4ddfe22060beb	6d41e31fafe30d2fdef13a0ae83c71fac5ae580eebc88f94d3a48de8818a197c		
1629	Red-col fg-alpha Print/print output/layer_352.png	raster-fallback	0	raster-asset	9a579dff6e85afbfde2d665ae737a3e332903828c2f9df934fe4d1f9aab03168	91af6082456d77bf2eca320e65ebf90b99d0ae0e487951dacc822b9676dc861d		
1630	Red-col fg-alpha Print/print output/layer_353.png	raster-fallback	0	raster-asset	794a5dda21c007999b12ed04c8b0ae2f5f8b463972a0c301484368fa207f7dc2	e5125ada46723f3043b580d9556e0fe230336583e87f1c45a5ca6cc24aac1cf3		
1631	Red-col fg-alpha Print/print output/layer_354.png	raster-fallback	0	raster-asset	2f7128ee370fa55eefbbc6995178a9470f91805793b7bd57c50f861dd42e5eea	ef05f7597c6f7c05fd57f6f867afd4f6689db3704cdd5ba897ceb3a063af68d5		
1632	Red-col fg-alpha Print/print output/layer_355.png	raster-fallback	0	raster-asset	56fddc98e5297ffc5f2edaebcce78e0a7f7da7395b0b54c624f8456477d419f4	3e84f5d67faa6f96b9203a5a281f6329254ca471a1a8b23f0106700bac241001		
1633	Red-col fg-alpha Print/print output/layer_356.png	raster-fallback	0	raster-asset	4d70a05b5358359b909de14596f18124e6db0ee2d9680177b8cc0e62d041cd9a	88faf61b656871dec1f42e5f2cee33bcc515424bc717c52a1b9399738083dc3e		
1634	Red-col fg-alpha Print/print output/layer_357.png	raster-fallback	0	raster-asset	c42c10d17d6b013c55eacdfb3d7ad4ab071cd8f1323c5105e2ed15e37feeaa60	5666fa269a5e4f81b7efc3c72aad04afed3882da96e0a9312eb0b26528114e67		
1635	Red-col fg-alpha Print/print output/layer_358.png	raster-fallback	0	raster-asset	898b4b89eb4612eb5cd052c5504737e26b87f8fbd3f9285a51aa988814b06389	fa42db5f6cdab3a06eed12d7b4693b9dd0e67b483804fe6c771a3147811c68d6		
1636	Red-col fg-alpha Print/print output/layer_359.png	raster-fallback	0	raster-asset	60e4bead976805e8fdc87f6f02182b67b080252d7913b76c2f5a1e9b75a71904	8f0c8a2bd8ab8594aa85ed11c7bf7d0673a981dbc9a4efe54481cd04bca77aca		
1637	Red-col fg-alpha Print/print output/layer_36.png	raster-fallback	0	raster-asset	f7b1ba38de3af224d7b910ea5b4beb37938831310489512f993982c53a7c6087	fe90d25b786343ad0f93bddbed6458133510dac9c665d6552f83241c59f3be8b		
1638	Red-col fg-alpha Print/print output/layer_360.png	raster-fallback	0	raster-asset	ba1a178855249fd0bf6fe70baab87220aa97b31f4e4a3f252ef8813fe5947178	48260302faca5e48a157405b7f2eea567258273560bcf9ff74200e6c8f71da93		
1639	Red-col fg-alpha Print/print output/layer_361.png	raster-fallback	0	raster-asset	5225249ff524ea93172489c3bfa87110506c649ddfcf3dcddcd78167fc0b86cb	2e38cb2f83bdfd483802e88dd2a1ac47fd44e841bf9c862a882580ad03978b7c		
1640	Red-col fg-alpha Print/print output/layer_362.png	raster-fallback	0	raster-asset	19e6ed31f3505208afb362593a73784b875dd19e6562e9899eaf224587141d16	339071aa98596b0b7fd45545e598a98071e1dccba5139cd6dfbb6d47331a4d77		
1641	Red-col fg-alpha Print/print output/layer_363.png	raster-fallback	0	raster-asset	28995c5a81ea4dc15c0178926cdb59f671b1dc7aac5fe5acecbc24cf616ad5de	9f546c3dadc2787bbfb9f07c016af6ddd41eb6c302bd85b659a8591a54f24a10		
1642	Red-col fg-alpha Print/print output/layer_364.png	raster-fallback	0	raster-asset	75c025b712e99384cb369b23c52a6e57a299a6f5d767b04bfc08a6b7d2d89e5d	17d5e05f5f8d440c83881fbf39ce77808eb72fd887f60248b3f874eb8d3d7c89		
1643	Red-col fg-alpha Print/print output/layer_365.png	raster-fallback	0	raster-asset	c73cd6c48d2808da667b2840261b1bda3809597742f0c8a03fbd189a0737bba0	be42a656ad5f84ad2e7c2e2b81aed77347a9ea34ce121c6c924cdb7e5e542a4d		
1644	Red-col fg-alpha Print/print output/layer_366.png	raster-fallback	0	raster-asset	d17ece1eef5acae835fc273e20d6aaad1e570f139ca424467b29727b8bc6efe0	c0cfa755b9190eabe2b1e0f61c21839deb0546851017eb821afb0a01af1248c5		
1645	Red-col fg-alpha Print/print output/layer_367.png	raster-fallback	0	raster-asset	6de7132bbf7856984370fd220e222f5d34a85ec28b99db3c767c6fc33167c585	3e5d9f0fb4db276fec2f7f49f3d30bd8100fae1856cb1d306821fdd349d63e8d		
1646	Red-col fg-alpha Print/print output/layer_368.png	raster-fallback	0	raster-asset	687338f5525dcbf451b2651c580ba76ed8cb506a71f734fcf06ddfd7647b84b2	1bd4002e5c355dacdfba7d90d9328a5abb48076b65077f969dd2b0512b539e28		
1647	Red-col fg-alpha Print/print output/layer_369.png	raster-fallback	0	raster-asset	c3c2e12ae7befbba2952915a3c8e6956d0cc55eaefae2aba45b0422f85caa86b	6830c5033ba66b7aa0151477fc4def12659b856fc692bd13fb20ea1f7ba3a5ac		
1648	Red-col fg-alpha Print/print output/layer_37.png	raster-fallback	0	raster-asset	80251879e37d37192d6f225909c53870a280c43b17cbde24ab69ca9718dc1e21	566126c85e6ef3afabe4de67c5f84794ce5ad7637690bedc5d90c764cea9fbc8		
1649	Red-col fg-alpha Print/print output/layer_370.png	raster-fallback	0	raster-asset	a340466227127d683dc1242d420599922f5b4e1768f9f608f84e41d2749c4c46	f6fea927524fb3d59e2fa9e4fa029c6346160710756c23cc46b011df9f3c5f4e		
1650	Red-col fg-alpha Print/print output/layer_371.png	raster-fallback	0	raster-asset	7b9d93539f5137709dfcb829674aa2fe13cb7ae9e33dd85f395176d305449ecd	3c49403a4747dc0ec08aa4b68b71ff231c6c896d7fa3f5aaff3344c81c45b194		
1651	Red-col fg-alpha Print/print output/layer_372.png	raster-fallback	0	raster-asset	41f3370629c1e6a0762d1c57130aa3881cc7167b9c3dd91f5f9162cda9ade74c	8aceeafee1ef703e7ef7a57982e413c89a5cb882d31489cb92fd52f577b2474d		
1652	Red-col fg-alpha Print/print output/layer_373.png	raster-fallback	0	raster-asset	5334c8c41854cf6d5922eef07edf2d9f6f1fd118caf27ae69b47446d7b1ba644	8fc668b4ea71db70dd622c3201d48980939d50851a7d307f6079579403a90ccf		
1653	Red-col fg-alpha Print/print output/layer_374.png	raster-fallback	0	raster-asset	a8fadbaaea84eef483d33276312c11d55933475010c04bf349d0b586cf0485a2	aec8c7b50e5e9fd38b14d2474d850809e6fda59dc17adfbea94d90174aa4e4de		
1654	Red-col fg-alpha Print/print output/layer_375.png	raster-fallback	0	raster-asset	53fa37ce29a4270cdc6f89be78a91877841652e9d9fff05d06f5d1fb19d74b79	ed583caf7afb0b9959e19b701a8747b3cc3e2baf4b54c6326e354eb62e76c7ae		
1655	Red-col fg-alpha Print/print output/layer_376.png	raster-fallback	0	raster-asset	be9b3093cacdcd12150e146d16f307c7695efcfa326c005c3e717cb0f01a7c52	852c39d98cd39fc2f6abbb400f8214550f95bb0db8de0fec3cb83cdd1be634de		
1656	Red-col fg-alpha Print/print output/layer_377.png	raster-fallback	0	raster-asset	9535b920d43ea528fb15f154e44c47a7416fc29996f41ddb5c5d83aeb687d278	ba65f930e6ace33add656c06a4640b32fbb01566e8f0f44cb1d8fb451326bd03		
1657	Red-col fg-alpha Print/print output/layer_378.png	raster-fallback	0	raster-asset	4b17d9cfed0d99e6d79e0c2eb2262262cb0d61d7563dad4806063bbbcc3aa4a5	fc0ce6e7ebeeaaf53605df18126e21d41b43bd053e2fd54b084dd551087ee089		
1658	Red-col fg-alpha Print/print output/layer_379.png	raster-fallback	0	raster-asset	ee1d0b8757f0b7f1d6700a23fda3eb60e08713c2257812b2e97ba8c4c5c1b599	2e9ece4e3372b5237b906ecf910d7e8711b3f579fe473e53d3524f8a03898273		
1659	Red-col fg-alpha Print/print output/layer_38.png	raster-fallback	0	raster-asset	4e5fd2147021df383b4e91cd572fe54783c0623fa216b312748abc9e072c5ccb	64f534d0bbbdab057a1bfc80e8dde13f90261c880e56c5c1703852e586fa8348		
1660	Red-col fg-alpha Print/print output/layer_380.png	raster-fallback	0	raster-asset	d69fa1f1332c6fdf78fa8c554d45828f083c8933fc47c0a669b7525b12d9e5b1	18228f895302d28c55edf13b650db13242c622e50f6d5cc4fb9a9a8c7209b3da		
1661	Red-col fg-alpha Print/print output/layer_381.png	raster-fallback	0	raster-asset	580cefab701a58b0d4d963d14d12a525659d391a6a080dc14e7979be712d251e	87a13927eba1639854491d70de8f2c33f6a5d24d98c6b648c604f6cb5bfc85b1		
1662	Red-col fg-alpha Print/print output/layer_382.png	raster-fallback	0	raster-asset	1b6acc9480646a01c3f7891d8c7d475e2637d6f74edcca96e1839a1ecfbf2bab	44ce85cb49834aa0ffe0c9edd64465834e50d5bdda1e5950434cdd9053a65c8a		
1663	Red-col fg-alpha Print/print output/layer_383.png	raster-fallback	0	raster-asset	5107aa17f14fdf534cbc7083bc74dc9cf776d484096299e82700f369cdfc09c7	0107f8f3d36d5a35cebd8061afb33eaf2be99964dbfa17dd31f13aa7f78be8ea		
1664	Red-col fg-alpha Print/print output/layer_384.png	raster-fallback	0	raster-asset	a70bc9bd6bfdb7243ac6816f2fc140ebf7febcd8376262e4a573f81186cad3a8	0a4b6b351f5697aef78b1e7b773947c694390cc54d06cc3e361fb93f6bfd1671		
1665	Red-col fg-alpha Print/print output/layer_385.png	raster-fallback	0	raster-asset	e465398122357d804fb66176bc2387c73516e384d17c8f9e606f8fea3cc0f450	e83cb6c67e062afc7ec95906ebacd986517060085b9cf5c24e82155a60fccff0		
1666	Red-col fg-alpha Print/print output/layer_386.png	raster-fallback	0	raster-asset	3bc3f7079b6f337c53ea6bf9a2cc5fd3b7f4850fa29a26c89e9a39e913e9cc27	18381c3c7564845b43f108e6c82c82ed8d82cecab7b649bd7146285b2a0c459d		
1667	Red-col fg-alpha Print/print output/layer_387.png	raster-fallback	0	raster-asset	cf7cd73b16fcfe347b07e8238d50761e73ed413d632ff78da5b5e42aac592a8d	b7b7a3d6f892e704d3d2d8a0c8678094586174cac933abe71d537844b63bdefb		
1668	Red-col fg-alpha Print/print output/layer_388.png	raster-fallback	0	raster-asset	78d9189597a6b5beba08d6f6a8952453a20d00e18fa483d18b1a7ccf03a30073	5b4145675850c65c223dbcdabfed19afee606609213c16459bfc1c96c5833209		
1669	Red-col fg-alpha Print/print output/layer_389.png	raster-fallback	0	raster-asset	4c8b788d2769341263fec7e27c41723e3b6475a8ccace91e05a2f68c0d0889a2	a729f1906cdcf599ac7f63f2367082a1f4ba663bf74e21107d62137954ee7a0c		
1670	Red-col fg-alpha Print/print output/layer_39.png	raster-fallback	0	raster-asset	b6a90b505c30dae2fe0526cbf2428ca542bdce46c1200a8f74a91be03a7c80f5	6c04431fd563b9919f72b3baf8b7a2544eb36e6ae4522a9c2929ab3bfa5dcb70		
1671	Red-col fg-alpha Print/print output/layer_390.png	raster-fallback	0	raster-asset	2b198b841fee9389806212f3a5e64a2c8b9923f17baec574e4edeb9eaced09e5	d0e16a7e55e5f8036060e5d645285bd470bab3b0637761d27220209a35b212bd		
1672	Red-col fg-alpha Print/print output/layer_391.png	raster-fallback	0	raster-asset	2c7ad41a8366ba8d93af0882afc3fd313e699025e629ae87692b8c749f01b5c6	5ee63502653de8e2843fec689b27de3a9f5c80eac3589a9b370486f639503c51		
1673	Red-col fg-alpha Print/print output/layer_392.png	raster-fallback	0	raster-asset	54ca6a0d2a5dcfd7dba92ff797782f28ae88c84cfda046bbbe1744e623bc00d6	7204ae34682a5c6f5987e9812403fb5d0e5aa4b8173415baca317f7507c49bc0		
1674	Red-col fg-alpha Print/print output/layer_393.png	raster-fallback	0	raster-asset	f0d01b9e6e22cb586b482053e4624c6859184d5d35b741be881c2276bb2f0880	861512a2e6df7a72b5ee2a3a68cd3be34e38613fa802b82af4b174d758aedd62		
1675	Red-col fg-alpha Print/print output/layer_394.png	raster-fallback	0	raster-asset	afe309f8eafc3018745b3db22c59192eb43d5d9937b335395debf24efe7e0eec	659303e79e49bf47d9c0e50442d6b369c9aa2caf70e1d7e5327757c2d24da41b		
1676	Red-col fg-alpha Print/print output/layer_395.png	raster-fallback	0	raster-asset	44f79dece463b6673ab15bec756f705023f654ff4d4527ef2a072c82c7d3c547	c8a608fe36d36e46b595df4464a65d21f6aba51e77a1dface52e1495240037f5		
1677	Red-col fg-alpha Print/print output/layer_396.png	raster-fallback	0	raster-asset	cfc505c109decdac73c3d19c8737c09a29ec62be65dd54816331d2dc82289e65	3849774936e7b2b82f227ac32b8496eac48035850518c2f61949a429bcbf3c07		
1678	Red-col fg-alpha Print/print output/layer_397.png	raster-fallback	0	raster-asset	998dc525bcff6ef8ea1cdfd153e3b2c4a3c175552b07670f1834f6f847b13c7b	852e29e1f14f906d371f87512ed7e0633d6fc89efeb149478ff1e29f209bec9e		
1679	Red-col fg-alpha Print/print output/layer_398.png	raster-fallback	0	raster-asset	2195a10548135e850bfa0c5bfe900e275434ad0964d0b52f5920b222b037121f	c06445aea7d745c6ba138be6eb32c9de29a2b5a3a3e8fa5b58fce502fda5b2e6		
1680	Red-col fg-alpha Print/print output/layer_399.png	raster-fallback	0	raster-asset	dc82d2108f0d41af898807afd69c100f00de1dbbaccc802b5214ba1a308fa9c8	e39fd4115de79b5d1cc7a2e6142b206b000128ebf5806d933e45f8be27f9548a		
1681	Red-col fg-alpha Print/print output/layer_4.png	raster-fallback	0	raster-asset	202930b6d4930d2ec269a9553b29c92de2d19c4b6c157809fb065a4ea6513c33	418498af3394b6e7a4ff6ce03fcc6183f46661e3eae120d1932c7b082a353396		
1682	Red-col fg-alpha Print/print output/layer_40.png	raster-fallback	0	raster-asset	8b220f4964806ead6fac9f0d385373059e9d05b6623b0be303d4673bd597267c	8708132ba18b9b1557c699cdb0a28567606a47e15279aca8bc7f0a5c28ff9b54		
1683	Red-col fg-alpha Print/print output/layer_400.png	raster-fallback	0	raster-asset	266a3543b5f8c4b1db81b7ae5795b3a02dd0ec28392ec5851f8fc35ce40a68b5	166c4595145cd916877dfe6889336393899af8a553b4adf57e7b58939a1b78a7		
1684	Red-col fg-alpha Print/print output/layer_401.png	raster-fallback	0	raster-asset	f32a998ea5edb9e11d02c8a6338a75793a3afbebf783aefd53b8af651ed2bc1c	b28d5ce00a3a2af109e7ff3a027a42c8c78224b81c30f061cced72d38e050914		
1685	Red-col fg-alpha Print/print output/layer_402.png	raster-fallback	0	raster-asset	e28238b6250348da3bb3f98652a33bc5340867d15e577e9069ffb12ed3033b78	a8d511fb89ec558fe8811dd7b6dd78f7fa912df2b2cde4810348d79edf88350b		
1686	Red-col fg-alpha Print/print output/layer_403.png	raster-fallback	0	raster-asset	88b32ce8a9f0ec75a99cf401511ecae17e102745c0001104ebfd03d30b911f77	0ec7723e47fab491a875dc17e1f43ab3c323e2a4f5d5a9cd1fc1ecc54bea2ea6		
1687	Red-col fg-alpha Print/print output/layer_404.png	raster-fallback	0	raster-asset	51b7622838ad7854f38fe70fb880f41d5cd551c313c5968c43e125d1df19bb55	050895e1970cf534361558c9f854c93f35bde8852b0aed31ec19784c2bc21488		
1688	Red-col fg-alpha Print/print output/layer_405.png	raster-fallback	0	raster-asset	abc9ec927b04d4100e4dc9d44c4906c9d6f8d98e8302447a0301a8be8b7fae69	691e077c8660f346563d80b7738bbc6bbca37f0238e76f2a7c1790bf3d663069		
1689	Red-col fg-alpha Print/print output/layer_406.png	raster-fallback	0	raster-asset	b373451002536cac428addee8cf20b1c683784d2fd48c6da46436ef9f5fa01ab	9c26aafac62fd39230c2b8c76fe4f0db310d0d5af791786bc938f254f8ad7c19		
1690	Red-col fg-alpha Print/print output/layer_407.png	raster-fallback	0	raster-asset	f082137097063190596e696e2f1d44759a80f2dbe7f119473273a5152ea0f992	7d8d9ddeacf8cfbb580b00bb56771082107007412856db884efb370fbaaada53		
1691	Red-col fg-alpha Print/print output/layer_408.png	raster-fallback	0	raster-asset	557e93735ea05aaee290470a0aa2bd6c867f823e782feeeb1e6c61aa28548bf6	2a63c2c1898dbaf5eab4541c4decbe0a115149228b03b3936d4a913b13431325		
1692	Red-col fg-alpha Print/print output/layer_409.png	raster-fallback	0	raster-asset	b170166ef2e5da5a810d7815dc3369d04761efb153a7df8a71668850b58c72ef	f232a9debefc0255f1b95eef40d59a799472fb1f523dc5ed347ce08b10458e6d		
1693	Red-col fg-alpha Print/print output/layer_41.png	raster-fallback	0	raster-asset	e84962d7a532ff65d8b06249cba2c149f5e11d36e03dd2c158207c77567d5734	edd6222e3561be2a4ea3446392f4743bba501f2b80ccce1606fb57ec133a3bc4		
1694	Red-col fg-alpha Print/print output/layer_410.png	raster-fallback	0	raster-asset	f83a5ea74625e88180bfa9d97219908b5f364985db989a76cb07572231896897	48b35ce8ac7d2ffafc145bba3910847dc258bb9ab5870ea91c8f48d35f721138		
1695	Red-col fg-alpha Print/print output/layer_411.png	raster-fallback	0	raster-asset	77f822dbf167079c9e7fb72deb9f1699788560a613896c966995d13cbb2ce510	88c679f5e074df10dbe6c36e2d6b0a96b7b9c1ae51bec1e4222270c18bc5f700		
1696	Red-col fg-alpha Print/print output/layer_412.png	raster-fallback	0	raster-asset	d024de5d91a022de11e12b5cdaeb35e62d33ad601d3bd63e7e89bb35e922e9b5	405ffaf5a3c18884b03131c9bb2e2b453d3bdcd814effd5f2cd7cb39bd1e55cf		
1697	Red-col fg-alpha Print/print output/layer_413.png	raster-fallback	0	raster-asset	dd17b720e59b002b7049c415cfeb2f40b68724070eb386ba42d95bcf642a096f	b8176ea2829024f89315bf5b97f67bb7954dfa4b6aea5cb6eaa1d6cb6ee45664		
1698	Red-col fg-alpha Print/print output/layer_414.png	raster-fallback	0	raster-asset	3d114e03ff7b7911d1e7007a978ea10a689ae226e028a9964a1e8548093fdd9d	117bd613a7dd63deba1355515dc3aa3ddfdd2d04e7abcb4929af936dde8b0f37		
1699	Red-col fg-alpha Print/print output/layer_415.png	raster-fallback	0	raster-asset	ec65c5eda7c2dd04e244e49d38cea949b05edf7e62f4790cdbc546c56af4e94a	5ddf02e97f62363de47163cc1c8c18c577e434eafc995de81736a99e8b27abba		
1700	Red-col fg-alpha Print/print output/layer_416.png	raster-fallback	0	raster-asset	d6b1fd973a06bf503f8ff8b2e04a658750beb88b7a33966a7b3528c1806653be	8a8667b90211570152739c6da37a1af5270694e9bb100b303d15c98fa2803a8c		
1701	Red-col fg-alpha Print/print output/layer_417.png	raster-fallback	0	raster-asset	59bebc1c90dd647f7448495c3756d21db960dbbfdeeff3e29d906133c1bc04ed	2c36975ba029b53788acaefef041c64fef556730bd96d9152168ccfa3787df9e		
1702	Red-col fg-alpha Print/print output/layer_418.png	raster-fallback	0	raster-asset	c3509a828c09cf03e9c810bb9975c49f7a1f6dd917ade43342264cef6e311a29	15cda80aacc40f89a7e3fd406ae4308259b2964c58afc02db912e505830fdda5		
1703	Red-col fg-alpha Print/print output/layer_419.png	raster-fallback	0	raster-asset	c609d8f03f995e369bc3f1adcc113a6e64e69065f2438c9523c19f0a1d711822	06352a68464b89f83b1d27a9b6b4078433e8e630a78b3eaf7618464f62a98289		
1704	Red-col fg-alpha Print/print output/layer_42.png	raster-fallback	0	raster-asset	e827d4a7e6e0212b5787517a2ed9f5b4a5943141a0f1bf784bf18f2573750f84	d053b44c381c91e20679b05ca94a9d16b6f1a464e44f6820d67d535ce50263b9		
1705	Red-col fg-alpha Print/print output/layer_420.png	raster-fallback	0	raster-asset	14c45a5954ee20ce16eb6cb7993c659ea9e7133ad06c5b06af74cbaea57bffb3	e000de139b3f2c18471809994f1dad3d8f88759a3f6ca7789f30d640c5352974		
1706	Red-col fg-alpha Print/print output/layer_421.png	raster-fallback	0	raster-asset	0664e62403fe7d513b36d1bee279775e75c969bb043a453465e2f9f9f5055cb5	f69131cd880f2779dd2e3fae8d5bf8bc047498fcaa6aca354686aa79438bffc0		
1707	Red-col fg-alpha Print/print output/layer_422.png	raster-fallback	0	raster-asset	aec739aec32ff0b3186e862e01b3397518741e57a15d8b53e2ee583762c0d7e8	fdf71af7bf8d417b6932315e681f2094f7366e784b5a1726503be39e5f1e888e		
1708	Red-col fg-alpha Print/print output/layer_423.png	raster-fallback	0	raster-asset	c843feee40d0dc545026c15bf4d8481342a5d7928d4f3f39a0e3456956cf5dc5	7b416fdb5977afdfa451839422ccdc642230b4e5d3db69d5d7b2235a58e64769		
1709	Red-col fg-alpha Print/print output/layer_424.png	raster-fallback	0	raster-asset	06e010661b7c5a74ff6c5feeab4ee2f98aac73938afb443c43a8340ee083bd1b	84557d1eb860006abedae0cf67ca36f17ebf724f7e3592d43293a57d277c85c2		
1710	Red-col fg-alpha Print/print output/layer_425.png	raster-fallback	0	raster-asset	ef64d72aea9adfc4b79f5f339c788aa884de3a0375cf614cbba272029183974f	3f3c8b077c79a595216a6ad4fb4d4ef493ebb55fb5aa60bb1f74be9cc8e76ae2		
1711	Red-col fg-alpha Print/print output/layer_426.png	raster-fallback	0	raster-asset	3522fe7a63f9f0ad274d8c6e2e61b6a59b31627abecb21e3e3154f5c6d546b72	7273534d7afafe8774074ad5939583a38b6e2d9353be4b6657e3507228a429e1		
1712	Red-col fg-alpha Print/print output/layer_427.png	raster-fallback	0	raster-asset	f184e866b9e28c4feb02c0697cbe21b414e92fea4d0c46024d590b02abe42cdc	15ba5efde3e5b63dcb34747ae0526029558df686c808bdd918e2f6ff15f4bcfd		
1713	Red-col fg-alpha Print/print output/layer_428.png	raster-fallback	0	raster-asset	12c2c6a2a0643607fd3d843b9909d6c2b506a77002f3c9953cf61e888a69dacc	aea0afb4388806b9b21b2cd96aa0cf80b4c7123b2bd6ad3fecadf110c9803f62		
1714	Red-col fg-alpha Print/print output/layer_429.png	raster-fallback	0	raster-asset	819ddabfdeee6d415378b9d79c8e088bd5c2f05dd1af55a6f35921153d0ed934	3b0a7ce31d018980aa638f659942cae48255a7849e02ad89e61bc08d16168073		
1715	Red-col fg-alpha Print/print output/layer_43.png	raster-fallback	0	raster-asset	42b74a73857d3c16fdc1e99e573df980b5ec29154932057d22d03e8f9418607a	001cbd82c95847bb835776f90f42a26d5df5c74207e2242a9e9da1936e14c7e8		
1716	Red-col fg-alpha Print/print output/layer_430.png	raster-fallback	0	raster-asset	45e2db1deac12c54273b40ec4ff38c77164960fc31f6164449b7b33e49484f06	6517fc74df27144009579e83e87eaa1c0a7ed36bb2f5818f08f90fbd0a724752		
1717	Red-col fg-alpha Print/print output/layer_431.png	raster-fallback	0	raster-asset	baafd4255712b6cb7baa7e0eed3e24caabf574c75392d44b3bee8058710148da	4ca6700b9c607fc1ab93c96be23a75cd8271fb53f3eb5993d04b7b8e673453c0		
1718	Red-col fg-alpha Print/print output/layer_432.png	raster-fallback	0	raster-asset	816ab0168680bb4116fb4e04bddb288186f1d66d2b0cc1960d61ee2d0ba5f5bf	0bffff416289a18f91c002521984c0eb14932e3c62f71795e3c60bba0cd143d8		
1719	Red-col fg-alpha Print/print output/layer_433.png	raster-fallback	0	raster-asset	658a2f0bf082daa2a451fcd48a369dcec00c56dd684f128f5e1ec20888782353	ccf639d1db756f0ab4491a18ee6184c1c0d2dba5f96d65fcb3aef15ff015c5e0		
1720	Red-col fg-alpha Print/print output/layer_434.png	raster-fallback	0	raster-asset	d4e4a1ffaf9b17c20c20ece1fc8dead7c3f12da200c35704971e95e4c70d3d86	e47a7ee351ed56dfd7c724d268fe1afa4a8957af97f9f0f5521a78dc6df29e13		
1721	Red-col fg-alpha Print/print output/layer_435.png	raster-fallback	0	raster-asset	98d7e06598fd9b73e0e367e285f56aa16d0455bc1b4ad68c74d30fad3fb9834d	464ae72cc35f742b26fa49d3f2c6d33da9bf4277e65e26ea40523f5326e3e834		
1722	Red-col fg-alpha Print/print output/layer_436.png	raster-fallback	0	raster-asset	833289d57f373e1bb964de8172210d212116697a274232288d0fabb9e8adca4c	7052641baea63a138f25a55ff543795e8cb7d63f7ea8ab98db163f4a3c8a7078		
1723	Red-col fg-alpha Print/print output/layer_437.png	raster-fallback	0	raster-asset	0e2f994138ce96efd2dd6a504ebcfecd07e8161e9efdf8cde7f3bcacec13e10a	e93cdb724936ed9d56dda0222653bce93bacb81e571f51392b3293556d962f9e		
1724	Red-col fg-alpha Print/print output/layer_438.png	raster-fallback	0	raster-asset	992e6f9c3b31ad873c978e5843cd3a5f0a72b5a711f6362aedf7a074de70fea5	079a8afe127d3b4f30202356a65a379c4c4ddd9b8ab856dba2925d518d78c12e		
1725	Red-col fg-alpha Print/print output/layer_439.png	raster-fallback	0	raster-asset	928d99564f4f205695023d63cb2c1d3859eeab437e1d9b4cdf7b68b17cd76ba9	efa35b6bb192b1df1889a9b9511d3bbf27b119bf38ed4da84985d0538c4f6700		
1726	Red-col fg-alpha Print/print output/layer_44.png	raster-fallback	0	raster-asset	48d9fc9dfb16e05440e40cd0d9a34875af4c4502dd07e39ac27aa1b2998b2def	751da3061475436d313a6b87d6240a6eea5ca3d64fc0f06c0ae5012902ef8eab		
1727	Red-col fg-alpha Print/print output/layer_440.png	raster-fallback	0	raster-asset	73f4ce4c46db418d930015ff4666bdbc2b6e0363477763ecef784908483fcf44	cf05b929f44d54cf0fd51fcea1a4e895daa56796b1b876074a0889e4295e33ab		
1728	Red-col fg-alpha Print/print output/layer_441.png	raster-fallback	0	raster-asset	29ea54574df2e6555883eedb7975cab0394d6d78ff53d0e007af57f5fd0a325e	13b4cdaa82561329dc8fcc5d8ad63a486ed88df4ef374968b613ac15f35e5996		
1729	Red-col fg-alpha Print/print output/layer_442.png	raster-fallback	0	raster-asset	2d2435aef5fdf9fab10d9692e9316ee9d0fb6b55d4e09597682de22e6c067ee1	671f53c5602eccb8d35d9397e248d52f0a828e709be64a9fd874d7c31cf54213		
1730	Red-col fg-alpha Print/print output/layer_443.png	raster-fallback	0	raster-asset	bfb503a458c5a8fc9d9ffe4bc8f117c2769b911858011a762a1c23229c9acea9	11ba5a8d29ffa61d338d27f09b0bf47c4b71dfbc379d233df2099c1445de7f96		
1731	Red-col fg-alpha Print/print output/layer_444.png	raster-fallback	0	raster-asset	8cb3159745e81fee7f8cb38d312bc58c5a1c1a044a0db15ae00a6f1526ac8099	eeb30f6fb2175f3860a8adb17365df28b258fb0cc868fbaefa0104ef1e42e8bf		
1732	Red-col fg-alpha Print/print output/layer_445.png	raster-fallback	0	raster-asset	e03ed9cac2331cfd4cc9f90b66428dd407782fd30d1a5f108420034bbd3d8ff6	8a2f1b06783613f4598137c4eef8b47d4616d1e39d5557a6e5a8f077672d1dbf		
1733	Red-col fg-alpha Print/print output/layer_446.png	raster-fallback	0	raster-asset	a421a4f2ee3fcb1223f864a6742a9a2b08e3f1bcf68424181dfe66f6910b5472	cdb21ef539ceffc73e73176d99c10704457bbddfd832c5d0e85941f2f0e4282e		
1734	Red-col fg-alpha Print/print output/layer_447.png	raster-fallback	0	raster-asset	bd4676081ddefccbc59ea216babd7754f9d3939345d066e56d1fc56c16b78eb2	60639b51f803e13852321acf6adb07c2f572ea1251e634afb6b60832b841cfe7		
1735	Red-col fg-alpha Print/print output/layer_448.png	raster-fallback	0	raster-asset	4c851d9a6c8aec7ada130fb1a79eebb6ec7329164ada7841b25548d535660f5e	b3e14215b89e6201bd3f2621821faa401d84b9433a499be1040974ca6a58fae6		
1736	Red-col fg-alpha Print/print output/layer_449.png	raster-fallback	0	raster-asset	a956a649150f5265e80f72f10f2a8e0b93e00da4f97bce813e9040c08fa3ddfb	3b31c06c1e6c51e5561ec1a01c3ed01e627c0c17a32ea996ca6e16ec1c2d59fa		
1737	Red-col fg-alpha Print/print output/layer_45.png	raster-fallback	0	raster-asset	f913358fc60f351ac84bcc80ee10a72db0f1b143272aec9dd82627eb0ed4f0e4	5a1fb78b84100b581dcd2cbfca152d264a0253a95651285ef5383f72a11a86b7		
1738	Red-col fg-alpha Print/print output/layer_450.png	raster-fallback	0	raster-asset	38612aaeb94bfa013b712e169845b6a9b646087d331b84c8c9e4b5328df48a58	f077f65d65ca8011858abe632d4e4f55d4b9130659cba173d85e716cb82cba34		
1739	Red-col fg-alpha Print/print output/layer_451.png	raster-fallback	0	raster-asset	500fc3f8478c300d2ccde4a9aaad05f5e370992463b3052a915b42da2fe9fd8b	fee89bf3c2b824251990012f23b9e6c5b0eb24ace0e43c60aba14a920fe3b29e		
1740	Red-col fg-alpha Print/print output/layer_452.png	raster-fallback	0	raster-asset	a28ca1a87590b483b22cc99c54db89ba5c1958a7620ded13c4ab3916be968f31	e2dc2f969398e630ac5a9697e63232b71e2edfb754d0cd7f59632ec8db80d13b		
1741	Red-col fg-alpha Print/print output/layer_453.png	raster-fallback	0	raster-asset	dc4e0bfd8cfb17e3b5d860d2426e2ca9806e68afdb676f1e71b04642c52385d9	913a8cc7f791dd6b6b51b93a138a4569556ae72b2283869b5407a154c5a5a7a1		
1742	Red-col fg-alpha Print/print output/layer_454.png	raster-fallback	0	raster-asset	b6d3214aa4daf74c376969a88fc98111948d61221a80b4c65abadee32f69c128	a4b0ea422ecc66b89acf6f3326e7d96451c1ec20d5a01b7499dbab9b29fd6a2a		
1743	Red-col fg-alpha Print/print output/layer_455.png	raster-fallback	0	raster-asset	47fde006c7819003174aa65291a58e703fca5a623d0d1fd2e90716344e55db2e	764df0149b86f6051c04d873136dfad4414b9233ecaf6012b6c63c425ca033d5		
1744	Red-col fg-alpha Print/print output/layer_456.png	raster-fallback	0	raster-asset	d4aea0911de1bd9558d66f2115b2e4bd4896e3b15ea873d421f105dfca75a56c	899c1d67ec9b851f8007b10939d479748d4e2f91bd9d1ced863168b1ba02b3ca		
1745	Red-col fg-alpha Print/print output/layer_457.png	raster-fallback	0	raster-asset	bfbe628d0e4bd685c77b273bd84aa65e914faf1afccd2db719880e48ea656309	00869aa1bcb737d3a03e2d458b012d78255c16c7e3933983fb236e1151182ddd		
1746	Red-col fg-alpha Print/print output/layer_458.png	raster-fallback	0	raster-asset	063b7a09c07a7f6ce0964d3b0a8b5fcc76ac40d301b6919389a1c7ca21792218	bbaccdd55b2aeeb58701ea8d57e2260d88532787b0557c72b3070d6cbd8f02b2		
1747	Red-col fg-alpha Print/print output/layer_459.png	raster-fallback	0	raster-asset	8e309e5279cce59ae1a56c6b2cc4f961bfba1f2d2767ec80d1bb91f6378d31e9	1fc09d494b124d2f909161815c2a566e9b5ed94b34090467925033a8f6282b4c		
1748	Red-col fg-alpha Print/print output/layer_46.png	raster-fallback	0	raster-asset	54f4865a6beb4ec9cf88db9b82b05c305866923315004ab7c35c514a2a57d326	72b2a2558d4aa27f8c5ce1d2f7da08e7a2aba3483e605e85590cdbe4593932cb		
1749	Red-col fg-alpha Print/print output/layer_460.png	raster-fallback	0	raster-asset	de017e4ae4e0efbe5314e7fe03f99d031e9ab5c7213ef1856dfd0e86ccd21243	e11bd1a250f8253ad9d283a1c3029935bd7b755fdbc11cd601a1ff7f2c94e51c		
1750	Red-col fg-alpha Print/print output/layer_461.png	raster-fallback	0	raster-asset	13701ef9ed41a0b92cfb45d6f5a6ae53172ff997fd6f83e76ef031024c7ba80e	08b47baab1b637ce4f9ed685d3d09bba22e06225ce3fdd0561adc5b6f89a5260		
1751	Red-col fg-alpha Print/print output/layer_462.png	raster-fallback	0	raster-asset	958aa1243bb5c78869b369131698bae3b0c539ea1b97aa06184ea81358f7eecf	de75bda267af1f2d305f8d84e772865ca79ddd9e2d032098bf30792ae0615a57		
1752	Red-col fg-alpha Print/print output/layer_463.png	raster-fallback	0	raster-asset	af30fecaf36dac64d5ee99fc772c5ef19efe4f9e478714168c601edf00168710	bcd7f7b2924dc8102187f8c53c8d5c50f7c345956c4fde111314065e7bdf496d		
1753	Red-col fg-alpha Print/print output/layer_464.png	raster-fallback	0	raster-asset	0001965650d1d779c709f3d1e5423883a333d3d53d4cc5751b672dca3fbd4dbd	dc3fca50d9fb51323ba8df26b52b21df3449c437f35172bef840be006929a32f		
1754	Red-col fg-alpha Print/print output/layer_465.png	raster-fallback	0	raster-asset	8128a33d5491afb58624573f4a23a6ee178f228f7d6d3f530e7fc01405a728b5	fdc6920e3c9bd4cebebd2804c193669be07c5b3fab3da3f9ffae12fbd7aa54f7		
1755	Red-col fg-alpha Print/print output/layer_466.png	raster-fallback	0	raster-asset	869e8e18a8a7dda54f266c621c3f7d2ca51cc0f8d312ac99ecb6f607cca73399	0c23c7a21fbd0629395f37685d4c40f38c6c94e7b7f816421577497adf612425		
1756	Red-col fg-alpha Print/print output/layer_467.png	raster-fallback	0	raster-asset	1610e100599a18cde18cb97d23c4d635135fc987e497939e49932b43eaa9ed4e	0752852373f333e0b069b319a7f9c4524fa61873aba1c2bff698b1df254ec7f4		
1757	Red-col fg-alpha Print/print output/layer_468.png	raster-fallback	0	raster-asset	abe4f30630aaff3e734e89c689f813588198115131747d1f4a1185075fe51a65	fa388f6ca1fd24167174933ca14fc5cc8550f98dc7bea57f74d2a1fbbe79562d		
1758	Red-col fg-alpha Print/print output/layer_469.png	raster-fallback	0	raster-asset	b58ee7bb4b9ecabced65cc94a24f59fafecf182b0f948410ee33873f7a281dfe	980d85b9c89799264f82b16250f0d90498773ad48b9c00e2ee4c47b562567f84		
1759	Red-col fg-alpha Print/print output/layer_47.png	raster-fallback	0	raster-asset	05ac6c9ed74c58f2122d6b66d639fdbeae3e161d7d1ecbe885f1c781feadc0a1	249bd790be0cd2af150577292b25524f50f893acc9b61af9b4786b1f58b5b942		
1760	Red-col fg-alpha Print/print output/layer_470.png	raster-fallback	0	raster-asset	7aa739f00610ec21611abf953c26a8eed928373ff6fddf7e672b75ef6eb86566	1da1c6f13832d24c0ae654608b5a35b91d0710c228f18ff794ac67d8c73e1aa6		
1761	Red-col fg-alpha Print/print output/layer_471.png	raster-fallback	0	raster-asset	7726d98803457ae698aa2818247218032f27743f9967894d36ec21478b0047fa	277a3cf0df922f824ae1c516d9b25541a6729c92cf544deaa840bfceab97d3cf		
1762	Red-col fg-alpha Print/print output/layer_472.png	raster-fallback	0	raster-asset	fbf77c81b8c90cce48cfc81f03c4eb53b2e8191c7a9c4d4fc6d55d89af262079	8caf4a12b6f0a1a5b6b87a5322e71e409e622cbcc5d0837a7f7e4a4093aec5a9		
1763	Red-col fg-alpha Print/print output/layer_473.png	raster-fallback	0	raster-asset	ca48e8b9a82705c541f9e78255124e18d7942dd58232fc0630d7ddbcc000df46	3e73d75f36cb8c19720cf46c3f4b56c57004d8e4fc64f2184b04c42cc4a3287d		
1764	Red-col fg-alpha Print/print output/layer_474.png	raster-fallback	0	raster-asset	b5e3b4b5f3d99d0b5495d029e60190350e01f98255145fd8be492a30db8d509f	550d88115aec92dae76c43dc2c667a5c25cbff080b7e80918561bae4b4af9035		
1765	Red-col fg-alpha Print/print output/layer_475.png	raster-fallback	0	raster-asset	301a8f39062771e750c847316f14e36a5694e9baa7115af9c242adf6367aa8b5	e245d8d060782aca62b6e23ac33b5381a4f2d414e1176eb760faae9537036092		
1766	Red-col fg-alpha Print/print output/layer_476.png	raster-fallback	0	raster-asset	9865a43acc657c8a96f644afa201b2c1c37eec841f31dfee508f0fafbfb276d6	623171ca8b0f73015fa90c876ae7da3af16917d5db322dee421f1331473ea474		
1767	Red-col fg-alpha Print/print output/layer_477.png	raster-fallback	0	raster-asset	255d9b4ccc46d1bffe6692cd18d6b8c2d5b6ce31e6b99d4839e515fb64009b5d	6cc7cc57d8894f661d51363f37d9f59245ebf52f53b62fc6be83deea43e56963		
1768	Red-col fg-alpha Print/print output/layer_478.png	raster-fallback	0	raster-asset	836e9cf3776ec05d9bfe95ce61595072c389765bb4e6d6c9a9ea6f2084c86bb9	7363e66ba0feeefddd85245e109bb9f4002713b2487b694aaaf0bd331b53d87f		
1769	Red-col fg-alpha Print/print output/layer_479.png	raster-fallback	0	raster-asset	9cc7e0512c7a7593a916e44e63dbf56349496cac86d5565aefbedce72b95dbab	65e364973975f585a57b16bcaaee799baf3d5cb17c5898e26a4622e89702cc01		
1770	Red-col fg-alpha Print/print output/layer_48.png	raster-fallback	0	raster-asset	73ea44d341fbbebb7e2189eeb1315b45c18549a3f34494f0f67376c93ac88370	c7c583e61840e5196ffce2e620c0be6cc41c5a65fc63087b9b03bf3234ad349d		
1771	Red-col fg-alpha Print/print output/layer_480.png	raster-fallback	0	raster-asset	6b98890ab4355c505d93a23d802763617c4b1872ffacdf20b24d36eb66546a26	01c0d6891e38f233e4f1339a904f2fd9818f58ea5c1532369d78a7f698a1e3ba		
1772	Red-col fg-alpha Print/print output/layer_481.png	raster-fallback	0	raster-asset	944859d068f6cc3b0190660f36952a7ac7cfe875e66567ae835cd290db9eeacd	d07e41bc860ab96485cd946650fc609cdad8e21caba209abd91bf6a4d922efba		
1773	Red-col fg-alpha Print/print output/layer_482.png	raster-fallback	0	raster-asset	87708aa58140900d88dcb43ddb8a41a8ef3f5d05c3850379f5ccfe58afe1830a	ace59b0e2151f172a986b24a8963793332a17ed212cac07ca8dffbed5c058ea5		
1774	Red-col fg-alpha Print/print output/layer_483.png	raster-fallback	0	raster-asset	3d087c2459b0f2c7d6be026570a5a4819cd6bcaae15a4dcf0d234a685085e52f	5e1a6ddd8d96561b56d854ab7d52041a64a56ccced2045ddfaba39ff087da7e0		
1775	Red-col fg-alpha Print/print output/layer_484.png	raster-fallback	0	raster-asset	15db83293477406ad9b7604a17674478821674985d5819aa17296e4e0fcc8f87	b4fe1a6ac01bda8213c41d5dec4b93fc12594771d96a261deb24a4d5eba9d047		
1776	Red-col fg-alpha Print/print output/layer_485.png	raster-fallback	0	raster-asset	ede08f72c349cb4341bcf9f33995f36d6fab8aba84e53cbd2d42ece47a510b7c	6cea8f501379dcab9cfd880b2a46d131d1a56e5506e478c6fc17d81e2525a1f2		
1777	Red-col fg-alpha Print/print output/layer_486.png	raster-fallback	0	raster-asset	a220b72907f1607d88540608c69bc1d4c159874a79cd564818338e06252b76c0	0db6cc4b35f5ef68dbf20bed471100205a65cf1533113ca96a1209bc6121b25f		
1778	Red-col fg-alpha Print/print output/layer_487.png	raster-fallback	0	raster-asset	2bd45d14c1df1e2b73fba458ce12f1bfd3fa344bb4fe7efb078e1a2941d0cb1f	4ef95a78b59dd3a7da4365402d3e3400888a3a750e89dd408096c6fd6ad04a73		
1779	Red-col fg-alpha Print/print output/layer_488.png	raster-fallback	0	raster-asset	e167b4fa5f2c052a3c1cd789e1aacd8306cea3048f04af4692759129d43ce9d3	00e7ecf00677a0b89b749861979143b0851fb62cb498876832a9640651adc22b		
1780	Red-col fg-alpha Print/print output/layer_489.png	raster-fallback	0	raster-asset	3dd3ef5eee2d103b6b772d14cf428bf2df95c73745e7759351dca2b8e01a9cb4	5677158543768ddad51f489d12e494022070fec555e413adb1b040a4d5981333		
1781	Red-col fg-alpha Print/print output/layer_49.png	raster-fallback	0	raster-asset	b4b208263d7ce595ef8467f15676445340197885dc0dd618ec792568256ced9f	7174dc82413534ce90e705866e0a87f7418377feb2ba5062eac3a99c48ac7b2c		
1782	Red-col fg-alpha Print/print output/layer_490.png	raster-fallback	0	raster-asset	01e589db6c3faa3bb4453c40a9718067993ac033ef34cb6e23e878fc65e87f6c	346b5d9a1337c6fddfa2297996465e9f81d0371e01036dffc8771a39cd52b8a9		
1783	Red-col fg-alpha Print/print output/layer_491.png	raster-fallback	0	raster-asset	4faaf3023a8f3e732789ba054e6ef9b198d37c3459118362cef6015eec620090	7f4c5e6002e9d1138cf26511580c4612ba25f129c355d0a49554c661a7725de6		
1784	Red-col fg-alpha Print/print output/layer_492.png	raster-fallback	0	raster-asset	bf1e2985ceaacea4e2168df7fb1ea711f5b2fa5e225ac02c908257d7334e31fa	4e2412a9a7de3d4f15e2f0f96521c2586d7f11a5377f6e8099b4c4f4a74ec530		
1785	Red-col fg-alpha Print/print output/layer_493.png	raster-fallback	0	raster-asset	e93b15832169837652b6d26cd35feda3a2a88ded8bdf407ce6da6ff109c86c4e	6673cbddc4a12a255f57541f6e4925937cf86dc7c84400582df6e9fdce8da15e		
1786	Red-col fg-alpha Print/print output/layer_494.png	raster-fallback	0	raster-asset	d8553aa8d148e9744fb00233a90647f8c9e1ce318339c0070c96f8df737a9889	bbe7dfdfa83451523ec11c9fd0ccc9c4963785ff3c50adc46c5761f09f334955		
1787	Red-col fg-alpha Print/print output/layer_495.png	raster-fallback	0	raster-asset	1e4f527b7617d22f416de9d7cab4743440f970964d7b0ece9c12c800e70e798b	77c78a2b7ef74a35d34f17bf43fc41738fb836a0dd7c4b8e6128bfc75f264405		
1788	Red-col fg-alpha Print/print output/layer_496.png	raster-fallback	0	raster-asset	9a8867bd16bb0c1dc9aa7183d207ce8bf28483d9ecaeab3fdb7654ed0234c965	1b81418514639d8c99c878c4ca6ac15e67d662130edf7328fd866de7126ba806		
1789	Red-col fg-alpha Print/print output/layer_497.png	raster-fallback	0	raster-asset	7529a881bae20cdb64660040a3e5d69cdd5bc82dbf5f610d495476667b6d393e	382165000268889fadddc9784b3a14c0daacce364fd4fcd34e93596f603c60bb		
1790	Red-col fg-alpha Print/print output/layer_498.png	raster-fallback	0	raster-asset	c444e812d4a42f0c678558e031a098a545f281343416dac419b9ec6454807d8f	e87259efa180d53ee084f02296f38529ed1bc8fe6800719447a630f91969e57e		
1791	Red-col fg-alpha Print/print output/layer_499.png	raster-fallback	0	raster-asset	0dded7b55da6f1c44a1f57a5a6fb28ac0aa44b450676db53bf3600d1aa70ceb7	47c6678bd1dde425363f531cefbf55ab61eb75dc31287ea781cef04b2bdbe1c2		
1792	Red-col fg-alpha Print/print output/layer_5.png	raster-fallback	0	raster-asset	6dcffaa4b32a1e299c33b097edd4fe206b935e8dedd3db42e4ac1dff6b054128	52785f122df5af7b75fb0e7475ce6716a990cb598b7dbe5a7c5437dc4cef8488		
1793	Red-col fg-alpha Print/print output/layer_50.png	raster-fallback	0	raster-asset	641e6355538187b6169614c1111522425d44a0ddf876972fd691369a989fc3bc	745945fbfe2de89791ddaea326d244bf232b3c00402c9ef5401bd8dde6c6a775		
1794	Red-col fg-alpha Print/print output/layer_500.png	raster-fallback	0	raster-asset	afa81859192fc89acbcba8b00abc7dad39722a5a8d3541a1e382257b0b8e020d	930d50b8154f348b264a4017dfbe325dfcc0d7a4854396da562df32a14e3b589		
1795	Red-col fg-alpha Print/print output/layer_502.png	raster-fallback	0	raster-asset	ca503687d32e3f1dab1727ee71223f89324fbeaa20065698c76be34cf5c70e46	7f694b70a7b95a1855461747270f6fb884535de61804e717b9f71c809961a2df		
1796	Red-col fg-alpha Print/print output/layer_503.png	raster-fallback	0	raster-asset	4eab513f336fdecf3673267783b0f45a22094b0f6c9db4c7e765d8333c44ab33	634cac3e6058be2bd4aa810030d364e40236fea6579aa7c0e5db21ef25b44d9c		
1797	Red-col fg-alpha Print/print output/layer_504.png	raster-fallback	0	raster-asset	70e4d27afc0eb8bd4f5bb5b2b7b91d910c38afec7f3931c68c400aa26db4f7d9	15871e75c2e22d3496d15108a7d882e76a7aad28f71c3fee316d786d8f7742bb		
1798	Red-col fg-alpha Print/print output/layer_505.png	raster-fallback	0	raster-asset	a355223211b4f2fdd5ddc27ff621f9dea2069e1694f55a83a37d2d0fd1436703	16f45213c6ae3e1e89b24903e763398666c7d76cb1980647428837e276d8a2fc		
1799	Red-col fg-alpha Print/print output/layer_506.png	raster-fallback	0	raster-asset	eb8549f0415c8ac113f6f0ae1094c8c94a323a62b4ab52e61f75c5c304f12408	77397ce98849ebaab0f2feb9297d0f64f4fb57fbb61afa0aaa8cb2e919cd8e36		
1800	Red-col fg-alpha Print/print output/layer_507.png	raster-fallback	0	raster-asset	14f98fbb6d549c22f9e311bf0576c0e7d7a4420dfc697dbe1c64abf10b4e6180	2f9c0fe36e46c3a11691ac485f163707253ba1d095ddd80f38f32b31ed530c06		
1801	Red-col fg-alpha Print/print output/layer_508.png	raster-fallback	0	raster-asset	f1909e2fd583fc5c370403e7cae2e9df4829dd8a15215deb6924c59b608b3d09	9b319db39b10fe0c5ae07d99b17892706b1019a04a72e8c5f9843bbee1cb0a4b		
1802	Red-col fg-alpha Print/print output/layer_509.png	raster-fallback	0	raster-asset	ad77abbea6ce559e3618d7aaea5724de8fcbe784ab8edc478db13670e1cab624	dfdea70d570c06177f1c2382f02d87a2b13732a4ed8c85484c3067dcb4ab0f97		
1803	Red-col fg-alpha Print/print output/layer_51.png	raster-fallback	0	raster-asset	b8434dc75af80ecab62c7d2897570ebf6772488431d7239b5ddbc45839a6b0a5	1b92dece039b4df5e606a1fda994db562e84221029a636f093da83c08d3d43c2		
1804	Red-col fg-alpha Print/print output/layer_510.png	raster-fallback	0	raster-asset	6141db5877fdf3ee578da0ace4d8f4241cef626bc96c46f4d8d4aa6e181040c5	49123de35e68af81e030f694e1f4f8fc96a9fd869157c325e35823707c87ad6a		
1805	Red-col fg-alpha Print/print output/layer_511.png	raster-fallback	0	raster-asset	f8bf956588b742441c5e3c825c8ef9304a61f2332726fd72e7f543390daa4522	08bf1eb5071001ce457e00fbe7949398fdcfed06d2e860994b7e563fa108c404		
1806	Red-col fg-alpha Print/print output/layer_512.png	raster-fallback	0	raster-asset	4995e84536eaf8a10287b8542801939b48eb5df000d34172e3d25a8831b85360	f7e87ee1d460815f4d57cc50450399b6ee587039740898692515befcea36face		
1807	Red-col fg-alpha Print/print output/layer_513.png	raster-fallback	0	raster-asset	f94f02aea3a94302011cf0abd80d79b09ea44edbb24ef72249d90c02a827d483	56b398d63a3897a819b84ce400fbacce76fa18dc37a921c8882515e2035382b4		
1808	Red-col fg-alpha Print/print output/layer_514.png	raster-fallback	0	raster-asset	f9f6b44c1f05780b00d26a2b291e3ad19db69346b45462cd55aaff166c886854	f4779dd06d827a467efec1aaabdcadfbd2ecfc5bd3be92a79f01a7de7a495417		
1809	Red-col fg-alpha Print/print output/layer_515.png	raster-fallback	0	raster-asset	fdea25d4e29d43eac4b0944001b5830e2c05fc70037413542240495aaebbf1aa	61d95ad376b461bc41fdf3152249f368f351c7817e069f8768032667689b2c33		
1810	Red-col fg-alpha Print/print output/layer_516.png	raster-fallback	0	raster-asset	1e9e3ecb969e1c8974ecbe3142b7aeea6f2151cc5213ecac7ff7cfb4b07e3474	212fc5c4d0085f155bd04635c6aff453792b56e622c9b981c119389b582119c5		
1811	Red-col fg-alpha Print/print output/layer_517.png	raster-fallback	0	raster-asset	9248e9365021cea13adf58db4a835ece33fb09a79fba7676b0efd902ebf4db6a	f5b10979316183532b19662f550a3ef0bce06f569aacf4e3caa165245e3f9c1c		
1812	Red-col fg-alpha Print/print output/layer_518.png	raster-fallback	0	raster-asset	1e2929190f9327f5c6be8eb33a5f96d024d4d1b4031f6514c98aef7c4aa79942	2d3a7f8273ea9d28fa02914bcfb3038e5d65d0b4f8d2bde0c459afa74275f0ad		
1813	Red-col fg-alpha Print/print output/layer_519.png	raster-fallback	0	raster-asset	4e1528b808fda1d4e1cf96a44050c5c6544ac67b660d9172def6d8c15edefe16	ca5c820fee298ebb1b78890697501090892981bbecbe9f4d81639842aa9f8346		
1814	Red-col fg-alpha Print/print output/layer_52.png	raster-fallback	0	raster-asset	b332fbf43f1a9ac185dea8189ef1b4a26590a0208c76331a6a9cd1a997686172	e8210806e9c017405d5ddfa4b062da304cf01238725e3615de9736c315894596		
1815	Red-col fg-alpha Print/print output/layer_520.png	raster-fallback	0	raster-asset	e5f2293ea97d57e1a3e87bf3b303667d1683c5e47ffe8c63d21322739cab6a9a	8c8b4faa407d47e097048819cf3849c11b3d7294766fff4b8cbaea0d9405ceaf		
1816	Red-col fg-alpha Print/print output/layer_521.png	raster-fallback	0	raster-asset	464c10ef10837ad8a50ae34c5721fbe0f47509445a7a4689df93de9c8c73c1cc	cb6622fa4672f125cbeaffabe9d96fa31b1932f5d30325a60ed5e4bedbec7078		
1817	Red-col fg-alpha Print/print output/layer_522.png	raster-fallback	0	raster-asset	76e546b5ef25a93773924a6c2448eb12a8b7aa36c26fcef79dc08f8d396ba9bd	9874b95b6b7d8a5edc705bee64612fcf03ba1a4f1c82ae682a5edd638046d19b		
1818	Red-col fg-alpha Print/print output/layer_523.png	raster-fallback	0	raster-asset	c44c1c6641b1739a9886b5708327d1502dd2234e74256600bfd0f99e3e532dc4	0c34b7acdd8ba319b73d7ba75198d9e348ccafa786bb675ea261965642453b33		
1819	Red-col fg-alpha Print/print output/layer_524.png	raster-fallback	0	raster-asset	f7ecdf0c23501f957b65fc3c1c647f40e59c8750c4674dca7faea6d598903bea	ff6e5d52506058ac126f5fb65c9805010d5f0aa6846076f72b05d2bda3eaf4cd		
1820	Red-col fg-alpha Print/print output/layer_525.png	raster-fallback	0	raster-asset	80db8b067ef54e09fee338bfe3b2be9eb21dc4d376283c2291cb22621e2b8a7e	fc954a27c22fd1c3c5d9bd4ab74718fbe06d502a4badf1cf667f071d8b53a327		
1821	Red-col fg-alpha Print/print output/layer_526.png	raster-fallback	0	raster-asset	90f1a020f0316ee13b89fe63dfff3224d14023c555b8e832b6dc05d29d3c44d4	bf1896baaf5ccf0443bd660ca6ffe62a93c3bfc3c385ef04e4694979b8951dfc		
1822	Red-col fg-alpha Print/print output/layer_527.png	raster-fallback	0	raster-asset	8d7918b3c07468a46bfb6f4fc81367ebf97c6b02e3d12a9b424442c11ed006b2	d61099b350d8728b7e714240747e259fb1e422082d127473188f18984271d89a		
1823	Red-col fg-alpha Print/print output/layer_528.png	raster-fallback	0	raster-asset	de6926c720cdece54c8436213c809b8b97a6af437624fc094f0c3e189e448965	48d5cdde39e55a7c5d6a6ee4f03f7467342dcf3937e41819d53e4f19f88b156a		
1824	Red-col fg-alpha Print/print output/layer_529.png	raster-fallback	0	raster-asset	59bfd15781b50e9e103559350776302297b8d2f76896e8fd443afd2cc6f4ff1e	0d7dfb89c13c4e612ff0a34758bcb3d5b650bb6865fa33b52e3a866b9fe2221c		
1825	Red-col fg-alpha Print/print output/layer_53.png	raster-fallback	0	raster-asset	9a37c1c811cf7a579aa2e2f5b66664e20dd5405f7b577f0e7e895ba6936f0866	7720c3e7229b2618f73a9b8e4447b586af61bc068fdf8b984631d2e6e8b3b464		
1826	Red-col fg-alpha Print/print output/layer_530.png	raster-fallback	0	raster-asset	a7f201975dc477c3162239690a8d332358c019bec8423bc98f8427b25a41d824	7beaed9100c72ee749c274f6ead49fab0c57d665012a3292b02a50577088eb6a		
1827	Red-col fg-alpha Print/print output/layer_531.png	raster-fallback	0	raster-asset	8f5b7f293aab16461677b92ee929c84dc7bb21fd7c9a7f00de1e1d91e0e778f7	0e694e929e802096847e251746febf868a840552a1a91e0f0a56f112365b45cf		
1828	Red-col fg-alpha Print/print output/layer_532.png	raster-fallback	0	raster-asset	da267d559f2ae189b87acf911b7bbcb3bc701af2d5b7328b6506c89dc94e4478	5e278bf3b19291c2d3c1c176ed8a6274df583d82565d6051db3c0512a919740b		
1829	Red-col fg-alpha Print/print output/layer_533.png	raster-fallback	0	raster-asset	556dbb2c91dcda2556461426e332439339962a7fb08bd516d7eaeb967caf9606	71a0d4b3af55eb6d14619c4698910c970fbb7fb45a8962079f698c82b47254a6		
1830	Red-col fg-alpha Print/print output/layer_534.png	raster-fallback	0	raster-asset	a40944f92432510b6fad27982de66a8bd0debf5e50d75680508af3bc3069c168	8347674fce8ad6238e3e67de4226779049c6f4cae2a0f27a789c9c7ad5f791c7		
1831	Red-col fg-alpha Print/print output/layer_535.png	raster-fallback	0	raster-asset	1b05ca9dd8f26169671aee36428f5e3b4debcd2b7253e972a981e6da172c9e10	c55e6306923b4dba1753e2290891c2910a0d0b0a969268c506c1a3bffef9f4da		
1832	Red-col fg-alpha Print/print output/layer_536.png	raster-fallback	0	raster-asset	b692111e69f5d6e142168a6741627294ddf7ba5ffc08e06261af72e6f04abc69	88f5243d9185ca7924af2eb4eaf9e5482120ccea098abac01fa0c69f58ffb577		
1833	Red-col fg-alpha Print/print output/layer_537.png	raster-fallback	0	raster-asset	7087d623bfafeb705918cd0837b885b08aed9ca4786d2e92fd31044c67708979	6e6049871ab4a80b7ae51f23bbd843e805b12099d16a52ac07fb6466e91403f2		
1834	Red-col fg-alpha Print/print output/layer_538.png	raster-fallback	0	raster-asset	083751012fffbba42e4b7f4bd015a38d28551fd6642d1e114096f69a267dccf4	bd6188202c0ac9313f8412f53969fd40a3fc08e59fd8b9dbf8e86c0bc79fb529		
1835	Red-col fg-alpha Print/print output/layer_539.png	raster-fallback	0	raster-asset	e98c81e9bca99b0a7dea7b03200fff00de58df9768ca2c67d73f29001161fd77	8bf2699a1210a94aa0fad0cdc591faa1b3e8abb8e5ca2ece04d25e71cb112e7e		
1836	Red-col fg-alpha Print/print output/layer_54.png	raster-fallback	0	raster-asset	3510fc889df473be13fcfc5b5b8b3be04e005219f057f76730f595535d939b35	45aa077fc0b8f390d97ac34ed6d21fc21b2bc6b75fa408c3ef4eaa5326512e26		
1837	Red-col fg-alpha Print/print output/layer_540.png	raster-fallback	0	raster-asset	735266c142eda517c0148510e40feb6affe7118a09cb11433f5e1263dbd47e18	46688c555df5009775712a28d3384ff715e695db7e995d07daff520deb759881		
1838	Red-col fg-alpha Print/print output/layer_541.png	raster-fallback	0	raster-asset	c62ef6950f728de5fe54ef657b08e68209565518a008d4bc54ae36595abe2751	3bf9f3fcaf59ea69c8889fd8aae2cd96c62ba48ae328049700abb6358b4edde7		
1839	Red-col fg-alpha Print/print output/layer_542.png	raster-fallback	0	raster-asset	417027f1e1501aea877d65267db94599203a419f65ee70fd818f2ce3f6f85c71	335c46f579166c401ee4b32f60ad9044cb8ceebcc53d5718c0d04d29a1a684ef		
1840	Red-col fg-alpha Print/print output/layer_543.png	raster-fallback	0	raster-asset	463d913762deaa450c12ffd7ba8dd9d89a0daf14a01e6a9a1be298f84ee06408	fbc15ab22d98d7c4a5fd208ab7eecf53ab21d6665f09544b3a4bc439fa81ddce		
1841	Red-col fg-alpha Print/print output/layer_544.png	raster-fallback	0	raster-asset	8beb16682f6e339ca13cf476604df49d24008ee40909b960e2ad8f9dba8ea1d4	285609b2c66a9e0f0a6d0d513251f9d3d4da1c408c5d1bd52fa50ffe954b6b12		
1842	Red-col fg-alpha Print/print output/layer_545.png	raster-fallback	0	raster-asset	a65bed79e0540780e794a012c8f47c79d5e30464d8f0e6e19a5ace9a1c34f200	e1e193bdb161800598b5fd4bbe83471b6708f8b933d96df183b30c87a020ec8f		
1843	Red-col fg-alpha Print/print output/layer_546.png	raster-fallback	0	raster-asset	ec6db36d5c7d469e4f0084511085fd2f003c04e398dc671ffcbe06c0e1c54cad	8e34a658035ab3a1cd12a9f0f6068e67ccef808a43b11e2692eeed05ffd6090c		
1844	Red-col fg-alpha Print/print output/layer_547.png	raster-fallback	0	raster-asset	24610dda2e759f0e57a0914390b6336b5028b912773adcd56c4d6a41245f5925	5a8e4919b6335e0c6c0947d2bc6ce5b96247d3a861c003393d3dcc02b173e799		
1845	Red-col fg-alpha Print/print output/layer_548.png	raster-fallback	0	raster-asset	6f0a7f7caa1676631584d03ff63577ca9b0f6d0a1f080dbe9c3d9594fd8ff09c	ac1fa5eb7a735dec6a3c41e3a0da93b6898e31cacb908b826bef9b6e17ec00a9		
1846	Red-col fg-alpha Print/print output/layer_549.png	raster-fallback	0	raster-asset	14d11b138809c219911cf4f067f9140fd01a049c6dffa5864c0d05a442c40edc	7e2f4ae12c6373ba2e81d8d5b498144a8bf020a7aceb8447317aa9d34f3b7413		
1847	Red-col fg-alpha Print/print output/layer_55.png	raster-fallback	0	raster-asset	f711342dcf5fa9edfe5c259f160e0739304cbd1ef3b952091f6f456a445fb0d9	a19c4854ee8caa4c7fd189745e79f9eea96af49d51ce06b606d3b26391ea8752		
1848	Red-col fg-alpha Print/print output/layer_550.png	raster-fallback	0	raster-asset	36c5ae77b66621c99c90403958ce71b3769b7f9c6a2eaf581b18b1f751b0dbb0	dac9cccac115a2eea6b43df6fbfc56acf79aeccb982011492c2ce277d56b1658		
1849	Red-col fg-alpha Print/print output/layer_551.png	raster-fallback	0	raster-asset	8b5fae968cf0cd96632de01a3b8bd27a60dc903d50b41bf723395d6527219ec1	8740e055b28c41b30236b0d6324f4fcf3f526a9efd96cf69dec2edc953daf3c0		
1850	Red-col fg-alpha Print/print output/layer_552.png	raster-fallback	0	raster-asset	7683a12943dc0c7b7a04da101edc09db25b829536f8b499d7b38f4a00634a60d	471db9ec177d7385d364ef323abcacc9a8fa917f47df2e3390064accae461c02		
1851	Red-col fg-alpha Print/print output/layer_553.png	raster-fallback	0	raster-asset	f3d1b139363117aecb645c2f85d0e1d0935b579893a68170c8e5cb3839583464	695b88c152cf102f305f0ea48d3de02bfbbb524fb39877f23c0839ca85202a4a		
1852	Red-col fg-alpha Print/print output/layer_554.png	raster-fallback	0	raster-asset	3ba0770350bcc95044df582c8841cf16432afd2a7c5ffc64402bf125e0eb6470	a5e399134127705883caea36515446609d9cbd2c3024157780e6d43113cf3d56		
1853	Red-col fg-alpha Print/print output/layer_555.png	raster-fallback	0	raster-asset	bf43337636729a2114d9d4cc5ad12e79fb9a85ed8d3501d061a08ace2832520c	a646ae89a367ec1a0f658ef8177d8c629ce6009d9cb5e98858b848da2cfdd68f		
1854	Red-col fg-alpha Print/print output/layer_556.png	raster-fallback	0	raster-asset	737faacc77035c1770ec34c2d3ff537632865a55dea5faee1e4fad27b1ab30ef	1bb7d2c14d64ce8f4a4bf895bb9342f15d007b8905427df8862a50e8702ab170		
1855	Red-col fg-alpha Print/print output/layer_557.png	raster-fallback	0	raster-asset	334711e6481b75783bb93b7c1f5d3d1b9517b6ab1d12f04bdd57661615d4a7b0	e32058e45f889a24f1293ffbef59707f985656caf4133a63a602f56fed108db2		
1856	Red-col fg-alpha Print/print output/layer_558.png	raster-fallback	0	raster-asset	2a2c000c83ad99866d1e47e8a403a56bd4e62a6d65280d94954ba0e7d057ee83	d27a61b64fa969d3ae4ad35268d6d1dca91c63cee8bbe8a09cd7193da4b13413		
1857	Red-col fg-alpha Print/print output/layer_559.png	raster-fallback	0	raster-asset	b6a9832514e70c5e2624918a62f7f789c24accad96e275291198a26fab799074	27ab250479cd954d1548a46fcc6840cb733a4fee09c968b96d5f0d1dcc2a11dc		
1858	Red-col fg-alpha Print/print output/layer_56.png	raster-fallback	0	raster-asset	5489cf89c048875006adbe6a4c13ea4744c48100d80ceebeb613c9d1424f8b45	bbe1b5c7f82085e7f26346f87f89dff4b728c1553f0d3f046dfa6c3baf11002f		
1859	Red-col fg-alpha Print/print output/layer_560.png	raster-fallback	0	raster-asset	b34498c0332788341f2e56fb4d0fd076c15506aa552fda44a9f051cb49604da0	2debf5ec7fb50dda4dcb69d17c4ad4a5c88960f2e7e917087c9b25e29a406f72		
1860	Red-col fg-alpha Print/print output/layer_561.png	raster-fallback	0	raster-asset	25b8b95d2617e1e530bf96b6ca140cc5538421325210d9a7e39ead4245669fd2	22241ed8dc76375035ec3268b4a2d5c0f2e27dc07a6e2ca48d25a1867afefd74		
1861	Red-col fg-alpha Print/print output/layer_562.png	raster-fallback	0	raster-asset	a7ea927bf319ab3860903aa4749ef462cf706e2f5fa4f86d59b46bb0cbecbb70	ef53b9bad2f5440a0b0001deb2ff1bf6cb765af541081918a59c5a8c27e7e6a6		
1862	Red-col fg-alpha Print/print output/layer_563.png	raster-fallback	0	raster-asset	9e8b55d28c101eceaad74355c2a07dcce68cb7f1e2324c9bb36207aa7b1dc415	e8b32fdc9f0700da790165c75adde755ee3e6b561f49b653df49cf644fe9e40b		
1863	Red-col fg-alpha Print/print output/layer_564.png	raster-fallback	0	raster-asset	cb957dc07cbcd4f370391a2b394732e15471e651c5db6750c496fff1bdcffebc	14df49dcf85c76f3b55eb5ab3367a2c5467c9229f20d0b568cc6fe25a69879f1		
1864	Red-col fg-alpha Print/print output/layer_565.png	raster-fallback	0	raster-asset	f50c878e8b1636c3fa086f8bb43a828b695d01694aac4084502ed69a79878237	7ed7b1911359fc5423e2d86a7ace8719b0a20a560c6ca971dc8f4980badc6257		
1865	Red-col fg-alpha Print/print output/layer_566.png	raster-fallback	0	raster-asset	192ce4902abdd2498f98bd5910c442dfc9034386b5198ac05d1cb323ce153b2b	c4d66a80f1407418d344f63922954545677cd36a002c7d143f5542081173bf38		
1866	Red-col fg-alpha Print/print output/layer_567.png	raster-fallback	0	raster-asset	26b049bf02f294c735dee5de95a49e6947a2fd668567b58a0a478c4ebf402fdf	f25767838b9c74e5f31226f8c302b2e6e579bd8fc1b3b749dec4f61c8aea3a85		
1867	Red-col fg-alpha Print/print output/layer_568.png	raster-fallback	0	raster-asset	d2a05deeaf5cc4526fe94e0e17533ab1b1a5b4d386b592f296dddab66d24e98d	a4e62aa842251032c83d7aff8aad1bba8ae7e4bcb7585ab448f3a57dbef9191a		
1868	Red-col fg-alpha Print/print output/layer_569.png	raster-fallback	0	raster-asset	994d6a35308834c7d142a186b7b30b7e94ee9e827ce65c7567a469bf418e7c15	ae485b38728e4efff6a8ecb2e38ad2c2d5d4c5f51672aa397804e48bd4f39759		
1869	Red-col fg-alpha Print/print output/layer_57.png	raster-fallback	0	raster-asset	952d95fbab51605b32d9b92767a980c5b006c3a0cdb9b07cdeb9dd4ccca6ae0f	46116178e7013fa22744817e16d69d7fe368a98eaf3188dd5f5cfd48755599f8		
1870	Red-col fg-alpha Print/print output/layer_570.png	raster-fallback	0	raster-asset	f686358e0f6a166fefbd101a8d71e0ff432e9603580df7fc7f7d95b286d52c7d	7fb5044d7c0cc595e24c0a89db0e54740c69ea93e4725a2e9905f22f59c21cb5		
1871	Red-col fg-alpha Print/print output/layer_571.png	raster-fallback	0	raster-asset	4bd12c04e8cbda877ab6269fb4e4fec258c0026551637cfb19679d038c03d536	6d98f9f6bbaa3390652db76337746a8aa9ff2cc22394e2dbd055a89e90613741		
1872	Red-col fg-alpha Print/print output/layer_572.png	raster-fallback	0	raster-asset	638ebd1543d7bc6cfacf9b1141873602c339679e5956b6b62d8da731b111d445	e42f8a5b7d401c947a53aa02851b2978f6376a0ec7eaa2353a736a29d223cfca		
1873	Red-col fg-alpha Print/print output/layer_573.png	raster-fallback	0	raster-asset	6f8455d47114bc1a27fcd3d0ea0a2eae7052598fca70d93f4a23ce685a28448f	377cba655dda56be09ec01566127b389b9032ccf0da613a40285c211c8aac0fd		
1874	Red-col fg-alpha Print/print output/layer_574.png	raster-fallback	0	raster-asset	88c8f0b40c7fbf261052b166827be072ec3bc8d849645ecf914f9cfb1b573110	4b7ded86a12491b9670d983fdf74b3f8e740044330932f12fe2ae706630614ae		
1875	Red-col fg-alpha Print/print output/layer_575.png	raster-fallback	0	raster-asset	feb9e0b88c7bd39e0406b9ba9305a3f2443b49fd9926a170074d3746304a3604	f821e4bf19ac3b313fe86600473af8bcc8110a5a193a49bea5ca054abda7aa01		
1876	Red-col fg-alpha Print/print output/layer_576.png	raster-fallback	0	raster-asset	2a301619eeae799bbdcc2269cdcb77daedb21137ab90fa19197f1807c49dcee3	2df74efca29a73e83551543757a9c2bb141db1e9cf85420a736e095ef9506301		
1877	Red-col fg-alpha Print/print output/layer_577.png	raster-fallback	0	raster-asset	643d0c6523581035b7cbe9583b7857a5942f0d86eac95a22010bfefe6c66a048	4426a9a2ac70fd0dedfdc26ecef93855cb3d4146669b7ceee48375b0121173ef		
1878	Red-col fg-alpha Print/print output/layer_578.png	raster-fallback	0	raster-asset	4a3e1e5600b6983a250329287c3f187ad86661c03ef8de4f99d98187f1d53658	bf3a3a3741671d4047293040075f68a4bb4b551256f8fce3b975b1bc75fea598		
1879	Red-col fg-alpha Print/print output/layer_579.png	raster-fallback	0	raster-asset	f65a002b0e85fa4f656b8e381f9b5fb11ac2db7425655b1e329c826f32e23946	f1b57292c9e94126a57eac6e87ce88c8ad8502bda53e2bf2fb3ff4ee9291accc		
1880	Red-col fg-alpha Print/print output/layer_58.png	raster-fallback	0	raster-asset	a3bf8682e035fc298c117a9c4e21981ac02b90f6d9a28ba3c056d060424881fa	9851712d1f11446192f7c90f60db1dce96c353ede8dce846701d18778313bf39		
1881	Red-col fg-alpha Print/print output/layer_580.png	raster-fallback	0	raster-asset	4983d4597354d2488d22dc7e48bea942dbee22b34c52703ebbc85711323c7a78	1fd56d4f5873dadbf6bd04cf1b2557d4e93d145ec0bb4d7d742973bf2ce177eb		
1882	Red-col fg-alpha Print/print output/layer_581.png	raster-fallback	0	raster-asset	2fb09e8fe856377cf0752a24e5bc88d934114b8405d6ca1f7bdac4de23a74fef	8db59fd90b9945cdd742637c21562b42a25910d7e5691626550b510dd9fee2c5		
1883	Red-col fg-alpha Print/print output/layer_582.png	raster-fallback	0	raster-asset	c687a5e00025ccdd9138d8005a001318a5305c6355a3a03fb25e84d0af8e335a	cc743432cbfa4f9c56d1c38c004610f02da4b9486bdce30c18fda1c3ee701189		
1884	Red-col fg-alpha Print/print output/layer_583.png	raster-fallback	0	raster-asset	b75ccf4b6520813ac7fc6bd9919284d2f0347ae280dec0be7cd5542752decbcd	bf62c7fd98cf5ff03d5f4ee97fa461d26279fe5de070505d03c657e0ccbbcf7d		
1885	Red-col fg-alpha Print/print output/layer_584.png	raster-fallback	0	raster-asset	e7d50239c86a8689833ac61ae71a5d93d392ad0286541e99982eb2faf5d86f47	9ee5ffe95b20f9f520ba22d17f1b64fdd34504d54c67892702d4e9a781b6adc4		
1886	Red-col fg-alpha Print/print output/layer_585.png	raster-fallback	0	raster-asset	2235a44ee72b54064e2e1aad5c8e9ec5867b38da4346c382ed2b69780572b3c0	77c1a00af1dc2ad00715e695d29f502b595bb256f37b9a3e72ecaf88949d35be		
1887	Red-col fg-alpha Print/print output/layer_586.png	raster-fallback	0	raster-asset	1e81b2ade059cb5622afa15afb5d9210e197c7db74a8262875c26a4f6124fda0	9472406df13d7bf7312fff5b66d8fef80c4b6c7d145b9126640b6e978e18f18f		
1888	Red-col fg-alpha Print/print output/layer_587.png	raster-fallback	0	raster-asset	1334529030148e16d750f021c04003311cecb4a0ea10d1a1ea3f23fbcfb8d17c	8259d80c9c61b51db2050eed4f7fd897eb365bbd29d64323199ad5e4384dcb1e		
1889	Red-col fg-alpha Print/print output/layer_588.png	raster-fallback	0	raster-asset	dcc2af9a98e9822480dc4ac3745374991abfe5b9773633a4d37bb86cccb9fc2e	18c6737347053f11698c257ece81338992db60a5f0276728e9065bf725d7722b		
1890	Red-col fg-alpha Print/print output/layer_589.png	raster-fallback	0	raster-asset	c39b10e532f69daa565b7c05dafce85250008050536f492391c8ab2a36347790	c4486825c9beb36e8eb56a164e59a58111f7249640a97e23b0265f039e31b5db		
1891	Red-col fg-alpha Print/print output/layer_59.png	raster-fallback	0	raster-asset	3e83645b63ab95f52c8096799e9bd9a4518ed4382d6673e33951343cadfe0b4e	7a88360469e9abbdb0627775ad4b3cf3a91698bec8f76beb443ae5d26cad292e		
1892	Red-col fg-alpha Print/print output/layer_590.png	raster-fallback	0	raster-asset	6f1fd7af687236adc68ab752cf3f035753e3434f9ed457807e85b23b18a0c8a8	bf0e0067e02e77017dbe1ec4141d8b685f721e7bb0cde0ac185c88a5f72eb886		
1893	Red-col fg-alpha Print/print output/layer_591.png	raster-fallback	0	raster-asset	84f0273d28dd6d98e48a7e13622fb8cf202e008769a16d06de175fcc241ae8ca	864ddb5c7a461c0efec3ba29e8d4be76b8605660cece604fbcd82abd0353bd66		
1894	Red-col fg-alpha Print/print output/layer_592.png	raster-fallback	0	raster-asset	a4f255a19c121def98edbf3ba52c9a1082374bcad9c2b6d0e5b51bd52b036a74	d01dcf9bb5f06bd962da234b0f1b5ff796a4cbe999eb2e829325afed9ed6ef1a		
1895	Red-col fg-alpha Print/print output/layer_593.png	raster-fallback	0	raster-asset	ab1e96f440671a7aa99d92afe72463bcc2c31fcf90ce1f7ac52f537e744a78a4	c3a0981ac162941985f385bedbcb3cf7ab08a4d1dcb7683a504f9a843c749a9b		
1896	Red-col fg-alpha Print/print output/layer_594.png	raster-fallback	0	raster-asset	711cd0d1dab073b2c565361535a187a0a36075dd1f6fedb7f77cef089c254102	6a9f2fd5d84ba65dd5b1b16a85e054fa77a624ce7bfebed0ab760e2590582e49		
1897	Red-col fg-alpha Print/print output/layer_595.png	raster-fallback	0	raster-asset	54ba6f5bb28135f72386dd1250890f1ea3ba971313e68b3e1f19e4e3bc70a60c	42eb74bc11c6f0a803410648b08350c66f768ff256b4708fb57ff0a783532c58		
1898	Red-col fg-alpha Print/print output/layer_596.png	raster-fallback	0	raster-asset	03494eb3f9f484aedbc991d18aa184d9827adc092cea786e3a2f7b949a5323be	0dc790ae971a318db2d7c88740f1c804b91533e7bbefc342d56cc064f2ecb142		
1899	Red-col fg-alpha Print/print output/layer_597.png	raster-fallback	0	raster-asset	e339488657ddeb2bf39dc442fcdf2451f7fe8500493a956db8384fd4733fbcf0	44c35326a5b9c408d98c74ee8e9452afdb464e0fa93187c179cd1a402b64ce3c		
1900	Red-col fg-alpha Print/print output/layer_598.png	raster-fallback	0	raster-asset	c1e36407e372322ae29ad54776151030aa9016fedbcf1de1ac85455c5057a6d2	8691f574f21a147dff59a18499fb4f6aab0452327c4b54e55185c4075e998715		
1901	Red-col fg-alpha Print/print output/layer_599.png	raster-fallback	0	raster-asset	2df95a82efeee26d61cd730260a6c8a19a5715f00013c2fda93b84aa45dcaba0	9b6b89298a6d26ec4d9c1227198f6e0a937805282eee073b13da680744cf22e1		
1902	Red-col fg-alpha Print/print output/layer_6.png	raster-fallback	0	raster-asset	12d6825b9e758986ad6972bae072760b3b9f7e5fbbf1b03913e3af334bade556	0d8c9ff5eadc9d2897436bc1d4225e6c1f0676de2ac490bccc08e10eece93be1		
1903	Red-col fg-alpha Print/print output/layer_60.png	raster-fallback	0	raster-asset	6677bd9aafd7bc2f83c607c71055baf76dabc587664b16b6bda27504363c52c0	fa56c1da9cfb07f24d2e0d1505c82f97e1da50c8a93fb0e89baf28d89547d7e7		
1904	Red-col fg-alpha Print/print output/layer_600.png	raster-fallback	0	raster-asset	02e5a1ec3943c1e3a0f6407b5283209542468d3edfb56f49a4187300d2b3ddc2	e7ad9b3decb0ac57502dc036cc1c20e787fd68a4afc6cbaff0a42a49a7f9b546		
1905	Red-col fg-alpha Print/print output/layer_601.png	raster-fallback	0	raster-asset	7dbc0e66af614ff1ace8ef3f56ebd5adf22e4c398f73e3de3676d10777feaa01	4abbeef34c91733a54f793f5a8a710357873e48fa10ab908513da40db208624d		
1906	Red-col fg-alpha Print/print output/layer_602.png	raster-fallback	0	raster-asset	6ce6579a620633a34f5aa2fca590f31e146508e9087eb2f72ff229110d57c394	d01e4fa0f13d6cc67765d3fda248b98d10bf4838244e3e1ba54829849f319c42		
1907	Red-col fg-alpha Print/print output/layer_603.png	raster-fallback	0	raster-asset	ffe1d7908d3a0bfc95b267acc878957076c02a6a78b8c72eaaaed60a1e494e7a	3280125a57b5548fbf15b003ae45f50b6948d71ac1bed4a8a041e5420b4d99d1		
1908	Red-col fg-alpha Print/print output/layer_604.png	raster-fallback	0	raster-asset	97d2f99d20cc37a078f44653b9c6158745468c4b6d8ac7f76c33d0caf12bbc52	64336c09f4d61db097bcdfb22a8965f096bf0748a58a68236b417ae321773632		
1909	Red-col fg-alpha Print/print output/layer_605.png	raster-fallback	0	raster-asset	358123d8cb5248aed4feb3b233e68eb6d1218575d325f6e2fcc1aeec3f49a717	958d974f6545ab8a855f715f60336866c106c7868fc5063a17ed8957bae4b908		
1910	Red-col fg-alpha Print/print output/layer_606.png	raster-fallback	0	raster-asset	b47258ab1b2dac103c91667f2a2800589882315401e830505963aa6151c549c9	01ac610739a25ad711e9d5214979dda3b670bdd90f1f81ea1004747c7ef2f93a		
1911	Red-col fg-alpha Print/print output/layer_607.png	raster-fallback	0	raster-asset	fc6751380093cab5882e86f5f707dcad7e76084148e0b6919149b3864d52b03e	7d38edce78546691c7780d30786db36e9d70f759a1ccf92de0c5b020718a1989		
1912	Red-col fg-alpha Print/print output/layer_608.png	raster-fallback	0	raster-asset	71564adf177a4e704821d003521f07e610f3cda14eda72df884e1d12921dd3dd	d19e6f862aa20c2dfc182cf4e9926e34b1eada5c95f6b35df45c07c026ffca2c		
1913	Red-col fg-alpha Print/print output/layer_609.png	raster-fallback	0	raster-asset	cc6aafe6e8c717350246c648569724eed58919750a3cd3da01889274a439f517	a719bd90ec8b92279c8c3947806bcfc2e059fca7f94892c3ac4d4e2ebcf444c3		
1914	Red-col fg-alpha Print/print output/layer_61.png	raster-fallback	0	raster-asset	d816fe9d83bb9c6a84c192319cde41c544c8d95e70ba0c4da87ded943544d5d2	d262a47b317c7b252f26fff1b9b139e9d697601531ad28b880a78fff5f7c4a13		
1915	Red-col fg-alpha Print/print output/layer_610.png	raster-fallback	0	raster-asset	8dd57d0390a32804466f8d2720378795821b8b26091f69f08ee4ef15aca0573d	fdb15fdc79140766ee76e569068928b031976614a7190a53eb0ccfa1e6b72c36		
1916	Red-col fg-alpha Print/print output/layer_611.png	raster-fallback	0	raster-asset	29f6c6f64e5b7e188eea63d697d8605b930cfbbe6d073686698f9c435b9c887b	cf957aeb443a6531ee2bbaf0b4483fdef59ddb244e2ffa0e61fd3b56c613fd55		
1917	Red-col fg-alpha Print/print output/layer_612.png	raster-fallback	0	raster-asset	e3009617f78e2bab24802fddd30c9cdb1396011c35d45db8abff6d797ba88fdd	1c95d062575aca3528cc838eedd81c5ecf04c8e8651bddca4801f1c3faab0d20		
1918	Red-col fg-alpha Print/print output/layer_613.png	raster-fallback	0	raster-asset	a410906cbc004eacc442a8ac7654d8a7e76cf4dd921e916a824cf6e26822de7d	d03ec2e3d3064d420b22b214d843d8290e230f17cf1d9b288d0626f95aae090d		
1919	Red-col fg-alpha Print/print output/layer_614.png	raster-fallback	0	raster-asset	9c400fda60062867a8403ad154c2d81bbf05b2afd78afa0bada408d746c8a7a9	7e2f83e33f03a887c57e704ace05d76f31c668c14c5e2b2f238cbefe5daf582a		
1920	Red-col fg-alpha Print/print output/layer_615.png	raster-fallback	0	raster-asset	2f3eb87508f5f19cfaa671e11e8e71efe7c3b539de6ae755d4b707ab4278bdd1	1fa4d3213396a67df06ae593967a3717b8d77aecc3544aa995b1f3215729d945		
1921	Red-col fg-alpha Print/print output/layer_616.png	raster-fallback	0	raster-asset	6fa2b8a8b5701cb8f1201485c73b566781dcd59a07db15a3d74435fa0a69e58b	3afc5d89ce8c946136432eaaff7a0db7c1b38c93302fc43aeec51eb5a4a1de09		
1922	Red-col fg-alpha Print/print output/layer_617.png	raster-fallback	0	raster-asset	382e06ddb4287a43fdc4473fb5083821b3518e54a20b768b0dadf53ff6eb7806	6f7a2437f305ee21a0cc63de73d7263827a121b4df2ee7b5d0206b3af360c40d		
1923	Red-col fg-alpha Print/print output/layer_618.png	raster-fallback	0	raster-asset	b9d0e7d1538ce2a9ca795a791487944ea1f2c2e91820c975ae0a0b4914cf8a05	37e09040f49f619d2f2a86ec8b76a73eb44ad776aace3a3d790fa844a2cc0be3		
1924	Red-col fg-alpha Print/print output/layer_619.png	raster-fallback	0	raster-asset	92d7d3d0d652eaa42d04c031fe4ef6d013742318556efd7a42c986ccd9c87ebc	326605e60d65388dafa0b901a203e1b313da77eb5295afaf5ce3d42066c9bf6d		
1925	Red-col fg-alpha Print/print output/layer_62.png	raster-fallback	0	raster-asset	a5b8c8e1d9280a180c353e6e2f75b350d21d4c0ac991e1e2d733fefd517b828b	822bd7f790efb156f4f56c9fc18d3aafbaaebbf56c42104ac2a2ca3dbfc32feb		
1926	Red-col fg-alpha Print/print output/layer_620.png	raster-fallback	0	raster-asset	8c12b8e38e3fb44f1f15dbbd71946d92439c464ffb3776f74fd5e7598987d9c3	c7091a977111fb54d7fc6daac441937445ad94a7efe8f8d605cb63814dd3149e		
1927	Red-col fg-alpha Print/print output/layer_621.png	raster-fallback	0	raster-asset	50643784616409b9b434543e01b908870c613ed24c6acf352e870707238f901e	72d9ec5f101f15aec38c687ae1a68c134fe0bc65c0d67a4feafb0674d520f0db		
1928	Red-col fg-alpha Print/print output/layer_622.png	raster-fallback	0	raster-asset	d100e3525b7d0c47b6e5f66951907dbebd488e3ec9456ed060727b89d825bb3b	3ea44d7eefc9ae9b0d5f2dbf9bd49841fc07814ec27adfd5035c65868764fff5		
1929	Red-col fg-alpha Print/print output/layer_623.png	raster-fallback	0	raster-asset	4f0ef568491659833f7652c5ff48da727ff4daad2ae77106d7188718ac45e5db	c9e1e331d832022f8966475ba054ecca7110a70bce759e1dbed67c14e3e92a63		
1930	Red-col fg-alpha Print/print output/layer_624.png	raster-fallback	0	raster-asset	653f408a63ef90d93c6328a86dc918f7da83855fab7740e9cca4d5b6bcf85282	29130f5d9b1aa46e4b1f67b8e824ce1569d36ba406e8bd4ab141636de7feeb6a		
1931	Red-col fg-alpha Print/print output/layer_625.png	raster-fallback	0	raster-asset	05bdea32928ea86a8452efc0c73f50aa7709e797b3825a2e1f0b7ab3776d79ad	e9d3bc5c58afab83f56f97c04bffaf46ac42dcfce7631cb0a4f58af22225dc01		
1932	Red-col fg-alpha Print/print output/layer_626.png	raster-fallback	0	raster-asset	b27f68ca70dedd133acf78ac4d3457e96f2853a5de660061f04432efc35d189a	e6584bff8891040f15c0b9b921e8dba58904d582408a23f8850d42082d562dd7		
1933	Red-col fg-alpha Print/print output/layer_627.png	raster-fallback	0	raster-asset	899d630335f975cad0423d284ee43f70177ee5aa1a714f5bf2bebf6c95582576	b387178c95a41164f109b71c99b345403c46f2cdf36180ef32f7a3a862e70c1a		
1934	Red-col fg-alpha Print/print output/layer_628.png	raster-fallback	0	raster-asset	1c32b52def3f067684ac08d05640c70c9a6d7628c43cfcb307a8bbb51db2c279	764c36b398481da91d03d6f7a2aa3efd96f0ed4f2c54a9320e684d0405519267		
1935	Red-col fg-alpha Print/print output/layer_629.png	raster-fallback	0	raster-asset	7f487163da94e8e32a0f99fad64c6d5d7ac34fbbb57586b31f3ba53084e43d1a	7ffebd0b44794f217362fe14e5beece68495d91c32e0862d26dccce2ee158db5		
1936	Red-col fg-alpha Print/print output/layer_63.png	raster-fallback	0	raster-asset	09a96164e8373d21ca9ff19092aca497f285117cec70d30893d01c8879ff041c	75d09ede977b2b5d783ec2fcda9257cdac389c144a971a920ab570f549255881		
1937	Red-col fg-alpha Print/print output/layer_630.png	raster-fallback	0	raster-asset	46f34fe6534132f5112b629f65ea10e24d398667a8b1b990170b4c6a1d6c2383	fd26f15ec4113dcb7e5b8192514fde3e087d123adad54b95255ec414141dade4		
1938	Red-col fg-alpha Print/print output/layer_631.png	raster-fallback	0	raster-asset	1e0caebce6f46b2ec349d958d7b62ba8df3c7d25425f406ddb9843d4400ef909	23ef31feb8951844790fadda3a38ead965e83ec9d8408f7587b8b46faecda0ab		
1939	Red-col fg-alpha Print/print output/layer_632.png	raster-fallback	0	raster-asset	d6368b1bcf76535375becaf29416f396b370462193a1475c0f8e239f564b43dc	a8e6cc0b891818fcad3b2fb6a7835b16aa9ec02d4d457c241930fc6cbbe923a7		
1940	Red-col fg-alpha Print/print output/layer_633.png	raster-fallback	0	raster-asset	de65aa0a082830909269f1412ebb72731486110d94bcda7ebf65416b947c5b8f	07069c86d7b37a5a018f4cc0778bb3bd535c7d321904f24c21f9e5409f1806bb		
1941	Red-col fg-alpha Print/print output/layer_634.png	raster-fallback	0	raster-asset	d1338ee7b0cec434ef4092ef34a9f07c4cce2df65c33b28c61ffe3b482a6e149	dc2045214827cae6f9b31dc1eb0799dcaa45b4c665a336235ba1ad3fd8c9d626		
1942	Red-col fg-alpha Print/print output/layer_635.png	raster-fallback	0	raster-asset	f853d56aa67ef11436bd3585e9eb7593ae4ccf82bdcf2ea66bf5b05e667649b6	c4a89e5d0de6751c4a63d24f431ee45db7c1efe6bec311958edfe000854d87b2		
1943	Red-col fg-alpha Print/print output/layer_636.png	raster-fallback	0	raster-asset	6a5f3b8d17384150c4b87cb51ffcf3e1ee05096db93ec67e6758d7f5132700e6	9748e4dd8d9f6db62cee8b188da517103d01cde90c490f6f848097f19db61724		
1944	Red-col fg-alpha Print/print output/layer_637.png	raster-fallback	0	raster-asset	371ba64958680ce943cf6db4379ef6a56e3cf09d6ac69c3cdd10bd450f70a291	ea8e97202160d6f5f0baba27a1b033b17b62ccecb412077254d5876d1bf65834		
1945	Red-col fg-alpha Print/print output/layer_638.png	raster-fallback	0	raster-asset	0eeb930df1bf30651c33e5f63aab034274f4132b533f92638981d64f8be7f52b	286ba671d8fbbf5f4cb8cb6e88180b69386255216b1aa6747fc7c44b5966cbf1		
1946	Red-col fg-alpha Print/print output/layer_639.png	raster-fallback	0	raster-asset	291dc4cd92e14421f0ea5eb234ffdad482ca6e20d7afce97ff9f5c4eb2a0fad3	33a2b87d57d84a94f55475689f131e79d67091f978ba6130fa2f8c1e76519b7a		
1947	Red-col fg-alpha Print/print output/layer_64.png	raster-fallback	0	raster-asset	f9714c3bae7d4374daf5dc713b3ed71d57858367281e97a3b5510bfc32c6bb8e	7ce9f6f12b6cf43ecfe66d87aec7c8c8ef3e78057cf2991f4c11ab7980d094ac		
1948	Red-col fg-alpha Print/print output/layer_640.png	raster-fallback	0	raster-asset	73f6b48b1bdb10fa987e3739a7a9a3cc6fdcbff8f2dab43bc9033016247d65c8	8b009e152b20c60351a069941bde9ed39db48bbe8e2b95296b20e0ecfd185e3a		
1949	Red-col fg-alpha Print/print output/layer_641.png	raster-fallback	0	raster-asset	7cae1472c82e151c6b50d106db3fa550a0d4c6579aa61a57d401d2fca1eaec80	e7eba0dfaf4a744f62ff76b2bae90ec19ac859683206016c85a29706c2e8f82c		
1950	Red-col fg-alpha Print/print output/layer_642.png	raster-fallback	0	raster-asset	0800c760a7153b35af21d083bc2d02fe7e4966cdd458afece2988c021359acae	8b8119e934e65d72f7bddaaa6df6bc101f79f305d4fb4f481bfb017413d1234e		
1951	Red-col fg-alpha Print/print output/layer_643.png	raster-fallback	0	raster-asset	9a9e0efa38ad168f0cd2af343468667ef6d37a70fef1016c54cfcbdfd91b04a3	55837983c36201cf7c66f8e5ef40b8ad136161816250d8734c5c98a6a4fbdd43		
1952	Red-col fg-alpha Print/print output/layer_644.png	raster-fallback	0	raster-asset	ef8f51947e91e35fc85202e1e5e0327749460383dc814136b2b59b48db99899a	262e086af4f5d592477f583c87539674eff440865d852244e992adb59b63912a		
1953	Red-col fg-alpha Print/print output/layer_645.png	raster-fallback	0	raster-asset	b515068107c0719d854830851f089d55557dd788f61b27f70df3fca7b42a4091	ced67574fff3f2a44e1c49ae5561f10e9fc451d518abe57ce801322534a4c542		
1954	Red-col fg-alpha Print/print output/layer_646.png	raster-fallback	0	raster-asset	720082f2c052e77b1e65123d01907794424421b6a88621561c7e153f5860c6c3	4752f284353db3c059ccbba869ab3f522b45c14885f227ec6b152c1cfee1f988		
1955	Red-col fg-alpha Print/print output/layer_647.png	raster-fallback	0	raster-asset	05eb606be51e09b67bec6fb9806b0b78491721fd80f7652d5d284846b92294fb	f2b1304a29f62b403c157acedbfe85a152c39651898b147c9b57299f4fc55352		
1956	Red-col fg-alpha Print/print output/layer_648.png	raster-fallback	0	raster-asset	2edb887013021cd5ddbb7827a421e8baddf31e3ebb41bc5cfaac295f23619055	72cc3646d747f4181f686f85431e02e85fb29bd4debfe733ec7aa5d00f4b2c61		
1957	Red-col fg-alpha Print/print output/layer_649.png	raster-fallback	0	raster-asset	297260cf9e8e1a3c66c88bc81b9d23aa4f0e67fe2ad8b23f1d030e944fe6e0c1	9e0f35d458944b8cfd60713e48eb51802144875000362d1a598788ce0ec91f44		
1958	Red-col fg-alpha Print/print output/layer_65.png	raster-fallback	0	raster-asset	b688aa42cf24c0638ef084060e6e5999c08fbc186fa09461498bcbfde1bac84a	8b67947ed157a2e7aa9ee3fdcc0544d2c8dc82928f04c78c978c6a02fe99f6e6		
1959	Red-col fg-alpha Print/print output/layer_650.png	raster-fallback	0	raster-asset	4261702870480dcc9434ed85c234c853c9e293ff3c2e9a14d28b1f9e15208bce	bdab15c16d333ba5a11b894df94954e4dbeffe672a1de7d133c50dad2de86fad		
1960	Red-col fg-alpha Print/print output/layer_651.png	raster-fallback	0	raster-asset	f7d28811eeca156189496f8881ec5a8a8356a11908595061a89a871ddfef065f	3a22830b2ad03245795685bc0587bbdffd48855c5b3943d62015f240a02912f2		
1961	Red-col fg-alpha Print/print output/layer_652.png	raster-fallback	0	raster-asset	49e189ab048dcbb529c10c63a42d8d798fb6ba7e9afc9040077e0608acf8ed38	a760fa4a18e2199d87dd0d03d26ceb293f71e6b57375b20dbbe12b3d8f3080a7		
1962	Red-col fg-alpha Print/print output/layer_653.png	raster-fallback	0	raster-asset	ad8fff8e93c8e0af958e83c5af472e372d99f6ca0cbdff37a3160ff9523fc963	e1d36251bbd78d1d7e9e6230633c4203b60580ccb60cbec700e2afb33926e9ec		
1963	Red-col fg-alpha Print/print output/layer_654.png	raster-fallback	0	raster-asset	7ad16e99cf723ffc45d38733ab2c7cc5ac1da588784850d12385625c32b83559	08c7252956a90fc882f7bdbdd237d3f5bfc6b256ab36dfd5c2fbfd5d74ed79d5		
1964	Red-col fg-alpha Print/print output/layer_655.png	raster-fallback	0	raster-asset	31233a9d2375620bed4f03abec03e9ae11848545d714aee548674ff94493385d	b93b26be319cea5d32489e3689bda949f607635b3be61b67f594e516b5749b03		
1965	Red-col fg-alpha Print/print output/layer_656.png	raster-fallback	0	raster-asset	6673bc40bf6f99279266987731b8148c281d98b267d18656c14a42964edf99ea	17becc9724def378eff1309e8a96176bfa494ecce70dd7210a809540bb69f6f1		
1966	Red-col fg-alpha Print/print output/layer_657.png	raster-fallback	0	raster-asset	4c1d55fd822fad35d6502d762f7ae7b628a0ea760a6604f8e62507f1c13e6ad0	8b8645227f8d33b2371d219fed2144b9b781d95be2f077a6f27b9c5572b83205		
1967	Red-col fg-alpha Print/print output/layer_658.png	raster-fallback	0	raster-asset	93617c168282788c7b2794cd17b55afa477ec9d85d1d03acb7f0c9388b0eab74	bd34b41ae8c04d42d37026d17bee80b2064c70445c2d517d9f5d80c8eec9ad15		
1968	Red-col fg-alpha Print/print output/layer_659.png	raster-fallback	0	raster-asset	129ce399cf4ec1258be388229bd8c1a30b1bbe40e0bfab9d390610b714a74c77	d4d01f9667791fe72c954b7b6e3b6cf0d34c638e59c3a7c6a46345256106a1b0		
1969	Red-col fg-alpha Print/print output/layer_66.png	raster-fallback	0	raster-asset	ab7e912c2bd05e39c79523007040fbc83d38ecb25c55ccd63d1709caccce23d1	cfc1278ff1af2e752afd79bcfe41ace3c1ffe62eaa795160be9fd31210e8b371		
1970	Red-col fg-alpha Print/print output/layer_660.png	raster-fallback	0	raster-asset	3a28a5cb8aaddb784e45938c130b4c34f2a69b8a561ff422dbb4103692b89b25	d19a1110ede5949193f8e6cdd96ccf1c1704d3e7398807293d0d1206c9f4d682		
1971	Red-col fg-alpha Print/print output/layer_661.png	raster-fallback	0	raster-asset	9f509ee3c95fc740ddd94a797999ca7ccf5c8c1a7aede86c193b8474ef5dd0a6	f40740ad6ccea26cd9c69e4d76f8893b1efe368905820af6c361fa48331ef495		
1972	Red-col fg-alpha Print/print output/layer_662.png	raster-fallback	0	raster-asset	2dbc9732720a1b04d166ebe9ff82b0aa58081e02e1e8cb754e083ade5d114c62	411dd18815e69d168801efd74de94a29fbe17dafee1ceeb44724cedc17dfd050		
1973	Red-col fg-alpha Print/print output/layer_663.png	raster-fallback	0	raster-asset	5f8457d4ca50ff7e4e5256f9d701a0f1f71f01ae6147695c1f164616a7879360	0eca61b001d51fa8bc9576d64b067ab159419f2d8dd3714f1c4688138dab4827		
1974	Red-col fg-alpha Print/print output/layer_664.png	raster-fallback	0	raster-asset	ea2216fc7b62494251b3a679a0daa80922abdf332ba72869a4d18c165134a7d3	f149c31bfb3c8b223cb9c209b902b951d7decb8b7f30734fc1b99a9c6ab56a13		
1975	Red-col fg-alpha Print/print output/layer_665.png	raster-fallback	0	raster-asset	4fec077ec24c53cfe67fbd5794d8fa9b112713ed05d79beb896b05010942def2	53e453bdad612a25e0ab954bc849c69f3a07e162cbfc04cf354b8dceac2f0f46		
1976	Red-col fg-alpha Print/print output/layer_666.png	raster-fallback	0	raster-asset	5f7a6a6328f9400422c93cc4fc26be5afe7483c7d2a93f07c03bfb02c0fb5c3b	772b104c855d6e5cd4a9f4d2a74c2e5aed6c0ba084abe6193952c2d68982a0c7		
1977	Red-col fg-alpha Print/print output/layer_667.png	raster-fallback	0	raster-asset	62b6c58427ed61f5172963d2224388f90d012f6f3d2531b90a108b1caaec335b	394a3023fa25755f6d976b934e08fe15c02e670c92580786fcf455d9235e6818		
1978	Red-col fg-alpha Print/print output/layer_668.png	raster-fallback	0	raster-asset	4cf46a5e3191923371d5f495388042fb5a8324af64fd2d3ef74272cf120a8e4c	4919f7437d762e01a4a7e800d993a6279bdb4ec9cecedd3ba98bb18a9906fe35		
1979	Red-col fg-alpha Print/print output/layer_669.png	raster-fallback	0	raster-asset	c6212017a6f50e9ab0f54aa68f69709d5b0735309cf7b0fbc7e109cbf42d8707	85326c22b5837992435b20b44844989234b202171c3ba080c324de0d2f319983		
1980	Red-col fg-alpha Print/print output/layer_67.png	raster-fallback	0	raster-asset	4b25e2c8ca7a20eeb4343212108c928133a5668b19054b061e63bb8501a4ed5a	11c64ea2e0bd896658c483bf35754fb8749159c55cce5c10256dfbc79161ce24		
1981	Red-col fg-alpha Print/print output/layer_670.png	raster-fallback	0	raster-asset	1e94db8016bb6272bc812bb8cff4dc88926750a4d842e783579552d0889395e0	0d4047a84febaa495e2a2ec1e507bc4a656e0ef5e4518f0273d4cc403d942ec2		
1982	Red-col fg-alpha Print/print output/layer_671.png	raster-fallback	0	raster-asset	a87689a5d920d8e13e2bcf6b1a26df5b2ebb66f1735ac1adad5019e3beeaf463	ffcca869f4f4e326142a7d087dacf21193170c8b803e313d33ae38eea084e5f8		
1983	Red-col fg-alpha Print/print output/layer_672.png	raster-fallback	0	raster-asset	47507b1b60126ae497bd42e063c6f09d0274c40e8b8acb62d405293a03391f0f	d6be37b5e5e297555acb0f484e14dda7145c6c4ac62ff8b069804cf0704bca49		
1984	Red-col fg-alpha Print/print output/layer_673.png	raster-fallback	0	raster-asset	29f700e8be0ce268dab2486e9b8dfb4e9d5634e527bc287942459e2ec8862849	be4436f7b950fed94161b6fa4c4ff19f85cf69ca001fed59e19de724b61fe5ee		
1985	Red-col fg-alpha Print/print output/layer_674.png	raster-fallback	0	raster-asset	71400ad1655469a3c520bc34286bff2fed6892bd4b5020338f9bd929ca4abe2c	534e6c09044fc5ead6265202ffd7b41a8a832e914bf2621be3e222bb3323a6a2		
1986	Red-col fg-alpha Print/print output/layer_675.png	raster-fallback	0	raster-asset	f0a7e530b8a70b3b2de2c36c62d34dff632f895f4a6cbc0824203c0b20594f18	1c81241f601e37875a320a943624ef0370fbc37053b9e7b7667aa8eb515c3a47		
1987	Red-col fg-alpha Print/print output/layer_676.png	raster-fallback	0	raster-asset	69a0178861fc8642ed2692c12594c0a62199651ba7b41c6dfdfbf20a2faa6feb	6b17332b2f1ed389a86330bb310d9e410154f94659e419ae1dc5cf0b02e739ef		
1988	Red-col fg-alpha Print/print output/layer_677.png	raster-fallback	0	raster-asset	3dba4233bb85c0f0d667a7ce1cab4df434437d7528f192b40797ad53157a87bb	7e375c2521efa58203d5161c25baf83988fd2d01808598e098ace8f689e08ea0		
1989	Red-col fg-alpha Print/print output/layer_678.png	raster-fallback	0	raster-asset	8680fa57a5f3b6dc5409d0a74c80c9c21e0e543b88c250dc31943e1d02874eba	367c938e21541f888842497749368945bf80e517e31593b9ded13e92b4a8ed2f		
1990	Red-col fg-alpha Print/print output/layer_679.png	raster-fallback	0	raster-asset	91846d5203f83d1e31508ce7e404f6d16c5a7f3c8b1e6073bd856a0985074eb4	991adc33bf74bd7c5a70d842b9d237f488dfc9b73801198bb758bf285a331b35		
1991	Red-col fg-alpha Print/print output/layer_68.png	raster-fallback	0	raster-asset	e1c82c9368657631956db08f1df6f59565853791edd4467f6570e861db7acd74	849f208fbdce54be3d4eb4a444ab392c3fd19bc22caa4d417d1867636968eaaa		
1992	Red-col fg-alpha Print/print output/layer_680.png	raster-fallback	0	raster-asset	56bb7a357f736925dfbf96fe57ad8d078da28a026531bae8cc0bbdb0d0d26606	be1a9f0b6e83b159f155f69a69e9661574e58118cdf7fa322127b7f411484774		
1993	Red-col fg-alpha Print/print output/layer_681.png	raster-fallback	0	raster-asset	0b7231291255d53f7e9ea6d9e69ef3aab9e5c4026ceef1cab46b1ee055e37a19	d1ec7b21ac6d885c6b389900a84c25b3ab44448cb7a0613714c40dfeeb435051		
1994	Red-col fg-alpha Print/print output/layer_682.png	raster-fallback	0	raster-asset	8941d52a5a06aa37bcef358bcdbdfdb0a5d0537210abcc9a28861b45e8be33db	4864a4b840e631dbc00081afeffb15f026f724d4e9204d28599b3f7b6e7284da		
1995	Red-col fg-alpha Print/print output/layer_683.png	raster-fallback	0	raster-asset	c8d1c75fb426fc57eab155b554acd8c41d35322cfd06dd278c6db600804a8d51	f88e61012c368e2457c985372fbf9a5daae4ced761bf605aaa38036ffb8e9451		
1996	Red-col fg-alpha Print/print output/layer_684.png	raster-fallback	0	raster-asset	32027437bfd79e914476c369f086fd9a880ae5821e2352f785ebe68bd0d038a5	b74738f2eb5bdd4ae919f3f4bf74ec98e947a3ddfd188c99825d99e6928aa84b		
1997	Red-col fg-alpha Print/print output/layer_685.png	raster-fallback	0	raster-asset	896cf6d2ecaf4275640cf41e828b64146f633e1dd9e5e9406f7168b63ad4e69a	9fd68dfdedb5ac09686d62fa635b31eae7f2d7949a11e90525f6720da2f65cde		
1998	Red-col fg-alpha Print/print output/layer_686.png	raster-fallback	0	raster-asset	2c881bb884437c1c4410f0b9d2b89ab298e09843ce63f8e1cedf88035fd04f7c	f3c9fd234a3e6149520d49f5541835a6a973d6f130a238d8899a5346a99fb1b1		
1999	Red-col fg-alpha Print/print output/layer_687.png	raster-fallback	0	raster-asset	4087e8fc3fba6ce76f27c4822cff462e383cd2bcc01326a309293b40021d0a16	a05cb5b3e24c3fb0ef957f17a16e2fffbfd7426e87044637e8c980ca0ddb1e0f		
2000	Red-col fg-alpha Print/print output/layer_688.png	raster-fallback	0	raster-asset	734034d0652e5e8ebebb502156a81e4e2ccbb5c76784cf766f21d08caa3887a1	743120685b6bd9011fa8c75298d3a35ff92590262548620d857165034d44e30d		
2001	Red-col fg-alpha Print/print output/layer_689.png	raster-fallback	0	raster-asset	375250f291603d11804f83c1d2f5a55b13932e2b410a76029350c83628226294	6a49eb43539393dd9eccfcd80de8afd3fa2ef6eea472b84f39d96bca360851cf		
2002	Red-col fg-alpha Print/print output/layer_69-1.png	raster-fallback	0	raster-asset	35ae9c1af08dac3a21fa1ca435bcd6d3e214a8cf6c1a23001ebfe9cfe982ef5c	9d0cd13d2f1b19c377bfccd00ec8c9fff59363a6e73080583b086974a62bc59f		
2003	Red-col fg-alpha Print/print output/layer_69.png	raster-fallback	0	raster-asset	82194a1cbeede565adecb2b828a15c7796f2dd5e1bd3bf0e1fd32720de0223d0	e5f1d4e8229ad4d37d3e202570083b8425668bc65bc8cddf8f12ade90a96fd4b		
2004	Red-col fg-alpha Print/print output/layer_690.png	raster-fallback	0	raster-asset	a7a5f9d7d85f71b2d5defb65cd7830c32abbb11a2ad3190c4403432d12398c7b	f85d6661c5e6a7ececedfdbb9135fbd25794390696ffa2870788ac2ee449f073		
2005	Red-col fg-alpha Print/print output/layer_691.png	raster-fallback	0	raster-asset	f4cf5caf8e42f0b09e3ec261aded5b238cc3fbce7c0d0886709f57e39ad35b4d	9361d70e11ddb4f509abf34a2ecbd01c191b4950fdd32eaffca60b8c2ac0c075		
2006	Red-col fg-alpha Print/print output/layer_692.png	raster-fallback	0	raster-asset	a76b3d92148b9db8d0dfb3770a0dd7386226567655a4f725c73f56c2d0d5bb39	b9b9d09936abb2e5336b60c7f4afb148b01bf61629b3ea596b6b2869740ec8f9		
2007	Red-col fg-alpha Print/print output/layer_693.png	raster-fallback	0	raster-asset	e26b8455b80ca40f5b110576367bbaefbb85461ce248852f29051b920ecb56cf	0b243acb1b9d5b22cfbb5f77abc915080f558d3d04b16e0878e32a34d8989b0f		
2008	Red-col fg-alpha Print/print output/layer_694.png	raster-fallback	0	raster-asset	683e204e8d5a4ed2622a49375cd5ec6393286b097e6e8dfe213edbecd9131a32	a91fd366cdcc7eca8b908ea61b5d3ba2f81a53020d574803ad5ccf1cbea8b1a3		
2009	Red-col fg-alpha Print/print output/layer_695.png	raster-fallback	0	raster-asset	d76753821cdeafefa68f4289604fbede3ead162df468e3cdd5b0545c1fe5f844	a17e26f68cc6abf48146435f70badb5817780acc4c7620c81a2911fb971acb1b		
2010	Red-col fg-alpha Print/print output/layer_696.png	raster-fallback	0	raster-asset	af8a97a342439704bd456f3d9198d5fc8124f58beca5c969a04cd88a88a69479	d067e8f0f36c6233900f80ada57226884b39ee8e3972fbc3176dcdb0162fb313		
2011	Red-col fg-alpha Print/print output/layer_697.png	raster-fallback	0	raster-asset	718c19dc3eacaf345829bae0ff1a6a7258178c11e8364dd4ed128e24718b44df	ec365cd2fb719c55b5de37b8dc54d92052e0c4db6e08f38b6e60223def079430		
2012	Red-col fg-alpha Print/print output/layer_698.png	raster-fallback	0	raster-asset	6c83e165815c27abfe4c9ddf53668dde8f8f23e333073c66f7207bf5116c1dd1	e284478f407fa562e16f04b7c15050fd4ecd92e369e125d3965bf9016995de6d		
2013	Red-col fg-alpha Print/print output/layer_699.png	raster-fallback	0	raster-asset	c7aaf2ba67bbbf36ec4a066fc2e44449ddc9c73247ac5060e8a24393f949675a	2f7ec174341694f8ce0faa627a85bbf6a6f5a54b8e9d3ed2c8387a7921b15221		
2014	Red-col fg-alpha Print/print output/layer_7.png	raster-fallback	0	raster-asset	1de0e7f05c6f57982671f1f2b25d4a31688f6a554063efe35b240c1a649c5c0e	7520eff1c92a45bdc64a2c44a68dd44a91ffcd63abe7ecba526ce3db83705340		
2015	Red-col fg-alpha Print/print output/layer_70.png	raster-fallback	0	raster-asset	e5783a1b2d39bda84a57f457d8ee5ddf4c104f587dfcc7e2f71b3daff2ca3c2f	782ccdf415fc84bc5af2288ee6f748044c948d9795ed13e688f15c72d2ee905d		
2016	Red-col fg-alpha Print/print output/layer_700.png	raster-fallback	0	raster-asset	495986809b67cf5174043dd5233666c10dfaf1d54f00d54433677250eacb1e99	0665269cb222aa7cad07a1bccd18c74b32c20af369d87e832e3a7885cf360427		
2017	Red-col fg-alpha Print/print output/layer_701.png	raster-fallback	0	raster-asset	5463b9f9d8083adab3f51e493ab1dd8c5167ead44664f168ef6d24b65ac80e23	20d6e8b00e61781e3270a4961ae06b2682fd52e5fc9ffe5a19304f37b56d9568		
2018	Red-col fg-alpha Print/print output/layer_702.png	raster-fallback	0	raster-asset	cf3689c0d717bbb13bf57bfec60cad210d01a52e26f9827bd4e337e1ec3723bd	cb9e011612ac0e3c75fdced6e921ab81d010cf65af312ce41412ba3183365cfd		
2019	Red-col fg-alpha Print/print output/layer_703.png	raster-fallback	0	raster-asset	0d851190043f78d113e8c859009c8df0508862fa20cbd5425d7dc418df34b5ae	ca853254fa81060664a19a05ea97c3df3468705e54f72b8ce11f099b373c26f7		
2020	Red-col fg-alpha Print/print output/layer_704.png	raster-fallback	0	raster-asset	830b8353c2a01cb1f04f1f33c6d49e1e5c69bce905b7b4decb224d5ec308fce8	05c4eb32758f5164be6c7645286060fd196e7e9da5872311b22ada9acd0cc711		
2021	Red-col fg-alpha Print/print output/layer_705.png	raster-fallback	0	raster-asset	fbedae67959e9240297b21302eae1217bcd8170dd3d70fb4f589900073cd5cff	2207bc8486c03dc306b39f1c505d4cc8c75d542f39c27bfc562fbe4462925bdc		
2022	Red-col fg-alpha Print/print output/layer_706.png	raster-fallback	0	raster-asset	ad252bce15457f4a1448c8d02dac3db93b72987331803a03f2cd20580a251337	8cc7054ffa62d111ebe28d45138454fc6442454df631b7519d2eef75e90aa80b		
2023	Red-col fg-alpha Print/print output/layer_707.png	raster-fallback	0	raster-asset	26203d019e3c1207dcf882b76876b55b2c27c84a01084bddf60807dc0f162129	84387e72104b40b7c692592d4588eef3f7f1412f1586f1e4acf2587388960e8c		
2024	Red-col fg-alpha Print/print output/layer_708.png	raster-fallback	0	raster-asset	22896163a6dfd79d3c7764549df11a0774ee8dc4158706fbee29e68b09660589	3670431b307bdc2043b5e8f430dbbe86bcbb5ae61e5710bfa634fba0f78af2b4		
2025	Red-col fg-alpha Print/print output/layer_709.png	raster-fallback	0	raster-asset	590291f5499fd26f1688c0324808030a9a7ecd13e71690315a73074d896b775a	834be8e42373dac9c0ba0ac837ec44b74c4acb80fd8cb600cfc13a25b92ea285		
2026	Red-col fg-alpha Print/print output/layer_71.png	raster-fallback	0	raster-asset	30eecc114e924c0702e459d1fd1e803899431eaad0a7d3b407139ad5a9f820e8	05647ffb20e1cb822d0b9d4851e8d8bd0d7bb3249c6583eb8c366d367ab5f8d6		
2027	Red-col fg-alpha Print/print output/layer_710.png	raster-fallback	0	raster-asset	7803fe0dc6e8ef5a764d6f7028ad3e9b2bb50300cb849946ee6a09bf14b363b2	9b902e11f1f77cec4fc4ee0ae269e78307e2fd655b3dc492c1841568ff831933		
2028	Red-col fg-alpha Print/print output/layer_711.png	raster-fallback	0	raster-asset	a656c548582a6ff77408826ffd40c1ea48e74367acb87a556797defb66124db1	291c77918fd705d7c764f702fb456d2ba31d9c475cbac15e68c7e8ddb5d7f8fd		
2029	Red-col fg-alpha Print/print output/layer_712.png	raster-fallback	0	raster-asset	2ed1d648d22966d249ec6b83a97d05579dd38ca2c2350bc228843a26f4355656	59b9b89f739aeb0f7b4d3757cd52f8e0cc4f72e1836486aec61f8b0f04b99183		
2030	Red-col fg-alpha Print/print output/layer_713.png	raster-fallback	0	raster-asset	6a4da5a12a708d1011c7cfa26ad4b57f0e631c778377b023f565aaaffd23f47e	3041101c76437ac8e4b3979e40939a900aeb09c86577c56507ebd94b633526d9		
2031	Red-col fg-alpha Print/print output/layer_714.png	raster-fallback	0	raster-asset	e69550b1f33605493f9abed3f00f284e9d2f4759cb30db0dfca5107fbeea4419	8361ad61a296b42a6ec1ce608f66f659021387579b545450a196a6bc3b91c6db		
2032	Red-col fg-alpha Print/print output/layer_715.png	raster-fallback	0	raster-asset	c58abbd6c6315976f782bab751fd8bc8f4d7a2deb3ef72e3683a2b5c98b7f124	407514b8d90dcff2a1eabef90f7466f311dc64d50644425946b852c46394e28f		
2033	Red-col fg-alpha Print/print output/layer_716.png	raster-fallback	0	raster-asset	549e15af0f6dfd50b360f6b9664abc1fb086eb7588535481727dbbc3ea1a1a90	d9d823599ba7f7b44f2f91691277ed57d0f3dad104f9c5a913f9968128ddded3		
2034	Red-col fg-alpha Print/print output/layer_717.png	raster-fallback	0	raster-asset	2697b98c622147f4d58423af20975916413059faebdcb3af650cba58bb77cb01	50b47a0bc9d28a62029975704d82774230e44a4da1d7deab96fb94d1817972e5		
2035	Red-col fg-alpha Print/print output/layer_718.png	raster-fallback	0	raster-asset	6e6d9af7d270c78f58c7fc969ffcc05cf3a78d2da4ac9721b8c53159a162c30f	13b95a17cbd4e51d17cd3c692248db5ffea3cb1a1655f6158b0db69a66c853d4		
2036	Red-col fg-alpha Print/print output/layer_719.png	raster-fallback	0	raster-asset	e7374d7f0814cda0898cd34cdb0eb60e88ef3820204bfda504e0e2e03ba36951	7a01550196ad351922a584b8587d27b0d5d9c04da6cc9d884126ec59091ace4d		
2037	Red-col fg-alpha Print/print output/layer_72.png	raster-fallback	0	raster-asset	b2f59d1a24a2415edb8d9e6389c0a1c3975f1908d323c8cd429d316be8d1beed	547fdde0197ace77d73e4786932c63809f0d4d552c3f1f7e98471ba6911db4b8		
2038	Red-col fg-alpha Print/print output/layer_720.png	raster-fallback	0	raster-asset	714b38cd19e8b332292629aa0c4667cc21cc8d587b4586461fc17ad622725811	e88ce579dd9d63b2a4b091bd02570328377e18a36e1f09be26f420f09292bcb0		
2039	Red-col fg-alpha Print/print output/layer_721.png	raster-fallback	0	raster-asset	d2c4db106050241aa586a270fd4f42689d8a6cdb0b5874d991d5f835ae629a4f	ec3846e9a87b82c91c67499a7b41b25fbfc46dd647bfb769d5a6dddea0259816		
2040	Red-col fg-alpha Print/print output/layer_722.png	raster-fallback	0	raster-asset	7ca42e4beac833c9e109536a2458f1413619d962127b0ba4d73c09c5f10b5ced	03daf041bbdcc5062ace51d8d1b87ed450068cdc8be7ce465f00a9563ac56d53		
2041	Red-col fg-alpha Print/print output/layer_723.png	raster-fallback	0	raster-asset	67efcfc7d0faf9e99cfd81cfa0ed60260b1b929fd440a14a97a2546f84b28444	b659b101fbbe13c6b5138991abd585a96be0af33aaddd02a6537699ddca4731e		
2042	Red-col fg-alpha Print/print output/layer_724.png	raster-fallback	0	raster-asset	e49c7b48e600054314ae82f7b18a255b6eb9636e78dbcaae7a780a8951f841a7	ab86aeace42d05edc3f19f174d97858476ab892563eefd26886a23ab23f333d1		
2043	Red-col fg-alpha Print/print output/layer_725.png	raster-fallback	0	raster-asset	b2bfb2b02a69d48adb072c5d9a832202e5773bf44c8b44f8fa349aa8a110c708	b4c98133d87c9c76afcf4f0e2ed9db1219025f2e700ad04a2f9244901eb9233d		
2044	Red-col fg-alpha Print/print output/layer_726.png	raster-fallback	0	raster-asset	920559cc48aa6302605041f7988a4f89f125d46d0790517412f40330f7ff8ba8	0b33e88fc0b8a8f6a0facfc42f1e27071486468ff983a1f92ce38b0081732487		
2045	Red-col fg-alpha Print/print output/layer_727.png	raster-fallback	0	raster-asset	f61947f15e3546f18a07412f705f4bfb21de745697a851fd1d05511b893ea533	c5f54f0c0ef8b46bc75570fc7bb6aef86f04673dff7b8ee5e45eb165b5605cdc		
2046	Red-col fg-alpha Print/print output/layer_728.png	raster-fallback	0	raster-asset	381b9372c4870a323620a5ee9c386e51a37284fd9e86612157941ca011e8cd8f	5621fe48f886b6111584dadb112e7ef09cad928b46f800160523ba99c726faa0		
2047	Red-col fg-alpha Print/print output/layer_729.png	raster-fallback	0	raster-asset	bd55e359091ee398f381c07167ca49e99da7b76442e6d3a2402689c95ca5c30c	0b0ac2bc0c48438903a6ceb5f7697bcb2b1a2fb2ef282935732eb88f0759fb55		
2048	Red-col fg-alpha Print/print output/layer_73.png	raster-fallback	0	raster-asset	463c678cccf3415459fdbb28598c717c9af95dd75c86a2b5e7b8b09a85bcd16d	a0975859abfc0109d1ff7dff8f19061f9fd5853a09dc460ca69eb4b4d9fd4fb9		
2049	Red-col fg-alpha Print/print output/layer_730.png	raster-fallback	0	raster-asset	112d11637dffe77270e79e216f9d1cbbbd89608db9d3bef3444eb444741fc15d	bbfd1bbb4d2467005ec87cebe0109ef23c2c2a5d17eabf84105fc0a54a765f1b		
2050	Red-col fg-alpha Print/print output/layer_731.png	raster-fallback	0	raster-asset	3c115f8e8272b2136ac9ceee44485cbbce78ff15ffb71b6f7ad3c54e0fb0f180	d177b0912edcf41f3676107a86b761c3fa46ad49fa89e432ec0732fb72c97920		
2051	Red-col fg-alpha Print/print output/layer_732.png	raster-fallback	0	raster-asset	ca0225ef09d245f252f749dde3c9ee0477c8b7bdd65704dd5e0658ec4197a7fe	a9109e611a22c6dac7efdcac64348894010dca3df9b6a8ba351818a3cc839595		
2052	Red-col fg-alpha Print/print output/layer_733.png	raster-fallback	0	raster-asset	9d4db9703a3cf5db7f573a5af612c2519de2550bbaf55dfe1be5b43b5545a204	4d41b665bd2a39f3482a6419ecfedbc055aef30eff878a550bfcf53c9bf4f37f		
2053	Red-col fg-alpha Print/print output/layer_734.png	raster-fallback	0	raster-asset	7b1a9b42e38a153a08a1f02930b5f1ca69aa86226588ff974eaa713c57cba6e3	39c067e93fad4b794ee334585fa6d83640883fdfbb603c32485c85e45d534f42		
2054	Red-col fg-alpha Print/print output/layer_735.png	raster-fallback	0	raster-asset	ffaf8db72be87eda97896ae73ef4c8ce51a91a1e5035f1b3a5b93aa889eee41f	01aa995d5399baad10149a05e189cc48b0cff06b89a9ff874a8e6c9de07fc73a		
2055	Red-col fg-alpha Print/print output/layer_736.png	raster-fallback	0	raster-asset	cc4c6eab85ce718cd1491fbc20ee621ff031442448ee60502cc905b204c959e0	6726b5769e7bb949cdbbf3d5a430ae20debe526bd1d28bd5abd500171aeafef7		
2056	Red-col fg-alpha Print/print output/layer_737.png	raster-fallback	0	raster-asset	3aab43d2786f05aa9b1e7f991a7b6eb14341754e2b8cba393465626021889a55	b11e4284be6293bdb03191b19bc2367edac3340c5788b61d52a62cf5c884797e		
2057	Red-col fg-alpha Print/print output/layer_738.png	raster-fallback	0	raster-asset	7d87da6d27a0ef6af1e7ed59aeb233076e66a72d0d36f9a42286ee31ee18cb68	9c504b6d454e8ac16c980730618f8bc82f12b54ab8d93c45323f8bab997ed4e3		
2058	Red-col fg-alpha Print/print output/layer_739.png	raster-fallback	0	raster-asset	0a2cf294127b05a688413e5431d80119b27e07dac7d15dcac1c755c7befad633	9e6642bd3f138f70f094b8940a09cdcf3184997b60dc8213cc5b5bd66e2f2b8d		
2059	Red-col fg-alpha Print/print output/layer_74.png	raster-fallback	0	raster-asset	9cf4cdd8c0b6dbe2cbe76d9aa300987622465d200129b86e1d66a3d8e5cc1db0	514c10fb3f0f23fce8d521cd9d060820a5c3a458086d595187eeb76bbeae347e		
2060	Red-col fg-alpha Print/print output/layer_740.png	raster-fallback	0	raster-asset	4674977d3458bc2b11e6a0e9d02f75e2b6c00c1ea62560c01a8b97e7e0992370	ef8e1ba35a763886d5d2d5cb82b4da28dc9897a5f8055540a8c758543cc14d50		
2061	Red-col fg-alpha Print/print output/layer_741.png	raster-fallback	0	raster-asset	abc928f0204509643f269e04c3a5b5e2740dbb7c3ce6a19de7e7f86970b17048	decdbda8dcb3b8107e48daaecb5b689eaff095454afd894d9b9decec6fa0300c		
2062	Red-col fg-alpha Print/print output/layer_742.png	raster-fallback	0	raster-asset	f0af1411d586f78e403c3fb708ca5f77c924f924cc931a98e27e397cbb9e372e	c96f5137704d0c2bf2a8a4eedc68367c4379beb6957546a53f7f7bfacb96d786		
2063	Red-col fg-alpha Print/print output/layer_743.png	raster-fallback	0	raster-asset	3a4c6f698433ec0a7545f5f05e42102d24cf2535320baff048da20b496cd9613	26bd3db428d671a4790384574b64204c64ec91ba4f54a9522d3e65f904cfafea		
2064	Red-col fg-alpha Print/print output/layer_744.png	raster-fallback	0	raster-asset	64e2e451d634f9cf42e135e417ecb55bfae2c3d824884dcf0975d962d98436d6	73e377184a97fd6b0c688126996c5e9c9ca2fef8b0c31f1f628a597b6ac24e7a		
2065	Red-col fg-alpha Print/print output/layer_745.png	raster-fallback	0	raster-asset	dafab6f2dbc5c5ae81cc7132724b8a949be58c80e0a6916aee1d927d8ffab8cc	6f9baa150030c67fb5c9cc85b4dba4170d2baa7a42e3eeb2e516012ee2959510		
2066	Red-col fg-alpha Print/print output/layer_746.png	raster-fallback	0	raster-asset	8ae8b033557b3a7642fef6e66b35644afe8e3416f4f98abaee95a9feccc94998	af9a2b80d96b8d74c55631807bc20bd48ea0f80dfae9b10cce9340d2f1a358a7		
2067	Red-col fg-alpha Print/print output/layer_747.png	raster-fallback	0	raster-asset	da18ad09f2b114fb7de540a9c30eaf4243d01f8782446415c43e788fcf274d67	ae2e637c858960e1eadc9c04a073c6d7184f0f2dc647f003f42427107ecf7ea2		
2068	Red-col fg-alpha Print/print output/layer_748.png	raster-fallback	0	raster-asset	699c1ec9b44ba8119d923a04c6917b96831994d96667b82a9a2634a36256c7c7	a8a21de744e3f5dcba6a14a693c0c85000ac6525bb03f5aaa63b5f454622c8ea		
2069	Red-col fg-alpha Print/print output/layer_749.png	raster-fallback	0	raster-asset	34ddbe3ea2632d7ec58086f494ded4adf6b30c4a9e109950e6d0c3f2e9d7d0af	f4ce18d5ff60662f54a80d1dfdce31e53bed5b4b02cc8449832c498f7a86dc0e		
2070	Red-col fg-alpha Print/print output/layer_75.png	raster-fallback	0	raster-asset	54cd7e8fd3e79442c01847f51fec941f3906b238d6e20a8a29a52cf2dd573437	bddb43ea6e41ee359bfa2c223ca386876aafc4e8fc7f4e06e48eb8212e30be9a		
2071	Red-col fg-alpha Print/print output/layer_750.png	raster-fallback	0	raster-asset	31338bf377add764d36570e7f3b23241f5ca5b6416530efeef33e1ce3b9d0f68	a8bb59164046b19e7851d22f2197ceb2eadd8c3865771320e370fd5971f21cd9		
2072	Red-col fg-alpha Print/print output/layer_751.png	raster-fallback	0	raster-asset	5cec48c6d38dd329733a405f694b36275e433d25143a2e2500297a660cb24c0c	f1b04b4b8d72dd2028f9fa82ce52ad026f61e55516df460c4e4aebfdef38abf1		
2073	Red-col fg-alpha Print/print output/layer_752.png	raster-fallback	0	raster-asset	a4f50d77f3dd1b9376e6bf41b409ebeb27e0d1c21a1df6d1266b3a205f68d29e	55f85b80824a62998866de431c238249c40aca821061f4c0d721b39f1fbb741f		
2074	Red-col fg-alpha Print/print output/layer_753.png	raster-fallback	0	raster-asset	dcf23d2f20080e97a2c3db0df1bcd6ab83c3b42011429a5f0d785d9b02c8d03c	df3388d2a11b054e397217d5ae250029c1de67a369da240ae2a441d2764baa46		
2075	Red-col fg-alpha Print/print output/layer_754.png	raster-fallback	0	raster-asset	181ebc966b9f8421a91a0f0291f5f90f21c01617b6f8804ed06947928160cb30	1d446cffd2c91dee8cf67b85ae7e1fafc2bbb894d2426e7ca5ed3565c1be3457		
2076	Red-col fg-alpha Print/print output/layer_755.png	raster-fallback	0	raster-asset	66660d81d15a0e8e7429f0a94d0851d84065586299dbf5c734dd1418e3886c80	c394c4fe874ac67e2ea43c1e6872828a2dabfee312d5f960d0ee2f27c7af067f		
2077	Red-col fg-alpha Print/print output/layer_756.png	raster-fallback	0	raster-asset	7de2af52dbd3f466940164bf013482106a4571d009411b562fcc99c2c35c29df	e3f8e0b3a40f9841393975f930747bd397036c21778b8f983679dd91953e1cf7		
2078	Red-col fg-alpha Print/print output/layer_757.png	raster-fallback	0	raster-asset	4f5fd8502a1adb12296b726c33398da878499c06b4413a89c0b026ba528dd7c7	dfd52b72c077d4413c3b0d36fb4ca7aba8e10f34dcfa7b2d9331509884ea7d0d		
2079	Red-col fg-alpha Print/print output/layer_758.png	raster-fallback	0	raster-asset	000d5625e498bb5f686d2ed1eb5d2f4686e81b17143bdff05c7781a6fea070a8	4c72bd1229b206b602e7766c7d2e575c081db881355ceabf30ced5e2e9f6a897		
2080	Red-col fg-alpha Print/print output/layer_759.png	raster-fallback	0	raster-asset	73b3b5b5b7aa64066a868ea08152660f29242c6f97a542d0a2ada3107e7e8b16	9ff468e4848f41f889851452a356d248ac055d3f11c20c74b2e8ff40a364d2b6		
2081	Red-col fg-alpha Print/print output/layer_76.png	raster-fallback	0	raster-asset	4eae4a502f3aee242c4d50002b6094656ac32c83ae2cc1867feec3eefd917840	8b8407115082ad88720ddafd238abfe756b562eebdbd1cfec8102bc60830cbd4		
2082	Red-col fg-alpha Print/print output/layer_760.png	raster-fallback	0	raster-asset	c3f604a82648caee26c07a17a0f4073a90697f9b763eab77ad90cf257dd8ad26	01886f4e2e7879d6f889a1583dda0fa1e6c604ac0e81fc69be16058949acf7bc		
2083	Red-col fg-alpha Print/print output/layer_761.png	raster-fallback	0	raster-asset	ebf2d90303866fa95c19bd56a17331a7411ab6541a2114c3156e798ce4194883	ed6dcf18cbe4da2c1a866d76ca33c6395e133a2a5e709b6c27afc3b7fdeb1f18		
2084	Red-col fg-alpha Print/print output/layer_762.png	raster-fallback	0	raster-asset	5e5b4596dd5366484f0a68408078d2283ffdf40608d5394776bdadbec12c364d	31a82ea483bf461fca935caa0dbeff6e98bce13387845b3271dcaafdebe3f29c		
2085	Red-col fg-alpha Print/print output/layer_763.png	raster-fallback	0	raster-asset	25bdbf2f736aa7d3e591dd5cb8248385c61dd185153706e565b417376c28add3	fe19be44a23fd65b0d56268d508a07e09d7c5a69b978f909ffc3c77c9223fc08		
2086	Red-col fg-alpha Print/print output/layer_764.png	raster-fallback	0	raster-asset	375a3c367026673326ab8dc8e63256b84878b75a7f3134d11ce54a0503a9a526	6cf1fd65dbbe94716cd07d13fec28041a7906d2f24f3b95a5a010848dfc41574		
2087	Red-col fg-alpha Print/print output/layer_765.png	raster-fallback	0	raster-asset	ea0d8deace4770422ae989ee768e5a7e405651f466e331c92b25375fe8cdd324	b17a816c980769c1b3886dae88445fcbe621178e795fcf11e1218f3243115964		
2088	Red-col fg-alpha Print/print output/layer_766.png	raster-fallback	0	raster-asset	1c452b8e6cd01a45e58c2ff3bebb0f00e5cdee46920bd3db03fc01a29559eefa	c83d9170cec898158dd8e85e66cea6bde9023a68987fda1e9fb63adbc3e2662c		
2089	Red-col fg-alpha Print/print output/layer_767.png	raster-fallback	0	raster-asset	469b69c1a6fd10efd5978ac80a62b76577b71919ed81c411deef5b9745179bcd	3ceafbcfe6f34368ac60f8dee3bd98602334bf7c7d9d074c4c9229e43c94d09c		
2090	Red-col fg-alpha Print/print output/layer_768.png	raster-fallback	0	raster-asset	78183954b9e1c58c993d43cb1d858004f4e6fb682e3251090eb29598356a0bec	840c01ae18b6d8a457bdc1ae44caf36484f3c6f99e8f9c92dda97b51415c68f6		
2091	Red-col fg-alpha Print/print output/layer_769.png	raster-fallback	0	raster-asset	a3a30ac8127343d223e1e5af23d72d0e360dac61eade3301f0a1dcc2f5005f6f	7358215661c8040076b422908ed526ea4f07e08e7b673626720c7c2adff357ce		
2092	Red-col fg-alpha Print/print output/layer_77.png	raster-fallback	0	raster-asset	68e1ab1f865ea123d03995dd995e2e162593de626445b28057d1ca75260a4e65	a4d4a9392f2336953bb1dce167e7dc1bdd2890964a9726c18bea6017a9dfdeb3		
2093	Red-col fg-alpha Print/print output/layer_770.png	raster-fallback	0	raster-asset	3666429765f21ab2c573931f71cb4f47dc9a26761b045c476d1ed8a58f53fd9f	bdc98ab2de4c8c89959b7c9dda3b60c9230058b2aa6ef1d98dbd7c241136ea0e		
2094	Red-col fg-alpha Print/print output/layer_771.png	raster-fallback	0	raster-asset	6ed5308c8cebd04cc7264a2045ceee178da8698e65c497b07f4f3780bf51abb5	b18edd08dde3795b0bbd5beaf98be9fd54b4ff6264f69c87d385a33dba4dcf1b		
2095	Red-col fg-alpha Print/print output/layer_772.png	raster-fallback	0	raster-asset	2c4a71140d637624dc95d028275b1b1d895422102feba74f7de61be3978d1700	a1e2172440d58ca692a4bfcb359fc1a43f06b9d78a344d428e538121e9d9623f		
2096	Red-col fg-alpha Print/print output/layer_773.png	raster-fallback	0	raster-asset	ec4b8d1212a86f7afcb78a0d9fae0e45ffeae192658f11fcdd0841d9894686a3	4456081847f4f4d3ddc2c599e1816261ffd5e3581c809733fba3eba38e3e8306		
2097	Red-col fg-alpha Print/print output/layer_774.png	raster-fallback	0	raster-asset	da5f81c009820b24dbd9591a317b3fa41984f9c54d95a47da513a316b8199022	19ebf262dd0091055e60e78c3e76963198fcd1ef9e87d6bf034881a133359317		
2098	Red-col fg-alpha Print/print output/layer_775.png	raster-fallback	0	raster-asset	2a927e88e6c1731161b796a783038c822052050d7fcf24848f5c9e04c22cb8c8	48f98c4de861595b5597e3a0b36670cdd3737aae7a3891c3313d97d842c436a4		
2099	Red-col fg-alpha Print/print output/layer_776.png	raster-fallback	0	raster-asset	2152cb9630d748e0c562b489adfffadee709adde3f1fe3d70c471d7f483a2758	d5c5e0489fc0cbb4dd8b07858d824a7cb91b5834b925aad66b542d39fabac9a9		
2100	Red-col fg-alpha Print/print output/layer_777.png	raster-fallback	0	raster-asset	166559dda5ebf369baf5cfbc18ac86e56e5872fc5d4a3ccdd3474ef820b9b6e7	ee00c6dfe73496bf9d25b7a721c86973745a8ecf8a47ea9b10c4a4058ae477d6		
2101	Red-col fg-alpha Print/print output/layer_778.png	raster-fallback	0	raster-asset	2b3f23f82c5f28198aa4bacfd921130a9ab69880a6922b54ae11ed815c1e075e	b74825dc8a798836efc91a6962f3319125ccb681e845aa8254e7212b35c8131c		
2102	Red-col fg-alpha Print/print output/layer_779.png	raster-fallback	0	raster-asset	7ee996b9fac04088f88d016542d6a20b7e9a1654f5e46ecbca39c6eb49ad2b6b	5ee0db0c75a99a6ecce0205e2f9627ce303bdff1a52453340ed71a32a74b0eae		
2103	Red-col fg-alpha Print/print output/layer_78.png	raster-fallback	0	raster-asset	5548ca88bb0689d994131c6f8f69f4ef0743865cc93e2c03e0d77aaf29b18f2b	b7277cbe9c29d640b18c53e81fb4f6cc45a3790dc62094a0e50b43f0e26fecd7		
2104	Red-col fg-alpha Print/print output/layer_780.png	raster-fallback	0	raster-asset	8caa1d5be0341c3d5fe4ad01bcb809e8eb882185198e683dfebed2077ce92917	eda397eab7d709ec304c23343b3de00a8aedf18086147848f8afa65be358b87f		
2105	Red-col fg-alpha Print/print output/layer_781.png	raster-fallback	0	raster-asset	291bef5254ea81d044ca6a3e0167070a4a096298834904a8b46943a825e3ad79	8920e083dcd3968e2c35607bcac9c16cd9fdec0ea8d8a459419f50ca08eae062		
2106	Red-col fg-alpha Print/print output/layer_782.png	raster-fallback	0	raster-asset	eb1713957b1987ced490887b460806555294f187f01859a86939bae766767f7f	c3de18071934c39d71dd0ab5b4684e2b26a4c248648c9959d1a8defb389353b9		
2107	Red-col fg-alpha Print/print output/layer_783.png	raster-fallback	0	raster-asset	dde2ec7e24c4d64f7eb251b4671a7e1cae1413e298a750513ed79518e24536c6	8300c4ae343a4a5786c668aa487cb98ccfa3da1fd040ea2d44076e090a72f09e		
2108	Red-col fg-alpha Print/print output/layer_784.png	raster-fallback	0	raster-asset	f75546a938bc06fbd6630e387ffec08169dd94042b1f761f57a8036d5b5dfac9	077c4addc245595bf843953cd88a9d48ead1f8cb662d405be6a4d4c67b0c0964		
2109	Red-col fg-alpha Print/print output/layer_785.png	raster-fallback	0	raster-asset	c5f80071ee6724e5a6c9b2e22b47b8205a57ff1e08c667459240cac490284478	5811b479eb2c6c2d3eb544a86c11245e5b6f13ee47b424af256d1f71709a9f2b		
2110	Red-col fg-alpha Print/print output/layer_786.png	raster-fallback	0	raster-asset	eba85514d7506049688e52e521ebbec81cad8583ab8b1c65ecc24af4f4b8c5e5	a4485d96994498f6be8a7bec1f3b8fd80a33e8883faf0f2c04f1e76f3722f371		
2111	Red-col fg-alpha Print/print output/layer_787.png	raster-fallback	0	raster-asset	874e077f26d316bdb8acbb2bbb1afb568389bb17df605eb0d89a785ef0fcc57c	4f0d36eb4958a2a3e0902a4c1657a8b6352366af6107af8c4afe9a5ecf039341		
2112	Red-col fg-alpha Print/print output/layer_788.png	raster-fallback	0	raster-asset	074b734645546984f7857ab4a5fa7a63030e61666bb3e6f28ed2262930db993b	27946fccf145c15cc27855c903dd2568a3f20a307ce019d0758fac367e0c0813		
2113	Red-col fg-alpha Print/print output/layer_789.png	raster-fallback	0	raster-asset	5722ec661cffe62430830cceb764f04b289417deb70fadc2af92df6198d51558	a5d12d966c8794240245e963377ada89ccb003b59d245557bc70affd37664f6a		
2114	Red-col fg-alpha Print/print output/layer_79.png	raster-fallback	0	raster-asset	ef959748244e7043389de0d9fe85327b6ca4b417efa14f3f2b0e3e9e83ddffad	0d52283c2cdc3b8f737f4a74f378d3fb3aea843c8f455cbd8136fe88b134f525		
2115	Red-col fg-alpha Print/print output/layer_790.png	raster-fallback	0	raster-asset	11f0c87fa99b7752704b37983fbf85d553a03fb21688c612960a401cb932352f	e1df78381c458c688f4c012687c99b82b99e2b22e8368546e9f5977d3066a131		
2116	Red-col fg-alpha Print/print output/layer_791.png	raster-fallback	0	raster-asset	0b93cc1bba74835ba61616cc20944292e7bb2125b4f2b634299caaea51078ca2	a9b302ace2c8111e5c25e2d18766b3774f4959eabf479454d48a1f52660ce3d5		
2117	Red-col fg-alpha Print/print output/layer_792.png	raster-fallback	0	raster-asset	5191981c13bcdf08dc945263703ca9d5e661f963306f52634304fd27f2479650	bd0020f7dc4597cc388b61d40265f8891199595c28b84666ba50a937e9aaa5b1		
2118	Red-col fg-alpha Print/print output/layer_793.png	raster-fallback	0	raster-asset	bc7652dc2b75da541ef1e18c8c60892b26ad941d1fdcd5f5ed041bb4b0ab3591	0742e068354d682427ef426065145df82c214795c9859fc0bf423d9dcdd2540b		
2119	Red-col fg-alpha Print/print output/layer_794.png	raster-fallback	0	raster-asset	b22c4cdbf61f0f290d0e321fec27f500e239fa919c059cab292aa80d69780663	930538ab7846d442b918283e6cf6bb7f854a374c6e831d42b6fc197fbe0b077e		
2120	Red-col fg-alpha Print/print output/layer_795.png	raster-fallback	0	raster-asset	a9d22bbcbee9af6961453e74ce3e3c521ee333be5024a563713e3a205eaf5956	c6901b251778eddba140f3102572e29e7d0271772ebb087c2a760a36d57644af		
2121	Red-col fg-alpha Print/print output/layer_796.png	raster-fallback	0	raster-asset	1d81d19be67fb68c349a023592745f3b2d116496d6b7143ab623e446aacc01f9	fb9988efc06e869271e9ed9b9c14262a976c911db69dec504b83ae13ae871fbe		
2122	Red-col fg-alpha Print/print output/layer_797.png	raster-fallback	0	raster-asset	c072282fb645f451092b3bba45d272467b89d3de67a650ce98f1c9aafcb7b5bf	5f3457afc458a5e28bed121792a9c4a415695c89ef3715ccb9d75cebdfd2ebb9		
2123	Red-col fg-alpha Print/print output/layer_798.png	raster-fallback	0	raster-asset	f5888fac538eed4664130aab5e4d47c4cfb8a7d74630760374a75765bf3eb1e5	6daef831ced725df2ae6b3a385e6aeee2c948f07c0328da98182488a6148a9cb		
2124	Red-col fg-alpha Print/print output/layer_799.png	raster-fallback	0	raster-asset	9b80b2af026517a16c76af19c068d23f1e2f8abbb97edd2e423e9caaad9f50e4	f0b204449c2a18690ed00428aac0266f7ef94ece513099f05d531228165af408		
2125	Red-col fg-alpha Print/print output/layer_8.png	raster-fallback	0	raster-asset	694956ffdd97a3d45d3f263a6bdb5c7cff27e87cd6af6f196c823ede73daed32	38204a053cd3a00c4c1f68e7a6adcf576ecf2abd751fa86c92c854b6e8b780f6		
2126	Red-col fg-alpha Print/print output/layer_80.png	raster-fallback	0	raster-asset	af5511ae679b23266da3845a502a17c74b07f536785b40fad1b50829db60fb18	1922bae8aaf5e4e550325e79d37a6df044e8827935de442840c725e816ae97e7		
2127	Red-col fg-alpha Print/print output/layer_800.png	raster-fallback	0	raster-asset	060e411f62711d7203acac505f32e7061789b27724adaa92156dcb4c9c540c6a	46cf1ee2e7a4bc73f6ad21d4936a09e004e31cbca336bbf0120e525914b5b45a		
2128	Red-col fg-alpha Print/print output/layer_801.png	raster-fallback	0	raster-asset	0fb3d3192d0e5f81a98308739e0a03c24620789c293116d2302570dd8853604c	38ae897d0cb0da3742c4544d5539ccada4f2035a8efd9badc7476cdcbf5981c9		
2129	Red-col fg-alpha Print/print output/layer_802.png	raster-fallback	0	raster-asset	d451df65631cec31bc5ea2aa9d330c324e194c6fcde8ec10ae86771d3b7151e0	81af15701c3d7a22cf343065241e7c484435a2bb5cbfe6e6e7d3b950bea21e18		
2130	Red-col fg-alpha Print/print output/layer_803.png	raster-fallback	0	raster-asset	a7b56530e432cd630110f2151a83a35268ecad4e1ce2c7b367289fc534cda358	4d22a8d0a8714bd69e59ef389b8b6a6de8c24bf3b4936a0a208a737d98fd5f86		
2131	Red-col fg-alpha Print/print output/layer_804.png	raster-fallback	0	raster-asset	302959cfe34698c35e6b7c2ab2d30bfc67c33fedc7e8c0fc26a5c20f863aa3fd	b43dc9af6d155484d4041334ba3953b3209125af0455a94f756f8c61596cd33c		
2132	Red-col fg-alpha Print/print output/layer_805.png	raster-fallback	0	raster-asset	c0d77ba96bb72376f5c2c657cb52bfbb8aceeced7786f4b3ffadefaf9591964f	8583fe467000992f9b64f783c2fc33d1768f82775355e254c2a5ce8311effe64		
2133	Red-col fg-alpha Print/print output/layer_806.png	raster-fallback	0	raster-asset	7fb47fd67fe83be533a243952fa9b54ab6196779f7f4f9fe62a7dae58363c87c	adab37b2152fba5858511bb83bc46da34d2f6f5ff7c3a60fa3588c8b531d0eec		
2134	Red-col fg-alpha Print/print output/layer_807.png	raster-fallback	0	raster-asset	b0063888f2caf531a6633e3a0f6f6b2eafa1a4e3c8d0fe5162ffb96d4770a0a4	91cdb2aa4bb7cf1ff217bd6d1f8fefaa2e169512189ceb482e6e785005100e42		
2135	Red-col fg-alpha Print/print output/layer_808.png	raster-fallback	0	raster-asset	ca00dffa24929a3f150a6fedcb501467050d449d92c91ca8297328cc16ec8954	1a5b8e13b72f8733314ba1a5e950f26f14dd7ca57e4d5b18be362fda62164178		
2136	Red-col fg-alpha Print/print output/layer_809.png	raster-fallback	0	raster-asset	fc343f8a8e1d32cf4aca4644ac430571dd64dfb62372b734245f713037d5315a	aa2eecd6dd85d49e40497e33638b0e030a41391c628b1bef5c85e0f5444f10cf		
2137	Red-col fg-alpha Print/print output/layer_81.png	raster-fallback	0	raster-asset	4d79e60e84daa1fc1f91519e1a054664e20603559135f4247c1c6ce9b30b2aeb	8286fc4d7463a7e1ca2030d0467f7d597489b32b0bf3d05cee26c887c1d1eb07		
2138	Red-col fg-alpha Print/print output/layer_810.png	raster-fallback	0	raster-asset	173c6ab9235c141797cbadf8c45cff8f93d101aa6d93faea416772beecfcae47	60f4ceaf2d3968fc4203cdd8b9b5baa7184644f92af65d968bca7647c102eee4		
2139	Red-col fg-alpha Print/print output/layer_811.png	raster-fallback	0	raster-asset	c9aec6ea246d70d25103afeadf346fe43e15aceaded46f0b9b132545341618cd	08c676177b5f9b390c60e6a2a0793dfe2bec7b8a54c4dc7b01a9f38f6a9671ff		
2140	Red-col fg-alpha Print/print output/layer_812.png	raster-fallback	0	raster-asset	7e8488d3d2b46be7f04ed6451a75db1abe80866b8fffe7972c95dd96d6514400	af663bab37d9263b52c47934d422d0ffa8625066384b026a1d221f8ba10a9c46		
2141	Red-col fg-alpha Print/print output/layer_813.png	raster-fallback	0	raster-asset	2976016d9d4abccf0b77184be5e08209f32d754c1889da3c9316192b9030fda1	5be74867f7f52c6cffb2e895f7780340fd7b1cef9d8049fb4aaaa92a63ee0f55		
2142	Red-col fg-alpha Print/print output/layer_814.png	raster-fallback	0	raster-asset	9fd9024fffbfc9d2c0d11b51be99a4563370e879195570b51439af66a696eca0	99eef774703dca10cfcf270c699e773acbf98d8bd55ea53597d6df7c91eb9993		
2143	Red-col fg-alpha Print/print output/layer_82.png	raster-fallback	0	raster-asset	cd0594e317ce3cdd3574c2b170af61f95915ce31ec691f26732db5cf70c53ae8	7d7c5f891e51cfc88ea4a48c0980a5566ee298912c6dc3cef17ed95994f0729a		
2144	Red-col fg-alpha Print/print output/layer_83.png	raster-fallback	0	raster-asset	a77ee5a2183ca89a5b42e917752ea8c567696b9041625b6892f460608b5f057e	f75b9e400c1c3efefa65acd2eca4e844646ce85de2cdebb7f0d124ce5580787e		
2145	Red-col fg-alpha Print/print output/layer_84.png	raster-fallback	0	raster-asset	32eead08675caf2ea7ed1e15ea9ae1d80f15fd793b8c133cf403a5de4b33ea4c	10a4a3197851f02ee55f2ff35818d81eea3740e5d363cf90360ca94e156e1d72		
2146	Red-col fg-alpha Print/print output/layer_85.png	raster-fallback	0	raster-asset	c61d108483fda719b88bab16d80ae71cfd16fc5af8557457d4e4da77bed8dd8e	b29b5524a63d31b1ebee078f61aa6976803f5d682e2b9db31e9e2e2e9812b386		
2147	Red-col fg-alpha Print/print output/layer_86.png	raster-fallback	0	raster-asset	dd280ec2a52feac94da531c3f98b9d3bbbaa68f08ef82faea8600b65b00c9a9a	e11668489b6e13a82455f15a47caeef1e0ad0343056d351a1a87f2bab76bd3e8		
2148	Red-col fg-alpha Print/print output/layer_87.png	raster-fallback	0	raster-asset	952bd7f636a08b3c590845b3a0cd7f4396329ce077439ccf0ae4b5e687876f75	8d41ceeceae00a5c0d5cbc428267f4e16751ff249fe6868c83739510602737df		
2149	Red-col fg-alpha Print/print output/layer_88.png	raster-fallback	0	raster-asset	390b69f12dbd7f6914f944f6899b41dc5a9affb442b624313aeeef14ba7d6e2c	9b8a59a7e430cdaf0422b83c75c290617c5b093bca28ca3899c8d9d934f3e47c		
2150	Red-col fg-alpha Print/print output/layer_89.png	raster-fallback	0	raster-asset	51cc3545f9c2a93e89fadc9a563f1297e9db9a9c7abd56c6959997fd610ff607	efcdd7f32a2e2645acd9dec5b34d007899f681eb790b49e17803af46625af363		
2151	Red-col fg-alpha Print/print output/layer_9.png	raster-fallback	0	raster-asset	a941d332f250dba79ce2f939bcdd09021c669a51a607b95b39e4c44acb5a7fb4	ce14dff56f9eea3607697273f6278330f04bf956f59cf6dce7690c84ecd3f436		
2152	Red-col fg-alpha Print/print output/layer_90.png	raster-fallback	0	raster-asset	0d2ece2cfe1217363b9e24abff1d80435be9a0ce2d39b4009192ce558ac856ec	0da108bbbd0e3d1570eca52cb76a0b6a629d3d23ad5cbfcaecc731054c6aef1a		
2153	Red-col fg-alpha Print/print output/layer_91.png	raster-fallback	0	raster-asset	d89dc6d1017c569dae96fe662a3d18c130e80d3ad6c93fcfcca090780a2227ee	1dc77212ca40ebbf2c242094a65e79b5e0d9dcc07571a36d7c183fa04b2f3b27		
2154	Red-col fg-alpha Print/print output/layer_92.png	raster-fallback	0	raster-asset	75a256a76ba8cf0f838fa69683bba3c5d5ed2f175af45764daa3a76c6f9b8129	eeb9b3e89a00b7605f84ce339203111872a899f8df26d1601239a258928474ad		
2155	Red-col fg-alpha Print/print output/layer_93.png	raster-fallback	0	raster-asset	32eeb85ae0b61c5ff071f72d4371206b986defb83f2508f7ab8df42e60cd514d	12642a61fa80807a40288b33634befe2559e8d4eb61744542b4a5171ea7701b3		
2156	Red-col fg-alpha Print/print output/layer_94.png	raster-fallback	0	raster-asset	e0b86fd2712f7685acdea3a669b68a55c25ecca997f433c4dc661eca6b522bc7	08fa08a1dd7612bbc83092430748cf0e630eb540587585144e6649327cc084c7		
2157	Red-col fg-alpha Print/print output/layer_95.png	raster-fallback	0	raster-asset	10fc4629bb205866f8186993199a2fc7076483c4c0f6cefb49abefafb4f0360d	e3e00d134148874c5a367380506133fb3dd9fe4d9c26ebb59d93262fea5e0f3e		
2158	Red-col fg-alpha Print/print output/layer_96.png	raster-fallback	0	raster-asset	7abd5dbf1b28ad040f06b51130e7c7e7119567e423e97e4e58e3ea4272f635eb	34654ded9f7cc8adba411a772c928fb157d1a99ed8a41810fa893f0ed2b5bec5		
2159	Red-col fg-alpha Print/print output/layer_97.png	raster-fallback	0	raster-asset	11200f8873ec15be062ff7ee409f6b6937340e6670334f455d367ada09d18ed2	f7212e72dc5aea69d76fa843d755680f9402e95a81e214a4a103e38885b9ed6e		
2160	Red-col fg-alpha Print/print output/layer_98.png	raster-fallback	0	raster-asset	5c7e3d08ffc7dc2cedb940c1a12b16c6fbf951587fe986c58633cda745371ab5	b2c644a966ac7c94605e6aa0a9f8e0841f142460f049efbe07fbf2b0ffda1938		
2161	Red-col fg-alpha Print/print output/layer_99.png	raster-fallback	0	raster-asset	f45296b8540d160bed5f2bfbce9b1c23aae50258f5fe9852909caceccee00fbb	49823afa304fc93ca1872aebca972c434db2cc97bc3b591cd16f3a1f32e76fb4		
2162	brown bear/brown_bear_col_1.png	raster-fallback	0	raster-asset	6587679cadce7b3e50f1e5c6d1f7a76c2f214a376f10cd1bad1094f3c5b51a93	8477819b7e2d100acb4e0c3bda3a890d801692c0bf9f9d159fcc847bd50226be		
2163	brown bear/brown_bear_col_10.png	raster-fallback	0	raster-asset	147acdbb8fe9e6c82cf93865c8ca0a14d44fe6dff5bef24e22779015f480952e	31f9f52d003f43e6bdec93bf08ea3e8a59bf0a37bf3ca50010212eb45d8f7579		
2164	brown bear/brown_bear_col_11.png	raster-fallback	0	raster-asset	b372727319f28e45afff642243a2e911abb73a91f90711a8f2faeb7505503385	3f4704dbb6bdc630679395c57c1937d2e20c5ec30f99697e6338770bef31a15d		
2165	brown bear/brown_bear_col_12.png	raster-fallback	0	raster-asset	28e07ad409b733c4d92e30420a50d0bcb32fc4ead3e45ef55c64e1c9406ecc20	bfed473371a74cc4f701569cea15573ca706ca1250221e7f854e54eddbbffebb		
2166	brown bear/brown_bear_col_13.png	raster-fallback	0	raster-asset	3c64cbf4369749b906e1f3e2aeebaa369d3d975082c6b45c328aabd302830be2	5b7f96a7edba7de74d48dcfe821f1cdce85bf7d63565b0b9c6f857463810a70b		
2167	brown bear/brown_bear_col_14.png	raster-fallback	0	raster-asset	71378644f1016fffc2f783925fb9c1081287933b4d72e980786af2b6b39a5711	5c36611677d856c879b2f17671a412f1aa6376a4ddbb3e10997ae7fb4cbcfdb2		
2168	brown bear/brown_bear_col_15.png	raster-fallback	0	raster-asset	4a8764ee33f405c1e6dd6c7b5976923610fa1ec696eb597d894a672e9304c792	372cddf114fc50b8d195550cb00178b2e88243e630f42bb60734d6a1606288f2		
2169	brown bear/brown_bear_col_16.png	raster-fallback	0	raster-asset	23585e00fd2df8927d9458ac86b8bd70036061b71ddf4691b395e7406ea59109	7c2249f12ce93d2f74db980cc42513febf90a11844378935149f8e4e695f9031		
2170	brown bear/brown_bear_col_17.png	raster-fallback	0	raster-asset	8eab03605e73803d36c39d4c17a0bd41930c0edb349fe1d7519c8963fbd00b71	d7ad7f1a6a235c660e214f5a1e6c519f5bbe5bcc19da09adfe52ddce546d18e1		
2171	brown bear/brown_bear_col_18.png	raster-fallback	0	raster-asset	e85c8c666747587c9dbbf892b8f74da44b5723874910c1e4f83994d9712ad1bd	aee499456268cf4bb9896b161bc96a6fd7bdc64a4896d24601ba7c51572aaf1d		
2172	brown bear/brown_bear_col_19.png	raster-fallback	0	raster-asset	b7f2de6029a1a28b4b71e58c0b9caea02736eb139a523e813d334b23a8e74640	755367708c2390e1c8dc7363eee41e40aea560121fc73e7e3596f84412921dda		
2173	brown bear/brown_bear_col_2.png	pixel-alias	0	pixel-alias	6587679cadce7b3e50f1e5c6d1f7a76c2f214a376f10cd1bad1094f3c5b51a93	317b8e6358a66e890d0d1715ed6ee0e50f063e014c9048896667d1831b2c2678	pixels	brown bear/brown_bear_col_1.png
2174	brown bear/brown_bear_col_20.png	raster-fallback	0	raster-asset	f4b1764db775298f65e4bfa5d17187d292edeaefa6afd2d4f6827fdd3289d64c	81f4a55c6fe22b17184c592d3e7b6673821513f41911e7d2f4db53cc1f33a412		
2175	brown bear/brown_bear_col_21.png	raster-fallback	0	raster-asset	0158b5cf765efef9253282779d49a54134e9fda9df3bf7f66991786f4068446f	91b49bcfc00820d4dc5f9b6aad5938671e821fa364864ec023b1399f39d78e7d		
2176	brown bear/brown_bear_col_22.png	raster-fallback	0	raster-asset	3d126930ab2c9ec3559aba2f64931bdde87a9501b98ea036a89aac2d884c33bb	d7dcd16725a9b0ea90db3526299ae92b790deaef36ac4b236673b05909964e3b		
2177	brown bear/brown_bear_col_23.png	raster-fallback	0	raster-asset	e6753adb824e8dd21c8a04d1820572194016a5d0f5466fd2ccce5ddd9092a50e	845d46e3e8951e3c6b93d918b4431cfb446e4d1c0bf7435367296567b59c7dd0		
2178	brown bear/brown_bear_col_24.png	raster-fallback	0	raster-asset	35fc7e65225fad74cb3e086c3bc82886d19ca2ddf32a137d3dcd7cba3cb486af	ab097519175ea00d9087b4ecb7c04c1deba2007604af9af89c06ec8d0a3dd821		
2179	brown bear/brown_bear_col_25.png	raster-fallback	0	raster-asset	9db1aa41b7abe6593cc68c24cbdcd2f276ecd628a2010151dd8a348d8884fd87	d6aed492f6ab70ca63597f9299caeb7c0b7e2c292e0a7a54811ae2e43639c40b		
2180	brown bear/brown_bear_col_26.png	raster-fallback	0	raster-asset	554490cbc7e570ee1da36ff9b54d09cd391dbca132876f8211eef08d57f085b9	cab19245f1644e39c573d5c269fb031a158c1a5b2aabb4fba54f5a7fb07b4182		
2181	brown bear/brown_bear_col_27.png	raster-fallback	0	raster-asset	70d394cca12ddd18fbd9b52d94211399b02e69271be021794f05b2da031b90dc	e8f8c92e426ddd53cd20132bb62f2a156294d663858f3107ef99428af34e75d5		
2182	brown bear/brown_bear_col_28.png	raster-fallback	0	raster-asset	c7168796fe1a02ce9b34ae7969da661444c1f718cf5a5f99dece1eafe7b17a96	06d5fe35b5c897911a11c8a089e410b2b60b167c26d0329c2e9f3e5bd5336fe5		
2183	brown bear/brown_bear_col_29.png	raster-fallback	0	raster-asset	6a056a2f0624709acce202c3d4c400ec140e6d2dd0c0b0300a8d312db1a02c89	47fbd1c3c45973fc0bb4511cc748483ffe50e5f399bab8cf272764e906c1959f		
2184	brown bear/brown_bear_col_3.png	byte-alias	0	byte-alias	6587679cadce7b3e50f1e5c6d1f7a76c2f214a376f10cd1bad1094f3c5b51a93	317b8e6358a66e890d0d1715ed6ee0e50f063e014c9048896667d1831b2c2678	bytes	brown bear/brown_bear_col_2.png
2185	brown bear/brown_bear_col_30.png	raster-fallback	0	raster-asset	c5e34ab94642248b61af9ce7aaeee4a4dc11944fa2a100cce56124fa817ee59b	3f32c0fe2b41abf91cae3d1ea3a1af2113e023d88c1bf2cc5ac125edee65eeee		
2186	brown bear/brown_bear_col_31.png	raster-fallback	0	raster-asset	39a1a8360429dcc51214d24669e9889a497a9f8be1a943f83e4af33c5cfd774b	ca8bc5f3e5048e8f837d1ac07bc248d6ca2c41915bf43764884c00f8b6435207		
2187	brown bear/brown_bear_col_32.png	raster-fallback	0	raster-asset	c1f3dabcc8b7613c9cc2d275db64abb5f1d626a3c121cdc087e28442702f25d7	28d121b7d1c58bc51dde53e2ff06a77f1dfca91de1fd6704650108590c042aff		
2188	brown bear/brown_bear_col_33.png	raster-fallback	0	raster-asset	dc07329c98cf2388199c48045ce8bd2ffd1db4f870052d487be2d37f86e07a61	fbfe37d3bc9fd90478880f61f05c5ecd5a8efdbe4314aa34b1598b8c22cbe390		
2189	brown bear/brown_bear_col_34.png	raster-fallback	0	raster-asset	b4863d5f491b61747618a1bb80ad3bdd3a517965bc6f27560e857e3d16eae5e0	1a6a5e953d4b2c8d30026c8810ad4bcbe38d3d53292f2c10136c1abee7132bdd		
2190	brown bear/brown_bear_col_35-64.png	raster-fallback	0	raster-asset	8056dd2d414848800c617b35a10c596df64ebe6cf7d84b0deffaa6445c688389	c7bb8c4e38df7f18f1554a82ed969039d9a91f9266b85f9e19fe3362c27d590d		
2191	brown bear/brown_bear_col_35.png	raster-fallback	0	raster-asset	62c8e016b5e6d781e8f43c264a063068c194c680bc243ae5f046a1036501f821	4389e636c06f617c71101945030072d791a7cd4ef704484080944d2e50370243		
2192	brown bear/brown_bear_col_36-64.png	raster-fallback	0	raster-asset	862f5d4b538d96a308526f15a0ea6384817fe9033b5cea595a4e90197a9657ee	e35898d574426b130edcfb7c5e591dcbf38016b7ef9b4f066ff9cbcb74c27057		
2193	brown bear/brown_bear_col_36.png	raster-fallback	0	raster-asset	bc22af27a47af8767d781adef3c3abf3e71761ccaf8a41e178e8fd74bc508157	313978d5260cf32d47eb0774f855e4eb7179707d5439bc68db448297d2e7b7fb		
2194	brown bear/brown_bear_col_37-64.png	raster-fallback	0	raster-asset	70196d2851971d091005556dc2c42719babe411b56e48ba96f24e1a8841b3732	3acf2d9c90d7190b7f6198f8abaddf2861aedbfe87c75e521e039162e426466d		
2195	brown bear/brown_bear_col_37.png	raster-fallback	0	raster-asset	ca9d3d9627e63fd38fc03ad26a40c37dba83031147f2c65a196b413eb9b6727f	6f1e010a3c810ea60a0bcff9f944559008c8008f651ca243d8b7f9a80635ccb7		
2196	brown bear/brown_bear_col_38-64.png	raster-fallback	0	raster-asset	cd37b2dff8ce0554b91ed9a2a88dabff152932f67ef8ffa3872a60de927fc88d	04a4c7f87b27101a20d95c7dca367b1c22e39666dd29442b3383bcb652d029ed		
2197	brown bear/brown_bear_col_38.png	raster-fallback	0	raster-asset	3e74f107905384e642908cfe88389fa14076f2a138c24c6dbf5fd21942369d4a	5383e5d2bf9f84e399848bfb3521d517055a17dbd3abbd768392aa1b23d577ad		
2198	brown bear/brown_bear_col_4.png	raster-fallback	0	raster-asset	e0238609bcbb6cee044ba7ac958c1b0d96159eecdfa27ebf9c08064c21f760c1	7fa6f0c47351d489dc047322f7c7c79d1f3b11aca26ef848280bb172cc57cbc1		
2199	brown bear/brown_bear_col_5.png	raster-fallback	0	raster-asset	ad959cc6eb496afecd84678db3bfb5a991991977d7f2db6bfede2f9c85dea099	50015100f66035c73341135b90f50f0fb7da14d3ce0b8bf63bdc62ddf42bfa04		
2200	brown bear/brown_bear_col_6.png	raster-fallback	0	raster-asset	2d3beae12b73925248b591a825e965efdde4bfa1413473d0a924dd249fd4bb99	93ad8b1207d617b560a034b41bb7612fd15ad25f33259800cf92a0d54006a3d4		
2201	brown bear/brown_bear_col_7.png	raster-fallback	0	raster-asset	b4e6c11103df655dec81df374843fde827b0589616069519cb6efd996a2828cb	57ec71d801f852147bee0af2294923534ae2243a3e1819dca5b3060d40cff06e		
2202	brown bear/brown_bear_col_8.png	raster-fallback	0	raster-asset	1351e2b100f92edc43ab506ee66f2b43eaa6d474236fdfae5bfd7b55bc3a5ffe	2325b100294900e695d1e5158953e3ccdaf3973c8c4e4a37326444ea4e315330		
2203	brown bear/brown_bear_col_9.png	raster-fallback	0	raster-asset	c875c6d5fbc7985bf807eb70d38de5c481395fe3a1aa99cbb642e0914b0cc1b4	7fcef472e5b61fdeebd31890b188fd2f6e4a6e5af431f1ffb93ceef177f85ff5		
2204	brown bear/eye/eye_1.png	raster-fallback	0	raster-asset	73db8d65370c4ecce62e0d22d35d84fe2473da59f4012348aa09c500ecbbb623	f4ff6ec4c71857db6608d9e3262aba8d8514e1f992d8eb83b53d383b3d609a98		
2205	brown bear/eye/eye_10.png	raster-fallback	0	raster-asset	c73c75668d0cfeaacca5e89fc2e26d1a5ef9cc38b5c1b42fea9d2e3e924b3fc4	aa159c23ef5aa27a786bb4951efd3fe973606f04d69f46e80cfb4cde084f3658		
2206	brown bear/eye/eye_11.png	raster-fallback	0	raster-asset	10235ddf75931affe71be6aaee0402f5c770e9325a41190c7c62114a055b2f58	2902c212fa1cf27133303715f46481fbe776da82325bbfd5f86d89e5777a989f		
2207	brown bear/eye/eye_12.png	raster-fallback	0	raster-asset	595a91dc43bf9cdb35e1b5f937d457a21fcbce144092c74a3c2eca34bb0648a4	84f3b3f7eb3f9b050ae462f9ac5de8bad3155c714f5100be1c0ecbb247037950		
2208	brown bear/eye/eye_13.png	raster-fallback	0	raster-asset	ec73557963ab5d7789c85b29c3415618c522da10300ca141bbe5a1add10162e2	9246953544d14b01f9dc2728dac2b3b327a78e2f29cb490fea5bf829e9335ef6		
2209	brown bear/eye/eye_14.png	raster-fallback	0	raster-asset	815a79c26cb55ba1cc8ef606a7ace2d0127bf8bf1056eddf2e486ad10410b884	cace5055355a84f566c72eb1a25b49d824a2aaefb6fa387a9318a19f431ad1b2		
2210	brown bear/eye/eye_15.png	raster-fallback	0	raster-asset	a24b9e44342ef561c9f78d8a39ffa56db6e16fa155555459e753c6df0dbd86ae	209e1d1fca944d682905cfbe093f383735033279766d11113c2f01016962bafd		
2211	brown bear/eye/eye_16.png	raster-fallback	0	raster-asset	9c1dafb2027352bfffcb7beb9c7ffb64e61193116d7f9a631e319f745cf1dd5c	72afd16faf0b758e3c995f5f3a54a245b57d40177f086614134b19c63d6ecafe		
2212	brown bear/eye/eye_17.png	raster-fallback	0	raster-asset	e97ff6d2cea499cdcd3a0d37db01cda708b28caddd40a7abdac4be153fd21dd6	b75c64ab23a6fa8eb577c62c22d485c7a2726842a0758b616b5c9946b7004882		
2213	brown bear/eye/eye_18.png	raster-fallback	0	raster-asset	4638be7ec0fc736b8514891d09844c3c3c3a37ad8798fd9ea53725d9e230469d	fdbaae34dbebccbbf79caf6d36d3a9e5b929a219463fd9d8b2c14404165f3a77		
2214	brown bear/eye/eye_19.png	raster-fallback	0	raster-asset	2f488cd92c0135c57d8b32759b77100ba55a67a40c0d2d92f83b1949b2f11827	61879b66c15ffb3464cfa596ac56fafb8b652575b69ce57d3c2312ab4acb62ef		
2215	brown bear/eye/eye_2.png	raster-fallback	0	raster-asset	81dcc3441b770d65dcf1add5da7e1825b335480ac97eaf4b069d48df76ff1ecd	9c0b5d1dd49f6b92ec80e10fb525d3c6eed38478f3e85cf856e9fd8e748f1ae5		
2216	brown bear/eye/eye_20.png	raster-fallback	0	raster-asset	5d7f124b94f115436aafada7adb12eb0649d5d6e26c0b6917b41ca2128fcbdc7	58724382ce8baf46ef3f36c04a1aa779e44855f0384c6869bf9784a8fde02913		
2217	brown bear/eye/eye_21.png	raster-fallback	0	raster-asset	53348ae9e6d3c0d460e8fe7ac8fc365aff9684b46bbab681c977e5bc936c059b	4c7cc6e0bd415a2d8897a7b5a293bd68bb29f97caccc5e4aca961453a95a8eed		
2218	brown bear/eye/eye_22.png	byte-alias	0	byte-alias	4638be7ec0fc736b8514891d09844c3c3c3a37ad8798fd9ea53725d9e230469d	fdbaae34dbebccbbf79caf6d36d3a9e5b929a219463fd9d8b2c14404165f3a77	bytes	brown bear/eye/eye_18.png
2219	brown bear/eye/eye_3.png	raster-fallback	0	raster-asset	ff697e310740e4c2b256b1ec54b72c66c71cd52fa8cba5503562eeb16560a8fa	f35bf64ee1939f5e20b9ca0bcbb93490c9df2cc31f65ac8d7ec33e29cf3ad9f6		
2220	brown bear/eye/eye_4.png	raster-fallback	0	raster-asset	7b640f60f13f7dbea94bf43bdc024b1c8f31d3c79a54662ebf4c117e6583ec9a	414811cd077452d96a840c3b3ee4ebf85db3f85d5ce677d59791b0ab1d1e23ac		
2221	brown bear/eye/eye_5.png	raster-fallback	0	raster-asset	571fc7840ea5c9f4d5ca8b248e260329e6393a5f2101c0285468b44e72a6b782	4d53ab9be4fae351b3ba144a220d655666f1f95cb964271b7962b180a9c19726		
2222	brown bear/eye/eye_6.png	raster-fallback	0	raster-asset	fd4cc99c8fe53196ebe874822fd4174ce2ac0a63a411d0b5738520b6e9d1f16e	1647b1d9ffe0a557b60e292e9b34b5acaab62907d9afe53773bd8f76634c218c		
2223	brown bear/eye/eye_7.png	raster-fallback	0	raster-asset	1012a3f50a3178e0af1323cc9d4c4771e8f3e13ac84f51f809fa19f34383ea74	d2d33ec50a100b371c4dce369ba3d0cbf6162f0881d12bd784ba57eaf5fc67ad		
2224	brown bear/eye/eye_8.png	raster-fallback	0	raster-asset	694bbfccaee8eca1fc2699a5178a63251da33690a827ea71c423e87ed9a474c5	2ca55d5ea693e52d5333e8233084e5046a29b57f7107f42c3b1ae5c510f639ca		
2225	brown bear/eye/eye_9.png	raster-fallback	0	raster-asset	172fb5f7ba918200318cefcf5f6386b54c312a4e12eb34bf72a9b42b27e098e4	11290e9f46f112f4bb564a0d6e5a651c9ec4f709552dc05e32904eaf8f00b6c6		
2226	brown bear/layer-3.png	raster-fallback	0	raster-asset	c0037b66c67d54bc1c28f3c1b137609cde91e4e8c8bd7236de00744096c51625	6d4e3d5c73e5c105e25a9d11c09069099ab954ded9791992a0d0fb784fee0841		
2227	out4 - Select Library/Layer_0.png	raster-fallback	0	raster-asset	cec70bab16526b61ad1311e8caee82e3c6f962bc0ad0e804ac9a43555b9d82d4	4613ecbb96de3f19ff272a132f14c2653514dc65c92c5d80abac6806c09c2844		
2228	out4 - Select Library/Layer_615.png	raster-fallback	0	raster-asset	010617624dd20d7f43022f2ef831f62a7802d7e9a4c81293e4c835fecd81e983	ffd6fcc27f42a8b5c2ebc671509e77f781f7e445f33af4661a23c288b90f8970		
2229	out4 - Select Library/layer_1.png	raster-fallback	0	raster-asset	660996818ea06c1fc364ae5108fca1b22db7e994d50517c9ef075fb960b38f82	5d3ef195b89e144324a2197c811a9220892051e9418a077468beb18ce619a4ac		
2230	out4 - Select Library/layer_10.png	raster-fallback	0	raster-asset	79df9c37b55e7c210c176ee7367fbe47aab0def103139e40bbdcf967baea1774	d8a98feeda1421ac2c29965d960f9b4e960c75313ba086a70a26d19e51bd1301		
2231	out4 - Select Library/layer_100.png	raster-fallback	0	raster-asset	9989d0c3ffb5a466e7dae07ad44fe1cc97ac1a6be5e286149e069cc3ccad1918	0bfdc0f7a0249c74a7dc262bdc53fe094f94d300b11a6cd8f2c06ba82e5d325f		
2232	out4 - Select Library/layer_101.png	raster-fallback	0	raster-asset	fccc2a440c6bc09f33fe441c9bb16f896c47a43cd3518e19d3e069af9901fb17	f94aa08ca33ed23b51dd16e67f480c80dd7a6a2a17ec8a03f4ea6aede073e33a		
2233	out4 - Select Library/layer_102.png	raster-fallback	0	raster-asset	b079369416414c92428ffa31187b491a164ffaddb0375f707d41c8be445bbb0d	1f279fd104996c3bb5aa4785fe1a2de5ad7f4e27dbd178e0b85268fcc1f08b2d		
2234	out4 - Select Library/layer_103.png	raster-fallback	0	raster-asset	820b823303a4a7e89586f699772d833be6ee6bca3044b651ec1c4a64c839441e	6af8c238b461a4bcbd4e900d16d2b185941547cd601df1b2d3878f23844eaca1		
2235	out4 - Select Library/layer_104.png	raster-fallback	0	raster-asset	774c64577c832c6673c78b34ffb79819f2687255decd120881052485e05df29d	d803eed556f79500f51d3b0f51c9de11c15a792f481b28abfccbb5f9a0ba7978		
2236	out4 - Select Library/layer_105.png	raster-fallback	0	raster-asset	00430e79b07348faa98dd5b45b9e892bc244980d4a156d3960b0556e6d734ff1	6f232f2974db36ac00530408bcb80cf241faa296d3a4b2cc181f0061f762cd13		
2237	out4 - Select Library/layer_109.png	raster-fallback	0	raster-asset	73b64e77187f2f6ae922c63a9d36e504060a2324b4e6a74046c76ac52d56f49f	3cbbddc4e06b1c32957b3bac263d1634556cf55480822c9502f67e4d08658875		
2238	out4 - Select Library/layer_11.png	raster-fallback	0	raster-asset	ad453f69b4e795a77539521e0170d5b8ab9c0a6737f046d8a765f49be9c61a6a	744ae09bf222b25c76d8a7e6cab1323789ee5e0c560e4e4063fe5fb15649d538		
2239	out4 - Select Library/layer_110.png	raster-fallback	0	raster-asset	aff4aea66d45a3f2dc7c2c7e822837f64a4ff65b04d4ed40a4a6491c2877a75e	0bcaee9833509a473ba8910d714a0fd89afff14a9cc668648ed8177266fa4d27		
2240	out4 - Select Library/layer_111.png	raster-fallback	0	raster-asset	99195023be27a9b2f2984c6514196fc3a54e16dd15e38c4cb838f9c2d35cdb39	fb2394335b1258136744e1c05e30fe452f098b9138e1b822fbb7053a78cc8fdf		
2241	out4 - Select Library/layer_112.png	raster-fallback	0	raster-asset	676aa7735f8ecd4e4df6e0e616e4a3155a5412d8a1f912a20a39f116e6114b8b	8e64fa51b897b6d43edbb72e5b1b840124c64d7bd57b11dd04dd8a4dd7177c67		
2242	out4 - Select Library/layer_113.png	raster-fallback	0	raster-asset	a14be1bad174f14695f85cd7b6b30cdd9cd62d42b48a94b11c1565374dd4f160	f845b82f44473bc8c313fe362c2fbffce25d73542dd8453d96fb1dcd76b3d2f8		
2243	out4 - Select Library/layer_114.png	raster-fallback	0	raster-asset	da5ebeef197abd9aa824876116d56fe3ac68865b97f38d96319cafbc5347164a	be3a0f4c919760a46824758d695231ce4c906c4e6f35085a16029084e0708d5c		
2244	out4 - Select Library/layer_119.png	pixel-alias	0	pixel-alias	910a01cde437d4676e66a9effd54743c2c7c0163d1afae23fceb481d1848b374	66681addec25325caf874328551595cb9081939a921673adb2dd0e593f2cd56b	pixels	col/col_yellow_lo.png
2245	out4 - Select Library/layer_12.png	raster-fallback	0	raster-asset	c70a867ae3e0c4e37da6467cbbe68da3314e5c57045646dcb0cc3bcc9adec325	f212640143282130642e55bfdf32bc3f656617fdbb2d4bf490eb8a53e0134c4f		
2246	out4 - Select Library/layer_120.png	raster-fallback	0	raster-asset	845a6dbbbbf1ad10f8984f7441205d2af57456d166d6ee65a5406d21a6e18aba	6cac9bbead26893c30a224118e2594ef87cf15101881de4e602eabe29f982cdd		
2247	out4 - Select Library/layer_121.png	raster-fallback	0	raster-asset	58dbbf1282ebd914743719410cd1f856c6c7e19975934dc5f118f22428b786ab	045c8494045997aec1d552ece14959f59ed5c2794eda3221dfbd63452eb420bf		
2248	out4 - Select Library/layer_122.png	raster-fallback	0	raster-asset	00363df446572983a2979447cb4880c961a695a4ad4a4b294bbb09c26262e6ed	5a5fe3f8606528e67af53029b600014fcf9b6879828c934d0e780003701e3a39		
2249	out4 - Select Library/layer_123.png	raster-fallback	0	raster-asset	69d976c369a99953b5a4c47b5580d6b34b84f4f0aed5225df80d58b1588461f5	a415f8da757bbd9181cd83274bb267417063f046e0de098492b878008b37552f		
2250	out4 - Select Library/layer_124.png	raster-fallback	0	raster-asset	52d3eefcf4e75ce45699193959918785f9fccc1c0412e1cba9424b90bb094852	e86fa039690012994510ad5bfab9f18ad52eb484cf5593d0a8274d6cdebc5b26		
2251	out4 - Select Library/layer_125.png	raster-fallback	0	raster-asset	75057a6191fb3c46c922ef285151af80128c392a0152e96bb51acc861dd17faa	351fa402a12e53571c852bd3cd250b735a5241d9a65dd56f0c60dcc8766061e2		
2252	out4 - Select Library/layer_129.png	raster-fallback	0	raster-asset	cbe90b65b90650e6deecfcb308b770f5fbfcdfa36e96c3a7a12fde2fa25a635a	0dbe61b1062a300ff4ece1b80c6876a0d7ea18b56684b8682a9142abb60d4cbf		
2253	out4 - Select Library/layer_13.png	raster-fallback	0	raster-asset	a1afd26bf672de191fc5d9260b40f1739aa2ef11529c73d0af4228b5f3413879	63e9b23b960ead029ba614c6c59f29431691b8352b3e05648fa57e0775cfd189		
2254	out4 - Select Library/layer_130.png	raster-fallback	0	raster-asset	037598aac9c927b30aa9ee069f71d4b1f56a21e596a407e44ca9a09f5bedad9d	973cccc7dc8f8d8d2c1b893aa86f102a389fd6a7ae170ec6aad6b8eb10740345		
2255	out4 - Select Library/layer_131.png	raster-fallback	0	raster-asset	b60384b42997ab866902a40807a1c4818e67af077989b6f0b548be07f05ae6b5	a2b0ec44cfc78eddc75127fbc0125158c15e964ff356660596958e44cf40a2d4		
2256	out4 - Select Library/layer_132.png	raster-fallback	0	raster-asset	694f83fbb7565e1d252a6c43705678faf01c2efda71651bb40280402ad9330ee	b6e3e2decb9f657f8c13dc7c1b757450e8898344498a427e3fd15318214e0ded		
2257	out4 - Select Library/layer_133.png	raster-fallback	0	raster-asset	51471bf5373d60c76d77ba30be08653928541d5fc98f3861a282a928b4e367e6	08b4cc1caae4b4be93f47c107d068a47e8f8e72f287fef67059a4e324155bf35		
2258	out4 - Select Library/layer_134.png	raster-fallback	0	raster-asset	257361268b1a5f6713fe652a19a70c9878991b1119b9f5cd264834eb6cfc2e07	610f32c386fa7f1849509b0b2f9dfa75333a8f0488d6a3bf3f47fc2c2b06f94a		
2259	out4 - Select Library/layer_139.png	raster-fallback	0	raster-asset	b0e9927c90b9082ba308dc1f47dcf47237748860b62a5bd795544ef86bd3dd9c	7205e4d14b8ccfba39d2af635c89414f77cf15bb82f1657a85d10311fd242e2b		
2260	out4 - Select Library/layer_14.png	raster-fallback	0	raster-asset	77015357d84d5955b59ede468ab7a35367c21317a1b5a6039d4a94ff3f977b27	dfe00375d79301fd4ab05c5eeaa4efe1bcbab819b4142025f8c52c62f0940874		
2261	out4 - Select Library/layer_140.png	raster-fallback	0	raster-asset	5b2a48ce024687308a17014bde2b49ab96f827f52cc25ebc036dbb939c26ec74	4c52637fb8daecad9debc57113ad77b51f7749066870b552049377b1a69eb533		
2262	out4 - Select Library/layer_141.png	raster-fallback	0	raster-asset	fd550046dbdc677e7cd5225d14ea44b9737f5e6594ff27bfd113c57980acae9d	eda9afe49e1819360b265e5311198078855009b7ae5f342a9d5348111ce22953		
2263	out4 - Select Library/layer_142.png	raster-fallback	0	raster-asset	176af239055fcfeadcbc4d8e7fca857643a7af942e8cb5c4d9bf292f1c90ff4e	268402a86f110bb66b9b5cd6ce2ad5ae38f6574227b63a7e1d2ea8cc03bb122c		
2264	out4 - Select Library/layer_143.png	raster-fallback	0	raster-asset	c59c5329ea13cfaab460bd61508af893055186f5e99e542fe5f64b70cc1dfffa	b08bb25f5c90496147b7eabb04fb6b7b81391edde3c8bc78fbb56a1ce7c31af6		
2265	out4 - Select Library/layer_144.png	raster-fallback	0	raster-asset	d7995fe6258565b9c6ce4ede0e6e8d8e60f18a24b81cacb23ca26d4495c15c62	ef720b391303939c9e4fd494da418f4a77b84a869b20b5dd61bfdc08df4e67a0		
2266	out4 - Select Library/layer_145.png	raster-fallback	0	raster-asset	7e7287d883acfed81f617b70e3ac21a3b8f337b9f51175954a57ef7fb0cdb903	f1e24774ce304f222e0d3f4bc926e76a623ea57f55b8a599a6fcfb6d6562f20e		
2267	out4 - Select Library/layer_149.png	raster-fallback	0	raster-asset	9d2510e02f77311156aad21b4abdc6cff92993e949d3efa4305d8cc49cd4b8ce	0e086ceefa93d84356d838936d69c07c6d74d28cb8c68e9cdbb66878593478bd		
2268	out4 - Select Library/layer_150.png	raster-fallback	0	raster-asset	56587665d8db15063018b7f209ee21dc180c689fca8657cc79a6c6d556c1d28e	84db7f8234deed2f207a31df75d4820454d467648952f1938ba9c1b909980f76		
2269	out4 - Select Library/layer_151.png	raster-fallback	0	raster-asset	781d584a6a76171c8e4b9ed945ee4fec3917cbcd789001458ebc8d941a9f8f72	393a2a40054f17a4f7067e6d8d278e33764616666b67d89a915fbbdb8d160147		
2270	out4 - Select Library/layer_152.png	raster-fallback	0	raster-asset	cc0e90230a4c1faca73cc6928564f3612b7023d328cee0c951e89ac5b1c45844	d15c89c08ec0cf55c7ab99173a8a4b6eafa0099e4c0b5b778f8099f9c722be16		
2271	out4 - Select Library/layer_153.png	raster-fallback	0	raster-asset	d2cd31f22dcc6aada92aa2a52f8facbb5d3d2db17f7894fff93558e7bb0bc523	3cc2cd13642ab87405e7814eb4f4aa498a23ccfbda4e90caa516eeaffcb0d15f		
2272	out4 - Select Library/layer_154.png	raster-fallback	0	raster-asset	ff0d0bf3700e7e21331f1669a770fa90e80b5a8fc1b399f213dcb156ce035e48	26ad91694c6169a0c8f81dcbc7b09fb96163ba3180286aa3e7f6ad6561c1a7fe		
2273	out4 - Select Library/layer_159.png	pixel-alias	0	pixel-alias	3d558540e8c59a9e6915aaa700c8d714c8927167920bf0bcf84c4ece2589f368	c91d9b205df0d053ed1943b2809df3c9117fa9972b8ed23f84d5a9a644b869c5	pixels	col/col_green_hi.png
2274	out4 - Select Library/layer_160.png	raster-fallback	0	raster-asset	763e6b46b717c707cd8b7d02b300658a6b20920a8729ea888f6411ce78a3d0e7	df935fd3405986f4e6c657a3e91dd06ce02d860b6d0ce1c7201f35998fd15ba4		
2275	out4 - Select Library/layer_161.png	raster-fallback	0	raster-asset	57c726138a1f36f69b1068ce80bd39f51c10bbcac388d5ad4a2ceba13420e9ed	0c515b129d8a8732db4bfcba15858284acb051453cd48f2cc781a1239c17dc13		
2276	out4 - Select Library/layer_162.png	raster-fallback	0	raster-asset	66f4b67b7fed06675f4da50f6148a963d0be21c896dc601772b8480ce94b4986	dfaf41ffb22b0e09aedc4d317f26ee9a2a4234c8baac79534ed1449fb552a4ae		
2277	out4 - Select Library/layer_163.png	raster-fallback	0	raster-asset	71e2a95b4fb49e13d1ddee7cafe11ba8d72d8028dfb526dd55aacd6803210ed1	d8754e47cdc403b1961f691fe5ad6696cc43d8be8190ba912d713389cdf90f0e		
2278	out4 - Select Library/layer_164.png	raster-fallback	0	raster-asset	2f66c2fd62c03574cff000ae4f9fc40fc5ccd33f2bd13bbf5fe5d7313eff3212	9e44e487760a8434ef7c0a928a5a20191e019b727a98e756c5fcaca3d8db92f3		
2279	out4 - Select Library/layer_165.png	raster-fallback	0	raster-asset	b668db5f875127bd3dbd5fa4f0f6b87f8e3232f979e6af66636278ea3e979059	0dbd1b00b508a76f4773ccefc5168153a697016d55a34cc484c5deda63b885a4		
2280	out4 - Select Library/layer_169.png	raster-fallback	0	raster-asset	3e22314255ce05f9e9873ada7ecb39773aa6280ed3a1eca2f5f4788271ba7914	da9f6996228e9641e15ce42c112259bad5aa5d1c32de7b12b96d758fbd43e91e		
2281	out4 - Select Library/layer_170.png	raster-fallback	0	raster-asset	18dee5a8de584c401b321b4cc28789d392b57f872a49562c112859e902e44131	be9df691a3a92416726ef8d30c8a564832babc7ec88fac6d1178e6c3ffb17a80		
2282	out4 - Select Library/layer_171.png	raster-fallback	0	raster-asset	6171bd51de61e7f027bb3b75ef65eff58c316a627db26e316f1fece6d217821a	dd2eaea1492b43c3b71177799aab6e6d6f7fd56d62ca31dea5ed4463ee7d7edd		
2283	out4 - Select Library/layer_172.png	raster-fallback	0	raster-asset	c481663b81b32fc388f5128ee62e5897d03b39767fc8a55e2fbcda652d9297e2	476a20427485ba56a2b87607ba497c25addcf6d779db1c28a436b0ae83bab08d		
2284	out4 - Select Library/layer_173.png	raster-fallback	0	raster-asset	fd6c62d08bb3f005bd371ba36bc323c793eb0c5d9f42c8a62e15c208519659ba	c83363eb3da4b8fabac47d745f076e706ca5700dd05eb116ac061eaba940c232		
2285	out4 - Select Library/layer_174.png	raster-fallback	0	raster-asset	15f2f10daaaaa3b437fe5da2c095e03a6e05afb9c777de8a7ac96d462ba48cad	15a333bd45e20166d057665dd204cc3271c1aef383cdf39d6a712e0b7df5332b		
2286	out4 - Select Library/layer_179.png	pixel-alias	0	pixel-alias	d6025b35b705dbd83b16bd7696413ac5464fafc53a12b3b5cb751b99dca431d1	f1907b32894b5e4927569315571a23f9b14fa86cb0587fcb5f883fcfd9718983	pixels	col/col_green_lo.png
2287	out4 - Select Library/layer_180.png	raster-fallback	0	raster-asset	ff8ef5d7bdca1f7bdadf68f5b7c8cc211160b81f29dcecb5f2be58bac769f92f	72542351adfdef3cb4614a6bb9b2844f426855d734847d546544eea4a657360f		
2288	out4 - Select Library/layer_181.png	raster-fallback	0	raster-asset	9753068a1158bfd0a26ede779a4bfb2d3032c0b91a5bad2e4b2f0d7040fa6d0c	eb14f9ef6acbae964a70491bcb8c922685ba4d211395893204caf16ad0dc340c		
2289	out4 - Select Library/layer_182.png	raster-fallback	0	raster-asset	56016f3b6b52e09a4ebec5fbc96925f5b3cfbe4eea7297315051d829a3401d89	d7293b4fed62baaebb750edd85a6b8df7187804eb1c1944d32fd47bca5185055		
2290	out4 - Select Library/layer_183.png	raster-fallback	0	raster-asset	bbb745a573d80f076f0bd82840ec335e8ef36de68403478e4903f845418b432b	6e2df4b015a70085a9d4028e0e6ca0480cd4d7588ba3bb3af5d547afce5fc08b		
2291	out4 - Select Library/layer_184.png	raster-fallback	0	raster-asset	1db8bb3a610af27625fc9573b108405bb2f85e257472b127d0c75e5e57e96ebd	11b01cdcb54eb6b4b3fcc67f0b062a1070afa399f3490122ee4f1e2c02a7cc3b		
2292	out4 - Select Library/layer_185.png	raster-fallback	0	raster-asset	238137bc5e99bd400c383a78e3590c31382c9c7c2fa8f0cef456f2cd8e44e72c	eaf67e53b1d07f61b168e641ff86efb3d7a9b9f9269f4149c97fa1f0b2809380		
2293	out4 - Select Library/layer_189.png	raster-fallback	0	raster-asset	f353cbb416180824e4966d86f4e232db5f3697c8aeb63a56159bcd31ca110f65	7e15ac112c094252f885e4cf5241a30cf08d1207a3b15cd29205ecf00249ffd0		
2294	out4 - Select Library/layer_19.png	pixel-alias	0	pixel-alias	0bcc07de1631aa0395013f35790f719bd754f61e4bb2847a86fdc2365d3d8d63	5fe382ada37a4f59cc9432c2a15ee2735f96c862291327e326163bb03cc0640b	pixels	col/col_red_hi.png
2295	out4 - Select Library/layer_190.png	raster-fallback	0	raster-asset	dc7d33e950f8946d1c2c0488f93bb4a6daa6fb976c7382097727737a2169466b	c87ad79f268e345fa249d1d1cc6036ef3a82f7167a6d6986ad3baec19fdd525d		
2296	out4 - Select Library/layer_191.png	raster-fallback	0	raster-asset	c94e36a72a159c25ffe70aceff280c0a22eebe3c555adad2b45b5f7e7a617e63	a5c37123e560227dfa506b42fbd45ce6ca3dbb8a3755099eddf3c5bb4ada05c2		
2297	out4 - Select Library/layer_192.png	raster-fallback	0	raster-asset	edae2b2f3ed5fb00539659e674c1380c1a84353039ed7d55a0dafc7203bf5b03	498f3f7a126792975e0a5a21c394865109e3ba46c817cca71058061264a07926		
2298	out4 - Select Library/layer_193.png	raster-fallback	0	raster-asset	e69abf2e80fc3bea90343cd660411d0bfa8910c2ebdf95589cc21f8066339626	8bfe3a9ccaf72d922207678cac87b3f2e6e099d6e66052710bb994da0661b7c6		
2299	out4 - Select Library/layer_194.png	raster-fallback	0	raster-asset	57b3105ea474845df2e8300d4dfba5a1e04ac9d7166130aee294b0c91303b8e8	12cd85ff69e399ab0690e36ce9e3c90c61af3d8dd3f5852407f2bb9779ec7448		
2300	out4 - Select Library/layer_199.png	raster-fallback	0	raster-asset	f51dd85b3bdc78d5dc944cf64ee6fbc37f27f3196881f1645575928b8892a101	88f82c59d5fc405f6405f1613b315d187a3f8ff3afddec5c4aee4f30ead5aa66		
2301	out4 - Select Library/layer_2.png	raster-fallback	0	raster-asset	bfe082f6b87af1e52f3dfafa3101564d7aee713c999fa872dd008fc3a0135a44	d95212e160638ddca4b64a5c215863be9c95ed899ece6ac85199ba741e915fd2		
2302	out4 - Select Library/layer_20.png	raster-fallback	0	raster-asset	7d6d2ae8a408229c5bf1bd385b568b37a6a1c461cbdf457247b0f54026786d64	a5f62047067bced53db566255994136b85833f5be84d5b1c8937b9922673e871		
2303	out4 - Select Library/layer_200.png	raster-fallback	0	raster-asset	cd395e09a28e0e5c9b25ce171e78b13b3089c97aa85fa0331f32461909f3556f	6981ee0c02d1925f6f489eb5fc5f7e3c5f222291b8b5bb609cca5ea0b06d52e3		
2304	out4 - Select Library/layer_201.png	raster-fallback	0	raster-asset	7cb1cdb7cef6d6f0d522516365475bbe606da201e6fdafcbe562173e4f8b8c23	c901671de8ae28fb701f7b1fab5973c089a87bf9cecc445588db78efe1536e63		
2305	out4 - Select Library/layer_202.png	raster-fallback	0	raster-asset	04a38e868423aeb57572ed95804a3e380fc8e759ecb5bbfecce85af360111a86	2f673b4f3a322150316b6ab772b67d2c6c9336a6d7cf3b4ec7b62c8b959e3753		
2306	out4 - Select Library/layer_203.png	raster-fallback	0	raster-asset	324bb423618e7bb16fadb66fd1d9b33d447398759e51acdd58ad165cf459577e	2ebd131369a26aad222bd64c4b529265ca3f2967e2f7da46ab9a171294a297f0		
2307	out4 - Select Library/layer_204.png	raster-fallback	0	raster-asset	85b86b671252cb59a572f447648cf030fc108f7126e32ab8dd93bad4b0c46add	5bd0fb396fd8cdfa7b0f6ef7198aeff91c6be70ed8aa60fdf90b6fc65317dbac		
2308	out4 - Select Library/layer_205.png	raster-fallback	0	raster-asset	f3a4966d7b725d31a6dd27be7447ebde64ffb98e95351d0871b2f007d19df18f	ded0d038f24d83da7f6a75829124af20dd5085dc8c2c75b5a70e7f8f4876f108		
2309	out4 - Select Library/layer_209.png	raster-fallback	0	raster-asset	86168fad20c64bfcf7866b16bd999fce97ec0d95b8ae47667832bcb5937de035	e25f49d1a3acf2da2cfdd5425178399de39a5c9c9fd4f664554fc2a4af4f04fd		
2310	out4 - Select Library/layer_21.png	raster-fallback	0	raster-asset	8d0b1150ce29f090f9f45ed175c397aa5f582c88b44a5b6f02f8b54c67e329f6	2589be0bf9233360a3ad66ffdc40b72210e99d2bb1e75f4daab17db12d6d6d14		
2311	out4 - Select Library/layer_210.png	raster-fallback	0	raster-asset	42a054768f6d928802a759830eb5a5a31d35a24667704382bbd159bc1af0671c	7f67d7f0ef114e72284c20ffe7ab9299eeb1ef4a3218efacaa285a06589f8a88		
2312	out4 - Select Library/layer_211.png	raster-fallback	0	raster-asset	046c71fa2971c9608c4f48f7a812f0bdabb40dd5571c8b6f2acab186cffb3638	81611d849d53c8618376f4ca20ff0bbe4c7a687361f5a96307e5d87edde17ab7		
2313	out4 - Select Library/layer_212.png	raster-fallback	0	raster-asset	0b5c3b69f5e2a179c26e7c88fe35da2b26b36d7962827e4cbc80294dec04f35b	aa3bc28ed48762c1fe0c6a5f4f7529bea5a6c50a9554bf01e4ff57670442748c		
2314	out4 - Select Library/layer_213.png	raster-fallback	0	raster-asset	b08c9760ffc8c323a869e1402766c3a63365e638bf6e48678f6f1a6bf0d0602e	f4be6488707f16220df7814c492c6f5b073ac12e55f33fc6fc2755966f71f0dc		
2315	out4 - Select Library/layer_214.png	raster-fallback	0	raster-asset	ef2c39a9d0513df2bfea47194f3e86a51d6971ca608487155689ddde56f013c3	1419c2a301ee73e9efde6946ff701a4fb85c65c2a5477238d95ee5e1ea6c0095		
2316	out4 - Select Library/layer_219.png	pixel-alias	0	pixel-alias	85d8b62ded901c24b4abd09d1a5a46cb79f1ff0dfd1008f85310f0c3c685d683	0b31e4ee96d30b02be2cce40417f649b2b55610da14147b1ed15aafa7bc4701e	pixels	col/col_cyan_hi.png
2317	out4 - Select Library/layer_22.png	raster-fallback	0	raster-asset	15b047aa2106cabca4a7e2b0798dc259b6c99178e9b6c525ba588abc2e1ff82e	79f4cc1cb8ec5acb5a64906bbb365baba4aa67e4053fc2eecfebea559d75a458		
2318	out4 - Select Library/layer_220.png	raster-fallback	0	raster-asset	2f971633522856c00327e5d6e46ab6561e9bc6ab00d72aa6fce6f5d5211b1045	57eee7d72fe7a5cf17082f9c8e5cd172a436ce01882c73f1225afeb7c1f32cb7		
2319	out4 - Select Library/layer_221.png	raster-fallback	0	raster-asset	fd3704f6e81ba7d55c81e42c5393d31685ef62c77314ff2a2c4fb27443ddafa1	5e244a7e301de9ae4b2fe485cf4d76f5745bfc71600b096b46d9c1726d5826de		
2320	out4 - Select Library/layer_222.png	raster-fallback	0	raster-asset	0dcb7c2631fa8dfc62f93af5b863a9d11deec696244c0ac43fe77c7514fdad09	e4c057e533a46f5155b02b281283662784a9a03c7a7eccefa457bd018b274917		
2321	out4 - Select Library/layer_223.png	raster-fallback	0	raster-asset	7576f134acdf09b50e30e58675e3a97ecbbadb6f73c1e071b78d593fa2494913	3da29aacde067e4146578d7f01ced61ad7721354778e3a52bdff7ab1ab7cfe04		
2322	out4 - Select Library/layer_224.png	raster-fallback	0	raster-asset	c5441deb0e51e4833cfc284c061826a601435cf9ef50c7b5f8bf5acefab991a5	295ff8a25803eeacce5c5ef81006d29a8699d6deb4427be476a8d03650451563		
2323	out4 - Select Library/layer_225.png	raster-fallback	0	raster-asset	7e624e41aa67f71ab5a41b0e6ea14ddec4301c5233a565aca89fa25af97de1f9	5069516ccf16c52d1dfd5412d13cc1dc3d5744c38b1bab58990c4c80594043aa		
2324	out4 - Select Library/layer_229.png	raster-fallback	0	raster-asset	c6c75772218e839b07174026b1780da4e0812923193b367310349939f5403d53	e0b052baf6df61bd90b74b09ef5d0662cc235a07e6d069f3d99bd86895411806		
2325	out4 - Select Library/layer_23.png	raster-fallback	0	raster-asset	085b91379b6dd5124ab2601413e237631bf5cb4225a49a2b295de3db54eeb4e6	d16e23ec209e8c96958f3c6482cc3ef714e65e5da682e55b397174f603c0a479		
2326	out4 - Select Library/layer_230.png	raster-fallback	0	raster-asset	a2b465c3d4f5004586234ad483c67d2480a3aebc54c0923c45a1f829d0de8bd1	7d2b7171e2228f4103808bb9c66db5833ca4498f1562bafea0444a8b6ce33c1b		
2327	out4 - Select Library/layer_231.png	raster-fallback	0	raster-asset	eabf2a98368f5f1fb8b7395d061debd0770bd4cc4122447bd57584bcbb381488	29e2f8030db57bc32ac3efc7274361d1a6230ebcf8d37956c30a09680917995c		
2328	out4 - Select Library/layer_232.png	raster-fallback	0	raster-asset	d84ace81b6446ef8d29ad4690928b6b6b3401ddffb765972cdb136b932b66882	664ea27f5559facd3ea651b2676a897331a2412cf616b0aa396eda7c304cc321		
2329	out4 - Select Library/layer_233.png	raster-fallback	0	raster-asset	e4812460141bad1156bda0779e70fe68e4397dc2584257b5038fce5af28c2634	04d9d6e2bc8ea9bc5bb0e7cf895fbf4ec3f140c57cccab7365fa86d6200cbc7a		
2330	out4 - Select Library/layer_234.png	raster-fallback	0	raster-asset	36c3ffa5c58e20eee28bfd5ab8c655f6520863fba2f2ef621bfa24c7d4fb7c12	afef6c68470c6a70d584e755e4f3ef7f67d0fb53e94e7df7b321c8f87d0c9f7b		
2331	out4 - Select Library/layer_239.png	pixel-alias	0	pixel-alias	fe9a4f628991fe7e2c2845f25e342f95b997a80e436e2f63d36c3083a542ee09	1497bc28b995664875a53fdfab1075c0c1e99c967db31601b1ce15a49908a22a	pixels	col/col_cyan_lo.png
2332	out4 - Select Library/layer_24.png	raster-fallback	0	raster-asset	5ac5ba006c74ed9967ce3592c3781e53895565946303a3d8458063ae1da138ae	f23f2677b8e8b1c52a640a8f5e9d1a4041a2f878647f75c8a73a7e8aa21fd931		
2333	out4 - Select Library/layer_240.png	raster-fallback	0	raster-asset	53b119502f3a96fea138e61f1ba75ab9bf7b051aee4fc67cc5cde1d1d86bc391	94b66afbae18569ecb6537974fb3887f441312e50e87d45c1b9c95616b202320		
2334	out4 - Select Library/layer_241.png	raster-fallback	0	raster-asset	08073fd8c675fbaccc85222ba971ded2bbceaf886a3d75d093ce3b22d7754a23	fe52ba6499b6171671adce011994c0f7648dcbcd982a9caec5be2d2cc7e60036		
2335	out4 - Select Library/layer_242.png	raster-fallback	0	raster-asset	67b941b10b502f2d5ca074e74377e238a8c54798a516f8e80958722b9ef6cea9	257c19bf5a9ed9f3dc40a8c226c3b54c15bf61e396d766949ab538547680ec2b		
2336	out4 - Select Library/layer_243.png	raster-fallback	0	raster-asset	c189b6311bcc291ba40b6c9b19b02bbedef48cea1595a0f66e6e98f8d2dcacba	c8e9b1e24a62b42ddef26736f394e0dbd77839264085ab8defc8b7facc0c85c3		
2337	out4 - Select Library/layer_244.png	raster-fallback	0	raster-asset	f4fba4ff409d8ffa5002c2a15edac9f8045f2885bafd76b7fe97845fff2bc45e	8ae4785d1617fd189e591e3bc236dc7aa5f5bc8a12e53bf43ba54c1c649ce1a3		
2338	out4 - Select Library/layer_245.png	raster-fallback	0	raster-asset	c319940e81e92aceeae379377dd471d99ea081463ef3a44df1b964aa6ea4d312	5f735d9c1a014bf177e42a43d9cf0639fd2f77d279196eb06ff9c0222105c9cf		
2339	out4 - Select Library/layer_249.png	raster-fallback	0	raster-asset	ac1557b1eaeef1a016a9e1f42eea35e025ead78e1be059f8eb1a1d98ae161b15	0991c3b913ff6047fe09ce9ea5bd85f7cc172f88ee4725aa517eae42e4c3998f		
2340	out4 - Select Library/layer_25.png	raster-fallback	0	raster-asset	9f9d91ca294b6e1cd4511436a2874b156d51d36212a9b5b5690734e24d585195	3f3dde93af4deb03b995643c148b1b4ff08db16fd5e13eb6fd24ce71c0407d10		
2341	out4 - Select Library/layer_250.png	raster-fallback	0	raster-asset	4cc7190cdf68589cd8ac3d472e7b4774ff5abdee244fbff9be13058f3244fe0e	fc9e16757f3feb7e0e99d7eb18b3ed03f3b28bc32dcf5326e73f855461d20009		
2342	out4 - Select Library/layer_251.png	raster-fallback	0	raster-asset	b0189a2e04dccbdef83d5100eb282336a7f396e26899a11a9cf69ff12c8f437d	a5fc9d2ca92ef4eea1309e88ce6c23abf7aa90454a642247184f115b42b6f160		
2343	out4 - Select Library/layer_252.png	raster-fallback	0	raster-asset	dd890578d1f5ee761ced3c4bf972e117943b402f006e8e508313ac7e34be206f	a19e514e861b6ba6831fbc60a8383d27a5d9ed8f5fdc8311bafd382838e97043		
2344	out4 - Select Library/layer_253.png	raster-fallback	0	raster-asset	216bb5db12a55c717509e4d62248b67257d097eade73511a7e12e44e2e5df63d	23a9430013c84e22a4b51e0edf5babe0e041b8103ea56a3dce0e5e373131bf62		
2345	out4 - Select Library/layer_254.png	raster-fallback	0	raster-asset	ad237e3f8740ad361da38ab788225eb2191962e87e8ef2fadc0031ee555d9464	e9d1b4c1fc49686d197cef591888bf5677dbb097d379d6daac518df338ed3754		
2346	out4 - Select Library/layer_259.png	raster-fallback	0	raster-asset	191aa2fc28ef2980b1521fbbf0d19e941fc57b48813b316737d31bac9e30d531	51a332fa24085b899ed5d0a5737d47bfdc5427a3e743afe8e64e130f726272eb		
2347	out4 - Select Library/layer_260.png	raster-fallback	0	raster-asset	4daa9304536cf86d7195ca66190ce73101a49cfc8a32ca732f326549e3c46352	69d75bcfa2cf388086a56e21a7b29f0ecd74642a612a37e32433d84f7bd2f467		
2348	out4 - Select Library/layer_261.png	raster-fallback	0	raster-asset	ece1096ec09de1d7a25a0f7d47de6a5788c26ccb0c318e9bbd7bd0d24535b8f9	02fb31113e604165859152680f793d66b376b50e0c044768eb01f247f39247e5		
2349	out4 - Select Library/layer_262.png	raster-fallback	0	raster-asset	a886de49ca42ba713f171d3d73264297c69b6bb2e7d98a6e48d0547f9e51110a	04aa0e32d9937283718affe4b12b37646ec9f6f55278027052edc134b9886ddc		
2350	out4 - Select Library/layer_263.png	raster-fallback	0	raster-asset	b54afb5ddc03e662ae79d9c809f9e48377ccb1a4d246fbb7aea779b6618854a3	575fc9692136e1ab061ef2c46794f753db62c6f6706ef9813c4152ec638c9eb1		
2351	out4 - Select Library/layer_264.png	raster-fallback	0	raster-asset	e0fa7bc5abc41530a9b74df6e1b801406f40f1eac67c2a0776190d4aac4732b3	a0e64d5dc07b7ab8c9eaa81d330dcd7f3d1132e3b157accea359a4c0cc9ae33b		
2352	out4 - Select Library/layer_265.png	raster-fallback	0	raster-asset	0e425f67aa5182fc0d189e3a6dcf53eec6e49d17e3c90f6e95ee6bf8910c54a8	c0d1385ea8d308e9677d7e12e668eccb616d8c19029bca0727ce3c0ac64cdb4d		
2353	out4 - Select Library/layer_269.png	raster-fallback	0	raster-asset	b716368981fa1735d015364f0b11111ea0d893f34c1998e87ac08348eb897265	f005b2127186c3face8d97c95fb54406bfddc4f969a4f85293fa1aa4a687a5e9		
2354	out4 - Select Library/layer_270.png	raster-fallback	0	raster-asset	029afebc219d4337cacc23446eb4d2f437875f638068b0e6c8bcddd4c86ce33f	93ec4f580854c2a44a189de244c3c6945a91b30818d75809dbc002da6d5c7764		
2355	out4 - Select Library/layer_271.png	raster-fallback	0	raster-asset	78f76e578e059e8926de2cc1bb0ddb6623df0a1d28b0d963dbb85ec1521897a7	220b20c4a6b1def4252c96a91a7ad0eeb07e4b7677b961fbde03e6ce736de23d		
2356	out4 - Select Library/layer_272.png	raster-fallback	0	raster-asset	3872ec29acd1685383566244fae46674a25f9faee44222f5dc913363f4fb4b04	411a5a24560583dfa6e270dc58525a6e8d9416a5ce88dbad5f65eea673719393		
2357	out4 - Select Library/layer_273.png	raster-fallback	0	raster-asset	7cae802952b077060c58bae4657c54d0778aa4bf47ac47fa0583ef49831c6eec	7c008b3b0fd33141fae808c02f269c85af86e2f981e558ddc1e0ccac66c66287		
2358	out4 - Select Library/layer_274.png	raster-fallback	0	raster-asset	0b4c529078a342fdd3a67a5efd0aa79a48a878b5e193377049da76661b3bb608	9c229e3478d9b91a3efd2c579666adc6705873aa73e5a1e54e6c087e688522c4		
2359	out4 - Select Library/layer_279.png	pixel-alias	0	pixel-alias	c34fb4331b2d031d7c644860b54a678424c66ef12352fc165a91dc09840d98fd	ad2dd1ab928bddf726e83fe9df90b5fbc572ce333e7d83ccad9288fd5a258c43	pixels	col/col_blue_hi.png
2360	out4 - Select Library/layer_280.png	raster-fallback	0	raster-asset	b644fd09cad5ccdfc363f5c940f929ed55b72f185cc0e63a3bff7d889fba04d3	3cc6b50257cf25fc262dfb36f91c9a6fe070d8e0b3b1de6e63cc5440f65835b0		
2361	out4 - Select Library/layer_281.png	raster-fallback	0	raster-asset	169d71808006d294e3f90c632fd6082dd513ec690c8e892378aff42d52b5bfbf	34129fd208fd7cd92f9a7ee009e0cc8e0a63aca5e8afd44034932b966bb4f713		
2362	out4 - Select Library/layer_282.png	raster-fallback	0	raster-asset	de7b3395e919cf651e09b3214b07a8a69e1cf2ba037aa42b9fc295b948dbe1ee	b88ed02af3802f00155b80f990c33057eff4f1942586ad572e963d0fce2b8afc		
2363	out4 - Select Library/layer_283.png	raster-fallback	0	raster-asset	b25fc7b3f74c976bc9864abc4924beb948f34c95ea0fa0aff9f1485923ba594b	df25fa2ebf309579e992f68821e00bc596edfb8d3c0206d1c379b7bb50e641be		
2364	out4 - Select Library/layer_284.png	raster-fallback	0	raster-asset	120a92549369efec9895df0945baa014255f2b25fb154bc23d6e45d96f5fee41	a127bdfecf5d68e32c281bc3a7b4dd90f2c8c1d4687f0b228e11e80f03c1acd8		
2365	out4 - Select Library/layer_285.png	raster-fallback	0	raster-asset	3003df72379de512175ecf4a707e063320434716ec084ed2f5146e9cd879bde3	23af4e94b45e0bbd1bb5e0c188e517dc99ab4cb393cb47e13032bd770ddfa239		
2366	out4 - Select Library/layer_289.png	raster-fallback	0	raster-asset	cdaa60f3f0d58c29b0090e36f6587a3d1346cc20aa207a0b9b434cc22caa1edf	899848a2d62de9e57928f1ca33a9917a6e0eeb3266861ee75f544bd673b68dc9		
2367	out4 - Select Library/layer_29.png	raster-fallback	0	raster-asset	e9696600f90946244899cce714c4d3d1e3c7b7a798367ef4705b48b518c23adc	59dcee2aec570b3efec837e1145147bcdd3f6f666c50ea3a1f703958bf9c698d		
2368	out4 - Select Library/layer_290.png	raster-fallback	0	raster-asset	aec1044d351fcc1002ed52fb2862254b1e479916867be174c0d3823445805b28	ad9de8cbf83f766e174d80c0c1bded19d394d6a57d314547fd36957842cac15d		
2369	out4 - Select Library/layer_291.png	raster-fallback	0	raster-asset	517c7a882627fac2989c7bed5c9bfe6855565a07011fa5425960dacd00291afe	639e7b49c613e7bbb4f8772f4f66b1775026b4adc666567c5dbc8dc6fed63755		
2370	out4 - Select Library/layer_292.png	raster-fallback	0	raster-asset	df40bc4dadbefc5dd675f3f38c65898c2ce6fea5f2328bd4430af9a34a2640ea	09779f814ca8d785d132e0fc0611186b216665444308e378c6a49a11010df14c		
2371	out4 - Select Library/layer_293.png	raster-fallback	0	raster-asset	0ecad696df6ace37adf2d22f123809e3872d7141d281031760a495bc229ed524	55115796465fed0d03edfd3a0a5f6373b873d0141873f37f83d9c8607f334730		
2372	out4 - Select Library/layer_294.png	raster-fallback	0	raster-asset	0cdedfa52b868aaea5d129976192bb28117f31f9ffa4b20de3d051c128db2bbd	15da64f7758e330ff58a12a26af7ef75e703770f269e0f54f9a14aa2361f8fe9		
2373	out4 - Select Library/layer_299.png	pixel-alias	0	pixel-alias	b2e50d5d7f3e1936da75a863f0c00e2e5b665550b4b26b298052e843d2dbb640	7326b6df8dc43cfa887846e4fd14ffe738728be83d664892c6a659940df4dcee	pixels	col/col_blue_lo.png
2374	out4 - Select Library/layer_3.png	raster-fallback	0	raster-asset	39f5b894847f9214c15b9a7b544b584415ef8d24010a2b80d3db0a2844640297	766ef05bbb3afd017086fbc3281d61c09100026f59037d680561c43c8156a2f9		
2375	out4 - Select Library/layer_30.png	raster-fallback	0	raster-asset	98aae4d835425d54239356ba9afd9fb4a75f6790e12dedfa27bc39066e3019bf	ae2b7ae257e7e604f8d0a37f76814c98d4ae3caac99a5c94b3bb08690680bbcf		
2376	out4 - Select Library/layer_300.png	raster-fallback	0	raster-asset	d5624a9e60c2d393bc9749c177bb9e67a4ccbc2229f0f840a87d9968907d1b0a	dc031ab8c0146306855f05aa8582e24b499b2af3c1ceb457a404d8ad20967ab8		
2377	out4 - Select Library/layer_301.png	raster-fallback	0	raster-asset	d9dbd41b7e9e186479953d3a496aac3de7935136ed51dfa30800da431880765b	6e1eea17a76b723af9d1c00b4da2499e092f9eace4461e283aa3942edaf0b2a2		
2378	out4 - Select Library/layer_302.png	raster-fallback	0	raster-asset	21248451ecfc1a353016a150a8342ad422ff6a8a64b7820acc8aeb0aff84f64d	75cbe3e2095c0e47671a058dc242dbdfb3e4f09b183cdeb739bf1b8fb7f3c9d1		
2379	out4 - Select Library/layer_303.png	raster-fallback	0	raster-asset	a55883a823636beb966c2a5cc42e88ea52015ada847b2ae4ff89f12dd92b5378	8321110ca66ef5e16e1587de34746298c18c97aa24d09b48899a914636ca76ae		
2380	out4 - Select Library/layer_304.png	raster-fallback	0	raster-asset	d2675e6a1fa17114a64e9ca7fcc559061c51c377ef2f050f4f18db0297d41f77	d30c96a07dd95ddc8a53d23dc8ca6c9df9b3b65900ee4923f0250406e9b962e5		
2381	out4 - Select Library/layer_305.png	raster-fallback	0	raster-asset	28ef34e1167b7fd30f7809a13dfc5d16fc34ee0603e59d6032536258d1ee0321	7e4157595fbf242c3a5a11b6bcc50bea203b8ea4895332bd64bc746ef68a036f		
2382	out4 - Select Library/layer_309.png	raster-fallback	0	raster-asset	2c6d46339162138951ea235e22db6bfb4bff4436b9f151fec346524791921fdb	5922bfac1e04c4e5f2cb3f4aecf32fe6570d46ff440511093e6df24d3d0ea394		
2383	out4 - Select Library/layer_31.png	raster-fallback	0	raster-asset	e07433522c9ca0bb543f0b167f05058242c4c914e0b6717289bcf9a29fc4bc63	19a8136f445b9dd2f4ca0bd81b5e078684e1eb3903217e629f1facde53596813		
2384	out4 - Select Library/layer_310.png	raster-fallback	0	raster-asset	0e17e2856a3ab373d6f00766886e7e8713a39ba70dbf53dc970888a2f5a14c18	bae6bd7723a00137fcb83f34b722fa788329253a3161705c4b0c3567752704d3		
2385	out4 - Select Library/layer_311.png	raster-fallback	0	raster-asset	325ccd63dfebb0cdc7a9f2e93c255854c0a7d5afc5b24c82d266328c80ba302e	b52ce98011b5946164c9dbf0265d5fee3f4b42044f964c45895a33a85628ddf6		
2386	out4 - Select Library/layer_312.png	raster-fallback	0	raster-asset	68f7ef37e153e2dd39399c60740aca668915069fb0d0c61438f8716f1b7d0e98	a2fdfdfc6db48758d3289af6b95444b4781e9ce414d12248c497733791af0610		
2387	out4 - Select Library/layer_313.png	raster-fallback	0	raster-asset	01e497c9af94f3e0a40fbc7830a48f62ecae8f3d54ac9cd2653a1b3c7d670a53	96e591c05e1d6cb2ecefc6d784c78bcc48521a7a88f0803ee013185432175e85		
2388	out4 - Select Library/layer_314.png	raster-fallback	0	raster-asset	fbd5b45d42c5f12f9eeddc591ead90cb0698ea78133bd90a7b93fa9d973a3f29	b994b166eab05d70190568cd7c4f347cd2144353442ef6883913ea692b50e7f9		
2389	out4 - Select Library/layer_319.png	raster-fallback	0	raster-asset	4bf9e7a52d0fad23efddf17b7680f96e775b7a86e39da17095f37e2853284f0e	66030af7862bb2544d3538aefa8ec8b0a29c313534780b17d34d6c7d36dff3a4		
2390	out4 - Select Library/layer_32.png	raster-fallback	0	raster-asset	d486764a39fbb768003b64cd5c6fca06faed7b36b6209bc1bde05588e0bd62bf	1f0e17c4121675ced3d5a3907929aa0caac9859a6ffc95e7fe1d856ec8b987e6		
2391	out4 - Select Library/layer_320.png	raster-fallback	0	raster-asset	7a2ee0a2c792fd9f4cc87614574988339b6742cf29fa3fc9732b398c146d1683	e847b3f61c1bfdbf6bab81076eb5fe97ca36b069d49c9bcbbd78c78454238f75		
2392	out4 - Select Library/layer_321.png	raster-fallback	0	raster-asset	6822f5fa04f771741cd2983820b6e41a60cdc37dc7518031572e94d0493a1567	550ad53846fbb8b5a5b38acbdb4ed8e5a49302817a94c2aab6c9b11d830dcf1e		
2393	out4 - Select Library/layer_322.png	raster-fallback	0	raster-asset	fe8a23cf05bd20d7a07b8f9d34c73df0d81519d2c0eaa6979bf5b3db5b86ee3e	bc71666f4cde65552ee0ceae0451091725076dd3da7fb356249d7a3ca0d4bc52		
2394	out4 - Select Library/layer_323.png	raster-fallback	0	raster-asset	a00e77b7555fa9662cbf19034caf08f6b9ff4e1db8ff78d4e5eb5d64baeb2557	577675eff22123fb856c4d7453d707ada03c612ba685326a430af246ed0defa6		
2395	out4 - Select Library/layer_324.png	raster-fallback	0	raster-asset	6c28f7ab0daa81d84219ff14b55cf8d2aeaeaa83f3db7a1b994b8fb076e47584	3d11681230a970c755e1011ab585a97fe1e1b77cd64c4b232c5a4fcbd236eb86		
2396	out4 - Select Library/layer_325.png	raster-fallback	0	raster-asset	4e48f4abafa33683955681a42a06b48687ec442e3fd04119def862fb01620fd2	83ef42245ec67ee745fa0846db4ad630d95e9a11195f9750312e5add87f9db67		
2397	out4 - Select Library/layer_329.png	raster-fallback	0	raster-asset	9add50085fa9c4227e58f0be04901bdda1f9f43c24fe5a2873e2544faaee9fc5	2efc90ca9335de615fe7b12f1562912f7ce94982e9b47967aa8957c20c15c3e3		
2398	out4 - Select Library/layer_33.png	raster-fallback	0	raster-asset	e30992359fa9e9b1aec9e4fb52ad9f983511ea9d77f0a479ae174df75630d59b	ad7a640e7a3d8d18d3d64b0b3ce35f1db187fffbce6da35d09701da16d344158		
2399	out4 - Select Library/layer_330.png	raster-fallback	0	raster-asset	cade4c526860c0ac4781de93bcb6ebb849e0a841a2996852078c4ff98cb8eb9b	618cacfb14ef7dbd001daf4b97f721e496a0bd58fd958b3b091c4bd1efe1cfb1		
2400	out4 - Select Library/layer_331.png	raster-fallback	0	raster-asset	6a1f4e87597a8aa8ba0ac3a342e71b883ed35070112b81a475370e80e87c4f21	be3dca4af48d48d7f6d456419ba0a749d9aeecd38c509db8563406938c5fefbc		
2401	out4 - Select Library/layer_332.png	raster-fallback	0	raster-asset	de1dc4969d9fa2bda6e4427b32676fd574c54ad991be5ee87da1e5244c3b68d2	a9c74edde424c7edd2e07f6c37a40d074218a964a05a74a20af140291d682ab7		
2402	out4 - Select Library/layer_333.png	raster-fallback	0	raster-asset	c79e926c34acc8f74b9e0f3ed92f3a8ccd7de6b57657f146a0bbb14fba861cd8	e2f152115278501ccbe17127386eb9b8e50780587c7d73b7065691995881b966		
2403	out4 - Select Library/layer_334.png	raster-fallback	0	raster-asset	b32c8738aa09fd1dbd3038779b39033e1f6faf5c69734ef5ed0ab3b213734228	1985bf8a7c08d79a827ca93e4d1db93cff0109f2e1bea5758dd60843e902a08a		
2404	out4 - Select Library/layer_339.png	pixel-alias	0	pixel-alias	da97c4547c0000c0e3b6afba6bbed63c835a948d33bcd05b99e221089046d8da	041867bb2d78ca21290bd2b4ccc56584d70b66ef59b240e47bcd35f0e9e18c9f	pixels	col/col_pink_hi.png
2405	out4 - Select Library/layer_34.png	raster-fallback	0	raster-asset	38ac05d890d2d28409b13e7fd0b6d0cfb4a2d8974e265c3e10ab0eb08efb80f5	9e6c749430dc7e6d6431fc5f4ba714c97ea46af257226726e00b9041b2a9a6e8		
2406	out4 - Select Library/layer_340.png	raster-fallback	0	raster-asset	c09e6b7c530b03e1b95569ffbb74791aaba8c4dce5ba59f36fe511f9857c85e8	b6d5563184a5b48272b1119d2e4645c917227dfcf9c4a266378cbde5da3deb7c		
2407	out4 - Select Library/layer_341.png	raster-fallback	0	raster-asset	77963e9b414ab1000510d2ef9003ad49dfc90ef16d2a85d20733432fcd3d53ae	bac99f80be5d08b7e92af4e1541f87ecaa9534258a2a9d2d9132b15ff7c286ea		
2408	out4 - Select Library/layer_342.png	raster-fallback	0	raster-asset	5363697dec9e6d9535e16524fb99ae2b95ef46164e89b3dc71caaa6619577727	be414a81fb154ea8d3b3a80d8a1070019b413fd5fd59f343c9b9223ec82fd2d9		
2409	out4 - Select Library/layer_343.png	raster-fallback	0	raster-asset	b9d9387633dbc9b520a0465566f311b07bf6b8b0f91c6b9363350f8692078653	e8cf251aa4442954f7b32258fcfad9d46985bf6b1f656f20ed1283460a2db3e5		
2410	out4 - Select Library/layer_344.png	raster-fallback	0	raster-asset	f2f044b519869c10c0465845b136fae384f625eb64aefd53911c14b4c136cc96	8789d82aff2bd85a3b1b0782ab1a0798ddee9f88ad201a1927547951100c4418		
2411	out4 - Select Library/layer_345.png	raster-fallback	0	raster-asset	6cea2958faeac17ae09ae92f385a73b7a87ab199043e826d9e5a53023dcd5007	4166a549e9794706a9dceade3b5d8f261f8049058635322c072f7bd1455ad331		
2412	out4 - Select Library/layer_349.png	raster-fallback	0	raster-asset	c7b1d21f5796c9945f63277b9f6d5747ebd088813bb77c2a5e25ac287d249c6c	e0496956ac8301e89966c99ebaaa9c411be3fac758825ac3d278229f9098ae68		
2413	out4 - Select Library/layer_350.png	raster-fallback	0	raster-asset	8c3ddb89bf171147e1dde1526bdfca1c5450349e409d45dd41f246e08902b5f3	5ab2a21fc9797c98285f354f98970a6fcabd0704eed2593a9cd207a1c4626b95		
2414	out4 - Select Library/layer_351.png	raster-fallback	0	raster-asset	cf0ae8d114c1885abe1605a8b94aa2c60f21938eaad5e3f1ba535d406f5944f4	2991497117fcc90830f45237eb51a8483d4ef6c3d678d2397d3b3b0b26be66e5		
2415	out4 - Select Library/layer_352.png	raster-fallback	0	raster-asset	8f03b5e74b46a814cf302c243d884c6e8a033653e372f255a53711dd83cceade	c5d7fdc1f5ec11ca26507c20166306ee4fcfe94024e4bf7c170f19d136861891		
2416	out4 - Select Library/layer_353.png	raster-fallback	0	raster-asset	504b21c95686d349446e8d07fed876532163539b896288d3b15fa13d8ee23941	29146eeeec9dfbfebcc6b96bd8d15f4a9fa831b2c04095144909673e42a3e198		
2417	out4 - Select Library/layer_354.png	raster-fallback	0	raster-asset	12f7871629e93998dd9d26b1cd70fa3a06d378f55f2fb7d2a5ee5d49179ff7ea	b6c269384483707ded1ba7564eb37cc0f67501f43e714197e2ade6f2ec5aac63		
2418	out4 - Select Library/layer_359.png	pixel-alias	0	pixel-alias	1bb99fc585c20416a309baba9cc25fe4031fd3be38a6d5eaa31b627bedc28a8b	5c364129afca25db40722795fa05ab8c1fcda77e92c1260fb36c6792dec3d259	pixels	col/col_pink_lo.png
2419	out4 - Select Library/layer_360.png	raster-fallback	0	raster-asset	dc576b9940042aff0f5464eb34728c583faf77c3f5ddf2582b7cdda40e023904	a01b086e3394a913f05035020dfcf681d1987398786f97e4767d698868779974		
2420	out4 - Select Library/layer_361.png	raster-fallback	0	raster-asset	a80cb267fcff6a06ef4d5bac3b75a94bd10157444d7c8dcfbf5532c213e9b330	aa50ba59e4f592cadac5e99c7f95847e0d106d6362da9aa1a8db58c9877cad4d		
2421	out4 - Select Library/layer_362.png	raster-fallback	0	raster-asset	44bea2420e3420c7972032fad5489cb7a8fda9a11fd9dd2133f8afab1a0fb6a2	49e80827c80c70ed34ff7021d833856d7de2bcc46b2f48c98a47d825b273aa62		
2422	out4 - Select Library/layer_363.png	raster-fallback	0	raster-asset	d1ce7bdb7e989da664a9fc4c943cae347779a6fe3f59e611d6ad57d03d114949	18e4feb6eece0c29f10979524f73ac4adfe2e3d266e8905e3bc761f02b4419ec		
2423	out4 - Select Library/layer_364.png	raster-fallback	0	raster-asset	9f51dad116005e1c83d0d792147f9a37eadbdd13c9c7b08956b5b93c725a07f2	9ccd3de7be25b53c3f678dfed6588fbf71c75a7d7ff9e12366f76aa591596b6c		
2424	out4 - Select Library/layer_365.png	raster-fallback	0	raster-asset	16f50a02c5baad71f5a6a2935491f60b21b544d646df4e102e11c854673606ab	30b204d910ca35a349083862fabf493b8fffcd132ee80a081c74c0ff2bfbd6a3		
2425	out4 - Select Library/layer_369.png	raster-fallback	0	raster-asset	f0bad2ca12cb41c7c5c984fcd61a777281ea5dad5edf3375b1c3728e84cafc1c	d9474829faa66cf6f13acfcf4b264543fefa51e64e2d42f1dff0f95906a74a4e		
2426	out4 - Select Library/layer_370.png	raster-fallback	0	raster-asset	a5d33df744dcc9c0a7180e1cf29456fc022945feba82a7796b153c21931ab48e	a92932a1566fe3bcb5ad3f6bc67aefb4a6ebe0e5064d78154ca1361284215573		
2427	out4 - Select Library/layer_371.png	raster-fallback	0	raster-asset	5d2fc0960411638095d2001ee8040cdadc7302f53c56f177ce22d426d3303396	c594724cd96d4c6e4ce3eed897dc0c25b5f00291d56e2a34fe9d5229544b22a5		
2428	out4 - Select Library/layer_372.png	raster-fallback	0	raster-asset	3fccd6d02b827079cf9ecf6ea9f13b53e07bb9bce7b7e59d4c62d3abdf8dafd2	11b8ed3d0373a79d6e4384b47ee6dc7137897ef4c91f6cd649568867192f0752		
2429	out4 - Select Library/layer_373.png	raster-fallback	0	raster-asset	f786017fef5d4aa4319664be71eee91ac2cd0626e3a090402d681fb322134f6f	19dd2425c9d8e0f2974e602e415f6ec49b742a1d31f9006e816107cca8593b35		
2430	out4 - Select Library/layer_374.png	raster-fallback	0	raster-asset	7f4f10e1c36f25567b7f7636158cf3ab6255285801b755c5660e690e7ee80def	7cf8b49be32e2fbe524965e2a461b285ed87cb381ac33bcd274e2eaf6887ca4a		
2431	out4 - Select Library/layer_379.png	raster-fallback	0	raster-asset	347bface0bfb941d7ac474e132c6269027ad6b6dfbb891490fe4293bea6c62fc	d52881778e318ceaee8a2944229f582298ee1ae8134a65b793783adae6b7959e		
2432	out4 - Select Library/layer_380.png	raster-fallback	0	raster-asset	440922e12fabb01b0eaa1bcd10912cbe4363e5ed024be00c45b6a13af86edf5f	35f023f0eb927891804069a5a2316952f579d1f0fe5d7738fbe9a7df615deec0		
2433	out4 - Select Library/layer_381.png	raster-fallback	0	raster-asset	c2fa0a451a298e56149d358264dcfd1b9b4da960e4a30e8dbf8281624c7ba255	49a4c120a9869e9aa3698d99caf72afbc4bbca790db10180cd09ddc2dfa9c27e		
2434	out4 - Select Library/layer_382.png	raster-fallback	0	raster-asset	6003d516371b97377748ee4a3ac67947e8f4173d314625f2650764f813e34e39	2fcd754e45e2c347f5662e3e6dc0f3606c21c09cd31da513c4608495b394d9cb		
2435	out4 - Select Library/layer_383.png	raster-fallback	0	raster-asset	80d689956b07bde5ef5102a46382eef65c3946a620d049747f169e01c79302f9	a1d164248df0ed09d608d5d434f40b371a3f9c861ea1b625ebbcae1f48d63409		
2436	out4 - Select Library/layer_384.png	raster-fallback	0	raster-asset	c149fec6b1925b2f13ce072ef5808a2e20f7353386b5295539d12f230cc90a81	73af57a2002d62e40143c8baff08864ec65c1ec45260ec85feadbea4c1702718		
2437	out4 - Select Library/layer_385.png	raster-fallback	0	raster-asset	53b2f645c0cb9768d586511187e2d8fa6ee4e4a1c5da44232d920a99f6ae3a21	0205446c791a67df2541a23f1ca1362ff452ec62752a0fe260d80b3d0e79f3bc		
2438	out4 - Select Library/layer_389.png	raster-fallback	0	raster-asset	7e3cbeee4081c0d07e5095ef40d8c3ecd63a1b8ccf825f0df9cece6b4943958e	46d8e72485b1619df8daed2ed16a5308e12d8aa20dee70d4e07faea108e0bfb8		
2439	out4 - Select Library/layer_39.png	raster-fallback	0	raster-asset	8ae78048a1e2e09a53b4979b223fba307b3d952493d7298476e2f51e757003c7	d621e8682e24a32d386548548a6acce145652370252d882a058844b1d9724139		
2440	out4 - Select Library/layer_390.png	raster-fallback	0	raster-asset	6e9ae030915591cca34eafa6f70a46ad0d0549458651b785506f0de75653a28c	72d8adcee5686462de75cd00180c3c45568875533fedc94bed88309ba5aa586c		
2441	out4 - Select Library/layer_391.png	raster-fallback	0	raster-asset	004e62bbb0c510895f463f44c315ba714bf40972163a9704f62efe4dc7a182e8	7413c1a51231831d290ddbb6abe1ab9f5143f0f509521d577118f23813a9714e		
2442	out4 - Select Library/layer_392.png	raster-fallback	0	raster-asset	dc66e15f36cc6dd0aeca31fd6040f28d242ddc7f1530a4eb52ff851522248e76	150c5626e7a965b86c0baae55190db3dfc927ced6a9dc55680b5266f43cbb763		
2443	out4 - Select Library/layer_393.png	raster-fallback	0	raster-asset	412a589bdb0e863ccfc7d7b9e9a7cb2efd0937c9f584afe712c50cc2631ee539	bb599a5032d48b73f1f79405f4fe159dd94a8eb610646f803bf0a78859a0ada8		
2444	out4 - Select Library/layer_394.png	raster-fallback	0	raster-asset	649c7c26e114b17f60f786da8e6d0fc27c2c3c5c3b37f3fcf9eccde38574c4f7	92830942b9e7f2adeb2971e48922f08324a14619e71d61381cd159d7da4cc316		
2445	out4 - Select Library/layer_399.png	raster-fallback	0	raster-asset	b5b2d52d2b3c2f7474455252bb160f995e0c3aefbacb975a3a96675387d8cd6b	667562f31711ca7bf9adeccc955a48ea622ea87bddb09dcfd83ac87e241afcb3		
2446	out4 - Select Library/layer_4.png	raster-fallback	0	raster-asset	c331df237707c3df74e93ea390da3db1e46a6b8f649ae6baa68738b2ee612faf	201b77009d030feeff1934f78c2c255da3db63f2043aa62cd2a517651e7eecae		
2447	out4 - Select Library/layer_40.png	raster-fallback	0	raster-asset	253132bd0957e0bfad360125b4cf822c3c8579822eab7f7bbd5f20e54d908455	9f38b2107b9b54152547fbf4216116f9044481fdd90380a4f68e91b6147f4d62		
2448	out4 - Select Library/layer_400.png	raster-fallback	0	raster-asset	a7fe870112fe5eb90620023d9c1d0f3e84dc6c33ec21eb4907ad00a3315b7dcd	7384da5955ab44ea19c38e01d9158609ca73f6155a508403178e92c590a3fe76		
2449	out4 - Select Library/layer_401.png	raster-fallback	0	raster-asset	f9e689f9b08c244a5f3d60ff9ba616ee4e1008fb37be76c937ae4ecaa2a66920	6ca8b37c3581b764113359bd01e2453eddbe0d2b759a858b143d6752c2e361e3		
2450	out4 - Select Library/layer_402.png	raster-fallback	0	raster-asset	df3d9ab55149c0b8f5977ada164cb432c067d6cf65433895133b9e80bd5760ec	0d2fe580c1bf232e490cd62655dd87328b05dec9c820a06ab2a5f213f145e5a7		
2451	out4 - Select Library/layer_403.png	raster-fallback	0	raster-asset	1d8f36c12cc6e4f76e1374cb1beeca215bc40a650131ff6f471981a08c665229	4f328db6949b6ea4d3dd14c7527e3f1e16d10c124775f2a859f970d344f3338f		
2452	out4 - Select Library/layer_404.png	raster-fallback	0	raster-asset	b92ac3e491d04e03ce2b924f6f479a41fb18113ee19044fa90cbfa541eb3e12d	be7d2830e2fe9f89c3576df196e778f317a170beae2631503d7513e85847bca0		
2453	out4 - Select Library/layer_405.png	raster-fallback	0	raster-asset	71f8065ffc2eaa80cfda67cf1a2f99ba92b0d8ef491d7b8441fccfc4fd3cab69	2f865a3fd87cea368183d520c8ab1cca90260ac8356c2b0755fcb9d8914b1045		
2454	out4 - Select Library/layer_409.png	raster-fallback	0	raster-asset	433fb4fc48194917416789340411b368bf1abac328cf4289949a44ecbcb54e30	61aa3b5957e78dcc072515d81f4cb05df3ffba3581b17e4f3d6ed2f3bfa6bd4a		
2455	out4 - Select Library/layer_41.png	raster-fallback	0	raster-asset	299866cb85615bfb1f42de90ca6e85fa23353b9e16194743e244a5170fa475e4	36a1b67d3e4bbe0335dd4e3f9f075f3f0a08fd6dbd1f457181965148d06c9def		
2456	out4 - Select Library/layer_410.png	raster-fallback	0	raster-asset	9410d25918d7140a9139ec10e78a51364a950ff5991a24d4ae193822601542da	d9496ed766e7fd515e4c39a65b156107d50ebd4f371fac9f2731a2aaadc03f4e		
2457	out4 - Select Library/layer_411.png	raster-fallback	0	raster-asset	ece64300bc12a2c0869fee601938e41aebec488be99a929bf49175c25bd3948d	775f25b3ef9ecb147637123326cfb57d44a1fd8f9b782fcdb042469b7b8eac4b		
2458	out4 - Select Library/layer_412.png	raster-fallback	0	raster-asset	dd98da5eadfb5d42e7708d8e931fc61d730f7b3ec539525a79692a602f77e3ab	883c7ee5eed8307026ae337abca9716f4aa6111d97a4f8af1300b0a692a5a798		
2459	out4 - Select Library/layer_413.png	raster-fallback	0	raster-asset	dccee7d663dd92868867cc4e1128548476cd1794da6e0eae54231d333e872397	821a04bc14b58c2ddebc473cda3f8a029996d522b1644c10b26e296e83bd60a6		
2460	out4 - Select Library/layer_414.png	raster-fallback	0	raster-asset	3921279387096eadc3e1b5660f58f1ae3fb5aa9e6243d8d0b2c1c25e37edc74e	ce26bc7c38e540e2415dfaa518d7565351465e713833abac5b9f1fde1e7e592f		
2461	out4 - Select Library/layer_419.png	raster-fallback	0	raster-asset	995f200ce8373c765068c6b6b41f6d2203c7be9a9471e4a63dd28252d40d3da4	7726e62d6abdaf8ec26994ae4c3f990555ba29cccacd82c903063fae47ac9760		
2462	out4 - Select Library/layer_42.png	raster-fallback	0	raster-asset	2f3d2b7a37ae622a99185803ba806b08db95517af1e7432d5b111460170b2f0b	bda72e04292b3b366363930b9702f807105a35b8ef261ccf359c5975237f8998		
2463	out4 - Select Library/layer_420.png	raster-fallback	0	raster-asset	0f1a7d692c8e665bd6ccb7f42489299c4f6be1fc6bdd3b0e5267bda6c91aea48	6af874bf08476eb567a14174770658f3923b7630c4907a6e4aa8d8c4893788a1		
2464	out4 - Select Library/layer_421.png	raster-fallback	0	raster-asset	3f010168b7074bed9c28cdfc07481da937fa9f5f8408e7db4073fe60d7663a28	ee5749039194da9b862e61bf34228bfa8785bcc62ea7e796691211b53a2f027e		
2465	out4 - Select Library/layer_422.png	raster-fallback	0	raster-asset	3df9548747c1a57f6aeb0661f68f504a7f6fa712a28b617bd83fefea3e0ae029	239a87e4cbafe1ccd8a48f1b7642d8b6891851ce8ec99759e4708b629abfead1		
2466	out4 - Select Library/layer_423.png	raster-fallback	0	raster-asset	ba7497abe7d55b264e43c28c945840cd82c3f0c4e04255a2364725835ce5f343	26dc45464f2b796ca2c11469cd907717d8490c78277fcfa36b0a62c2f903f8cf		
2467	out4 - Select Library/layer_424.png	raster-fallback	0	raster-asset	fc8f7813651b57c4473cba3ea38dc4d4a580fb7380889de737e9c22a17327a75	0730d3e56dbd1c0d59ee81907a188477e486ef2eb87c26cd14a7c078ef5d45ba		
2468	out4 - Select Library/layer_425.png	raster-fallback	0	raster-asset	a50c99f007c9069f8c4551911ef27256f6941ec54d87127932a842ee4231e715	6fc81a96dc9736dec87ba06eca718416774b3bcafcd5f75a49dd4362d56b0b29		
2469	out4 - Select Library/layer_429.png	raster-fallback	0	raster-asset	adbb13a21a13e0fce92140a0b4389ae01b840a793cd831e21c8628d8950d2051	bd00e889a8b3f85ab3e6de1888a88d7f47dc6c02299ad27ba9fb7d326322daf7		
2470	out4 - Select Library/layer_43.png	raster-fallback	0	raster-asset	e12b793d8a8aefada9f9ab39beefeb9fe098b8cf733b7b9656f2f27a833d0f60	1b6d11e1d90b7624ce3cf2a0997e50010f6ce2c4084c39a36f06ef73ede116ab		
2471	out4 - Select Library/layer_430.png	raster-fallback	0	raster-asset	7b93f997f3e0a2af4e6c38c74aee0d59a0a77d5ed908d2a0a4d172de9ad37c27	a98955c659f18bb5f6bb7b78ce9c15b4f0aa89b3981408b87abb4c736de63467		
2472	out4 - Select Library/layer_431.png	raster-fallback	0	raster-asset	c6ab54f1f6419b0e4830cab4a6f7505795b7c3ef080ac7269b3d86cfabe0116f	dc42491135e341ff976820eabd180fd8937d958adfba568cb29dbb23e6ee01f3		
2473	out4 - Select Library/layer_432.png	raster-fallback	0	raster-asset	869f583093fbd752c08bbd476754d883eeb9e34612faeb332911ff48d0631a17	84d3c15d421b6fa5b749025a593fccf9bd65795920a05864387ca6a93f6fd84f		
2474	out4 - Select Library/layer_433.png	raster-fallback	0	raster-asset	f339cdbfce8a733d8bba251a7630fbfee0d1cdbff501ff3cec0e63d98bef4e71	71b8be4a5d489fe175300954e4fe66ffd5049b6d39a20b408903e0c827eb92ba		
2475	out4 - Select Library/layer_434.png	raster-fallback	0	raster-asset	200ba0ff7794dc0737bbb74f3536818e85e880042e955a2b96a71d2de7b815aa	f90acf66b018253d6a2e80975a776ce9b6f46cd305d01d8dac59a56e0eaacd20		
2476	out4 - Select Library/layer_439.png	pixel-alias	0	pixel-alias	d8d553546719ecc9637714ba865b13783ef9f55aa28c0b79b0dfe2e7042cc38a	bffa3a5f998bf9b1b62a4ec1397934948f4995a37442f78ff8385aab5997782c	pixels	col/col_black_2.png
2477	out4 - Select Library/layer_44.png	raster-fallback	0	raster-asset	8db23a1518050cbe4f68aa5fa7625ca5a398edfd01d519ec259414e2f5ac2acf	623401931db17c32998182342a05d33771de8b15d10dc24ff43f2ba013ea3bb1		
2478	out4 - Select Library/layer_440.png	raster-fallback	0	raster-asset	f6efc740463b163a6eeb4f9f1f9ae97dcd38ee8da5e8dfb6db10c75c0d3f2607	5c155e2b5779ff07bdced2c45c916d92fac927bd134bf0abb24d649e2b6766e0		
2479	out4 - Select Library/layer_441.png	raster-fallback	0	raster-asset	eb9bda9f227c7006d18d4674e35f0f459b8d09740b4fdd30628898f1268245f3	a3a4f0fa0739c16906dee73b801f7777c8700988ff9777ec1258fd46c33ec0da		
2480	out4 - Select Library/layer_442.png	raster-fallback	0	raster-asset	732d998fbacb2eada44c40811b0c1e75773e5863356df28b618b83a8f70f68cc	b168842416e18d0f81d4acb58b5495dad49a81f017e7bf3855b0e3dc16f8521d		
2481	out4 - Select Library/layer_443.png	raster-fallback	0	raster-asset	ce48765cd0e7cec1170e41f94b5b7f3aa0c4f1a5cb0fa48cbb78f32f22ef5eda	47ab6d95bcf579b55816cb6caa7f59282832867bf8a6ce9d33f2a14da3cf55da		
2482	out4 - Select Library/layer_444.png	raster-fallback	0	raster-asset	5eb75acc329dd062a3695f747111113b78e52c5011c66778e55969b0ec42e8c2	b031afe2342b51e037c7821c1151b7dcb0395b3cb8fe93e7db10c20f6bc7df1e		
2483	out4 - Select Library/layer_445.png	raster-fallback	0	raster-asset	65b5c1c62e03fcc2f640d1c3255918f4ca388b8358c7063bb91ea7a90692fa78	685b4e464a56a6f441994bcff2cb7b81f797a5e8e1b09a649d6dee32524d663c		
2484	out4 - Select Library/layer_449.png	raster-fallback	0	raster-asset	5653bf8d7e8f3dd899fb54d1c1de6c07936fdd7ccc810483f4527abfc56074d9	960acf4a03bf7092ec23c71660c38f556ad8653a6b3a16ab4f0a694c4c26cde0		
2485	out4 - Select Library/layer_45.png	raster-fallback	0	raster-asset	5900ed9b31b2d0462ed0ed738824dfcf493b01082c27557faaffcf0cde3b211a	1f0ea8a8ad92769bab3e72053f7efba1756c354e7c403f33a146f3d23555989e		
2486	out4 - Select Library/layer_450.png	raster-fallback	0	raster-asset	9d07079a9d612bc92b11cc500668ba512d1bf21678440473418623025fc987df	f67737a2dda55cb6e1398bf6987a37cc92ba150af77d2cbea87ecb28da1a4110		
2487	out4 - Select Library/layer_451.png	raster-fallback	0	raster-asset	ff96717e33710156a3a874294b0ac947b3f2a033b6593e5cbf13e00c1c7f46d4	600a49521ff614c1f1175ece0c44b1549f0b869722a46ee2b9b601a1de357def		
2488	out4 - Select Library/layer_452.png	raster-fallback	0	raster-asset	bad71a284fc282965bad5176061c8471093120613637b30585860ba57a3479e3	8574fbbb78bc9d42c02649b949001ebf1e755435c0b318a6e8e1a069acac0d45		
2489	out4 - Select Library/layer_453.png	raster-fallback	0	raster-asset	3d12fe98b88e7ba428f518a156c08487075fc1bb55688393b3606d621137e486	cb0d84a403da28bf8bded0399debde4dc8956ceca164621a744ceacc1625b9b6		
2490	out4 - Select Library/layer_454.png	raster-fallback	0	raster-asset	72977e752ddc4ea9e8e88c3196d51a571004838519d52c9f3dfc17bbdf0a1ea0	41b9c043916b7fe86245446a46fb9b45fb14e770fd76cf57932f74e364aec8ff		
2491	out4 - Select Library/layer_459.png	raster-fallback	0	raster-asset	cb600a01887d489ad5a17ce8e106366d2b78ac24d48b71e72f015d87d9b4a0bf	3111b44b9f726d10ab46e60dcc7de742dd8408a7e0fc0b4b3e6aa248debe33f0		
2492	out4 - Select Library/layer_460.png	raster-fallback	0	raster-asset	9dfa95cf5d7ef3c529a5aaebce300e21897c9436132f8e426f521628833813f5	6a4f5a2c545c36c7878f4b62654b57969c96200d174d960115928e628bf206db		
2493	out4 - Select Library/layer_461.png	raster-fallback	0	raster-asset	fc12b13a259ca1fe855c33612a1869fcb80d30d073ae57a6a2e4d8e253eec561	7142316467230cde91229c6b3e8d483b319fb1c6c06f25dccde99b52efb14fb9		
2494	out4 - Select Library/layer_462.png	raster-fallback	0	raster-asset	ff12b2220d2a3383a316eb7524986a4c4987c1841dd0ff902eff279bb706b1d7	0c691b7bdf09559c345c40f1056e384f0ab2cc97f2050ee884084a2237042af8		
2495	out4 - Select Library/layer_463.png	raster-fallback	0	raster-asset	592b22b2ff9902400e97a073f7cbedff258c21ab8705141fdb118324b43afc85	400b4b2b1a810ee6a4d2415da750b4c0d354fa0dc01f54c60a0df6a78d53a89b		
2496	out4 - Select Library/layer_464.png	raster-fallback	0	raster-asset	59d695c68d21f7bfe5b13fb571bfdf108cd6eec997fb0987754d6712984c3cb6	c28ae427aa44bb3f251fc8721a424bd8ddcd690c837b57a1dbe7e5ffe40a879d		
2497	out4 - Select Library/layer_465.png	raster-fallback	0	raster-asset	ee514fdb004376dc3c628cffea0b89e103bb2c87787945798749371dbc778104	428a8b9c2ee1483bda9568df3cdc99fac843fc752dab240e0332cec462eaa6e8		
2498	out4 - Select Library/layer_469.png	raster-fallback	0	raster-asset	01588b023cd7d116deb65a940325510064812fc9cf1ae75b53d86a79f6c9c989	1b39c2d548d5806eccf5efa0744182bc856aa90703ddf687feabe92fb80b87d9		
2499	out4 - Select Library/layer_470.png	raster-fallback	0	raster-asset	21cfbb3542cf199721ebc1217ee1e63176dd4f5afec5627243b64414f3029ae6	5ace97070e722dc0e8e77084ee97a46cbb40a0b19c8329f8b42a5ddf780b60a2		
2500	out4 - Select Library/layer_471.png	raster-fallback	0	raster-asset	63290af0a091df3c055fb6c8fd34f7b26da906c328fd85ac853bb355ddb83ca3	b6bf8c330d9d491258f6644b82c416f0975ee33d0766224e42ec4d75066c9313		
2501	out4 - Select Library/layer_472.png	raster-fallback	0	raster-asset	657dbc56757027fa42e2f7076435b50d08f88451f56907a731f2e3c758ef550f	3c0fa72670cf2e022242e08d92a0f000fada7f12496043c2a852671b2e4fe7e5		
2502	out4 - Select Library/layer_473.png	raster-fallback	0	raster-asset	b96be37481017f5e256dee147a3697d1b27de50599669f909d13ecbd9947ab8f	8df85fa1b2148957e320e6ce8a6979b9c9cf31175e33e73833b4a99ef1b241eb		
2503	out4 - Select Library/layer_474.png	raster-fallback	0	raster-asset	536c36a98d54159636c073d4db190065ea0c467d8da23e2861f96d6e7f88e64d	fa1a97a51e48312ee6fc552a169162b60eef8a7e6a3fb95d8e100310db5bc190		
2504	out4 - Select Library/layer_479.png	raster-fallback	0	raster-asset	bf5feeebc652e2ef4a9f321e79270ee173644a5d13fcc44b05a557b530b29491	1c0435b213276dfeeadbd7ff861bb61376d3c083f7aa62a9136e889b6b981ebf		
2505	out4 - Select Library/layer_480.png	raster-fallback	0	raster-asset	a063d292fb3d37ca3c47bc620ac6968decfbb309f42acd43e6d73823bc37e6f2	1883620070dfe5e8cfe92b2901a878a326cfab06ca9fd5591a4089a63d3f9ca4		
2506	out4 - Select Library/layer_481.png	raster-fallback	0	raster-asset	15ac8448f3161387a08a3b61e3ff29530c5c95b48330f2302ae7c7d74bd44ae1	264831da71da1523d7c4aa9397b7cb0814b08cfc9e7286816e8dc95c252ed760		
2507	out4 - Select Library/layer_482.png	raster-fallback	0	raster-asset	5cfa85b1925f0dfbe835eb52d89a4e5f0b3690270a6d3dbd4a25fa2548cc3c45	79d53e8a794d75323da15d207aa7c806749a03d073000784edfd6433c73fd398		
2508	out4 - Select Library/layer_483.png	raster-fallback	0	raster-asset	c166f057e7498f0aac4d1bda57a25c8ffad6f4c233bb4633e40df2da326248b4	0caa92d37b2db92cacac27c5ba4fc06cf0001fc7dd7179bd7cebd8f70c2e92b3		
2509	out4 - Select Library/layer_484.png	raster-fallback	0	raster-asset	39cd1d332477adf3c97a147cd678f4835942a4da099cdc08a7853ea3816f7298	219a27c9366e7d01c097c2ecd70a6e5919793798d31cae5482b8c31fb0c3ab32		
2510	out4 - Select Library/layer_485.png	raster-fallback	0	raster-asset	40dba2b668837c6247bf0618d912f2f220fdf1f3ee991b5b92641a37cf3f0aa5	fdcee92f2b53c2f499c9ce29b0f39071b2fe88085f2f7a3f42fc6b180a93a44c		
2511	out4 - Select Library/layer_489.png	raster-fallback	0	raster-asset	40f47f9543fc18001d89568209fea121c50977aaf53628e39ba8302d6218d7e6	4fe00540c8a244b4a38fd4e99aa500303e4c77b858b111ca6000c89c4b6650d4		
2512	out4 - Select Library/layer_49.png	raster-fallback	0	raster-asset	5d425c51329cd414991bbfb93a23416dc381271b0713d7bb597985760e50a941	361f35e5b9cd45de49576f5c541251ba2fd769e4f28b9ba3c3ae4df021f77afa		
2513	out4 - Select Library/layer_490.png	raster-fallback	0	raster-asset	4b3f4f044b795c8145f403db01f761c4b3c8744931b1faea0b4264fbf379e31a	4e86c62cc0fd991e4f4c7a1fa9f50dfbf215ad7c3b834809551151fcfff19d6c		
2514	out4 - Select Library/layer_491.png	raster-fallback	0	raster-asset	a243a31aa0aa7bf8c298dbeea11770e19db000fa4a7891b53980917287d53579	58d9e668927cdaecf6023d9e26fb003d41ea0db9f0553b85b9eb990fb7f22544		
2515	out4 - Select Library/layer_492.png	raster-fallback	0	raster-asset	617c12655aeedf25ef1c2325458178272cd91cc05d55971de88693908c6b5849	f7e08bfc7c7ba6a6f7b33bdfe72759ff20098fa85b3752aa6d6d55da44069b08		
2516	out4 - Select Library/layer_493.png	raster-fallback	0	raster-asset	944bbb996a5b121beb4b05bb16b46e08b09de47d380585d9acf347682d60cb68	555690153a2c799014beda6d15cb15782ac3d7c3151bedde09084aaf4d1f6af0		
2517	out4 - Select Library/layer_494.png	raster-fallback	0	raster-asset	6458934d51cad8f0f165807628faf87f725ad3d688e433e349298c47175a64d3	2efdbeef17d5ddec97347f687ece8ed670d6669c8f9d186d276d4257b5317f47		
2518	out4 - Select Library/layer_499.png	raster-fallback	0	raster-asset	24d2593c0b2919ae9773b6760cab69b6989bd2afd48dee962e60aea7b9161150	ce10406422c74dd41c497f71fd48ce2aa052f25c8fef3968f5b81681c9aa6471		
2519	out4 - Select Library/layer_5.png	raster-fallback	0	raster-asset	89c2696c8ea93953d0bc09511c1c79a8b435a422b8fd7f55ff0ac5b89cd7cda5	adeee0f489bc1e89905b79a288c7e2a107f2fbca8ce5679e359b2bd97886cacf		
2520	out4 - Select Library/layer_50.png	raster-fallback	0	raster-asset	610641a3de0e49f7f84075c7dc0e7d610ad466cc28e608a25c8bbb244768476a	b0f3eec4c66f3ffc8ddfad0b7b044f2de05b70141a6baecaa0f4808484e9ab55		
2521	out4 - Select Library/layer_51.png	raster-fallback	0	raster-asset	9d8c3a5fd23d6f738e38f1e40eabfa9f943b9337eb83aacf8179aafc5c156ce1	3f36d8fdc07e12ee4b639be4acc251aab24dbbfacf4025eb09cc1d6f650cdd2d		
2522	out4 - Select Library/layer_52.png	raster-fallback	0	raster-asset	69bbf7e2e375b25f8a7afca9b980885045174d3cbc28b369e69327ce072810f0	2521c978f32203fc276153893ef6a673f33f51641cb5e1c809169d69cd8a8bd1		
2523	out4 - Select Library/layer_53.png	raster-fallback	0	raster-asset	d6b0decd052a27121e1261f8ce9631601e1d981571f91a3ee7838cd9a7344440	2446fc0b6693c066a4e89632b36619a8bdf291e7f3b9f9499be00cd6d9ccfc5b		
2524	out4 - Select Library/layer_54.png	raster-fallback	0	raster-asset	80a2bf13b56b4f1b81769647f57f256b6a953c9cd3add2434ebbd95410ab5845	cb39205c854d29bd2c291c779fce0f184789b93f8ca3a5dcc7bd19436ea71a27		
2525	out4 - Select Library/layer_541.png	raster-fallback	0	raster-asset	eaea94896a71f54302b2e817a61c4dcc2c284c6b421e080f521a41365872d77d	d8736e5fe9b0077642c8c8ed1487823c018470801f6af0f32bc6a301ff472a7c		
2526	out4 - Select Library/layer_542.png	raster-fallback	0	raster-asset	2f5f36efc9a0fa2154d6f2f7db9a78905a36035f1b2a6635a7b4a54e816c4878	4248cd3d1080567590dbc43cf3bb54f86eabfd5a77732cbf80b3c0fe98463659		
2527	out4 - Select Library/layer_543.png	raster-fallback	0	raster-asset	aa698659cecb35cac36451c98171ba81ed09c87002e0550626120467f96ac78e	2f061e27d36f9f58512ca79b495c9690b0f8372b2ddb6b99a3fcad387873f06d		
2528	out4 - Select Library/layer_544.png	raster-fallback	0	raster-asset	659001d470123fe39a6947a7a969c0e86a4f2dfaf9187a36842ed1f5096b54c7	3f774b415761100017e77beed0ae239100ba67bd2bfd403a834883b11999463d		
2529	out4 - Select Library/layer_545.png	raster-fallback	0	raster-asset	b11edb88da4010ab62d29192ad5129a81a8bb5a90683542d7e433fdcec45be1b	7947e156e15b89a15393b0a0362433c7b66725ee52b0887f4831ca4ff2238ef0		
2530	out4 - Select Library/layer_546.png	raster-fallback	0	raster-asset	b784e484b66e2b783126bd31d019f632e4b3fbe448eaf9652cb774ca572e11b5	823adc0780b5a413caae3b2ac0cbb513a5f5fc94c004d201a29d64bd62c741b9		
2531	out4 - Select Library/layer_550.png	raster-fallback	0	raster-asset	2cf8d7c9c155a1ddcef1cd167e09f4bf18a57c59705f740e90c1a8d116421d74	7736b64a022ad608ecd3a8f75884f88b6e50179f44babb93b91099c624149913		
2532	out4 - Select Library/layer_551.png	raster-fallback	0	raster-asset	504dc043a0c25e462f4db642c32f837a1778a6073ccef573ed0411b01683db91	06e54e1a6a2ce9a1396e0470c73d9dc03d63aa4fb7da3fb520eb59c3efd93563		
2533	out4 - Select Library/layer_552.png	raster-fallback	0	raster-asset	42631c261c60d0d40d2eab25eb764e451dd33ccd477468352b30a7aaee1fab74	61ea66570b4cfd3009e7ef55ca90a809dd110b1fa98d4322a3bc188c98a1246d		
2534	out4 - Select Library/layer_553.png	raster-fallback	0	raster-asset	b4f43d5227898cf0b208ca933c0cd9cfd3ad850b9e51f8d1e792b0069ffa13af	d02b3266d90017023b90d486510756e9ab34462e98e701b14bf0c2e99c9ae977		
2535	out4 - Select Library/layer_554.png	raster-fallback	0	raster-asset	8fd04457afdb2d12040ec6bf631fdb6305030006e6d496e3995ecac5b83c4031	4fa7120a85b926c979af1821c03698d9b9bb9ef57383899443367c6477f7f822		
2536	out4 - Select Library/layer_555.png	raster-fallback	0	raster-asset	633da9cdac4de390a0ee8d75f44b8a9173e805d50f8f3cbeef0b538eca1f75b1	6f011c2053ccf9187840c676a7e4b9e4e73ffc936915e4f9d1eb5a6816b5b4b1		
2537	out4 - Select Library/layer_560.png	raster-fallback	0	raster-asset	30d579fe1d0abc974cc45f6aad0bc74406ff11a9832107bee295c581ef0ce5b8	5ad7ecfa6c343bf1b74ebe1355bf3c8d30d803e4f0de533fe0f0048f2530b6cb		
2538	out4 - Select Library/layer_561.png	raster-fallback	0	raster-asset	c055622657d9d56c9a7091be2f95fbcafb4238c3f99d27dd1f8dc52714b7da47	4dc7c5ed848f721acb3d72eb9a3f36f7c1da71c75bc359c54f93f6249e7d032e		
2539	out4 - Select Library/layer_562.png	raster-fallback	0	raster-asset	ecccfb90f55cc2b7fdd954abb7af8cd859d1c4ec95d4f9a0500b177d2edab101	4bd10dbb45245520fa9afa013ce47888aa1bbf2a78549503e039a4ac39e95746		
2540	out4 - Select Library/layer_563.png	raster-fallback	0	raster-asset	b364fa0400d0d830648105f71746b5f3f214fa56dd90027ec7ce4484f275bd3c	8345d46f536a30145d6dace3357bf06a775d71aafcac090ae4fa8ece6c47b6af		
2541	out4 - Select Library/layer_564.png	raster-fallback	0	raster-asset	2769bc31e6f3c58355980408dcd174ab1ca42d7a0405d339b340559e3d0c7594	9f37655f7ed40adb8d1f31f664606c4075ad7043bcc9da1cc665d6b74537a877		
2542	out4 - Select Library/layer_565.png	raster-fallback	0	raster-asset	77af41e114ff5d1b96e878575da575d26678805482cf1f65ef3187cdd48d3596	bf29dcd868849341b7b9447e496b22494906aa50e0423266471cef010dd52901		
2543	out4 - Select Library/layer_566.png	raster-fallback	0	raster-asset	4651456d474cd36b3b1d09ff8f4e3cdd59c6b0eec26248153be7240f806fa276	7cf8999b116d05f306a0e609cd2f512cfb55536bc8efdf739dc4c6f594fad313		
2544	out4 - Select Library/layer_570.png	raster-fallback	0	raster-asset	1c685017ffc60fbdbb7a1a191848483f0a5021f897cb90a95625d0caabf742f5	021b43a8b34223fc5ac730571bc1b3a32169248a6702fd58695d9ed1fc4afded		
2545	out4 - Select Library/layer_571.png	raster-fallback	0	raster-asset	65e41fdecc9b71c0f9494561ab59c752b1e9c64c02928fa702296bdf9c238743	67e9ef488bc8a734ceebcb8fbf74dfbdf4b193cf45f07fb8f94115e57610b1a7		
2546	out4 - Select Library/layer_572.png	raster-fallback	0	raster-asset	92779bb4c8bef7a3590cbe9a1421dff60771533d733194424698d0c94ac47829	607fea3a258e6d5d2a650be0779a80ed401e14669cb95eb5fe9bf92fa05a1197		
2547	out4 - Select Library/layer_573.png	raster-fallback	0	raster-asset	3b0f77a0aff302156411071b94ed33bc982a82bff0b5a2df96a5592de30f1828	c13fe23f7936243fc7d4e0f8fe5d103410c6e507cc3f2b30a7a6ab680a4a9999		
2548	out4 - Select Library/layer_574.png	raster-fallback	0	raster-asset	6a2eaf34d23dc6ea08718fb77a2346a00389a5dc13eb177663b061f50cc7cca5	d5cfb0595b13c2e8b5fa9b45de44d59368954dd96b92ab7b753609e53c875876		
2549	out4 - Select Library/layer_575.png	raster-fallback	0	raster-asset	216286cd99f5164abef9571d95ec118e5437291a98be4d24f76c0795bc64ff12	530f2383da0b43e9e17af45aec9abee5192a2c200137d610af9122e87cf9b53b		
2550	out4 - Select Library/layer_580.png	raster-fallback	0	raster-asset	6d81a03d982eef6499722b231e7bc285df5d620322bfacdce6151df785980ff1	7e451b4b84f4e5a7887fb17b9a78f3707cbf2261a9c960b808e8060e1081511f		
2551	out4 - Select Library/layer_581.png	raster-fallback	0	raster-asset	f84ebc20d403c515ad421de07d6c5d1793525e5f959c957d4649d57758d3e0f9	1f994c80a722fc1db0523b2f5a96c3260ef9d3c51e9453b023e0932b8b49ab18		
2552	out4 - Select Library/layer_582.png	raster-fallback	0	raster-asset	76999d78a07a3d92e646ddc4fd37263a3dbf4bdb27825269b1e42021ab996101	c4ad0dcfac2143ce4832d7c7cfca2c259bc38d16e41da247902db0ce1f55f5e8		
2553	out4 - Select Library/layer_583.png	raster-fallback	0	raster-asset	f01e8b96b943f722a4ffacc41fab3087ecf4fd2fc51941256a81a6577dad80c6	6b6ec2b382ac90badb38a2bf257d35d8f1a1c6bde68360cdee1f0858c4ab258b		
2554	out4 - Select Library/layer_584.png	raster-fallback	0	raster-asset	5357cb3b8e07379a7015104a77320901e51c59f881b469d8c4a32523428e312e	c5df3ae93eeb64b1d8bf27e403aa2e3a0db27d9f7ddbd2fd2267da2b17931a2c		
2555	out4 - Select Library/layer_585.png	raster-fallback	0	raster-asset	b585b2f7ea11c6d44c9277fe7204c343513ad3a19ecaa7ef00263e55c5c7307c	461b024b1f1bcab06bdb953ac921d99c96759b6dfc26fa58610500f3b5ca94c5		
2556	out4 - Select Library/layer_586.png	raster-fallback	0	raster-asset	5b6f86b2e1f45effe9188cb34417574480e8e31320ed4249376fc0997fa72161	23f07ec3546bd639d120b2f75e5a5799366c22d15169b1e18f0037bf045f4e46		
2557	out4 - Select Library/layer_59.png	pixel-alias	0	pixel-alias	571b2764451a2bb5c5c4cebdd6a62e2e87aeb9020dc062f99183f639c584d8bc	de850f98bb5a9e77124a80d459399910d71c2aec24cae552f58ab7f3e0ca9d00	pixels	col/col_red_lo.png
2558	out4 - Select Library/layer_590.png	raster-fallback	0	raster-asset	5908d2674ecc20a6939196f0e09d8bb2921a605ef5db693333dfa37f261497e4	2f27cec2cf43c6958cfd5d1d8df00f8adea6f2c1177a39d2473667b4b899b7c9		
2559	out4 - Select Library/layer_591.png	raster-fallback	0	raster-asset	c860fdf61a92a892dc21a4ea9c5bc621a8ec9bdfec0658a3fd8269b92e4c782e	99374404b1e2304a6f06453b67ee1daf62397727458e14499a3b377102a0be95		
2560	out4 - Select Library/layer_592.png	raster-fallback	0	raster-asset	c8ea1531213accef53313f84f6ffcfb1834498b0ab1597177da0027c5f942c8b	02899d0714a889fba23727b8053e44a73879d870e231ad68c0a20c9959ffc21e		
2561	out4 - Select Library/layer_593.png	raster-fallback	0	raster-asset	f16c93634baeba675c676e9f7a2eee200a1a2504d68a83e32ef13dc5fc371f3d	d675459692133f25987c7a053f9264c334e594cd1a7127a6443c589746e7c4ca		
2562	out4 - Select Library/layer_594.png	raster-fallback	0	raster-asset	2ba7c27652d3c16b4474f717e01657d5444c118d28d17e9246c7259213d39fcc	11f2a64aeaf29103957dd88e5c4e51cc6ade9d736a1097ea64bbd9f7536ee41f		
2563	out4 - Select Library/layer_595.png	raster-fallback	0	raster-asset	3b4a12181b5469af6567667d3b761e77a74a3b4e422031d998932dcdca1f0551	8e516abd9dd26e6358c10cdc64f5a6ca75d4834ae838eb79fb409a6472eacb29		
2564	out4 - Select Library/layer_60.png	raster-fallback	0	raster-asset	2b2a10353df5a77a61cb964db2a0026c221df2f6d84253d33617ddf9a003f3dc	37b79d631d380208d875765261cfdf934219ed0cba0944a6da843551add97a6b		
2565	out4 - Select Library/layer_600.png	raster-fallback	0	raster-asset	b89cc0ed272dc9826df0e3a42f1f76393e2b1586626c3198af3e52fb1f5210fc	8951abe5198af36f4137d1b9a4b55e550914f9fc1db1216fde8f40bc12e5b833		
2566	out4 - Select Library/layer_601.png	raster-fallback	0	raster-asset	d1e2d266cd802d27c2ed40eed066726cff37d24db9ef785475c4ea2c1f70fab6	e4682555f6a39d363edef981c205cac553bfa6b4d0cfcadc891e3e32e9e09d2b		
2567	out4 - Select Library/layer_602.png	raster-fallback	0	raster-asset	0922c62572eeb119e4a3d4240d374079af6a9ba5320e24d2d8421520bf3d6309	47cc3bcf7059984f74555b50a50418902c6aa5f3d1d3ca168a214ded3b1bc7ca		
2568	out4 - Select Library/layer_603.png	raster-fallback	0	raster-asset	affb9c6f17ef78b91035d212f74f1de1b717a903dd1fadd07f14d600b568bd1f	0802ee0a02223df582d23e0acf641b52a0e212b8acec5fbd3d1a3d8ca3869880		
2569	out4 - Select Library/layer_604.png	raster-fallback	0	raster-asset	c320ff68d44bc1d5b37544fde53e3d5a7e84835edd11c9be483beee08c2623c8	a26895b2e7eafd517404b2fd09e0520a9852d1be7b619bad99cc60b9a43b3648		
2570	out4 - Select Library/layer_605.png	raster-fallback	0	raster-asset	5a6137450374ae4d89e2cded43dca47a00aecc1432ee91de2b9e48e479ac2083	81c328ebd48035a259f43ece8283aa76393d5f0d4ef3d0455e65d1c653039172		
2571	out4 - Select Library/layer_606.png	raster-fallback	0	raster-asset	79309c4296809ee6ba8ee640de21f51e93e6303747c1bff00a8cf2d59c0b2f91	209c8853d34f45a91e6a85e8784c2060922b2caadb313c360d94753d1ee30b80		
2572	out4 - Select Library/layer_61.png	raster-fallback	0	raster-asset	f4e46ce8eff80e5e1c7af363525449b0849c78e670ff17cc44987025b73f65ba	e140b0db677af82893b9ab5efa7182f800ff466135ee7522fc19efd817db1fff		
2573	out4 - Select Library/layer_610.png	raster-fallback	0	raster-asset	4197fdc8dd4f62c57a105a43b0c36d0d1b35642e1c11b723b6a94bbd25651683	bb445ad9dd168ebf5fd03627d77cc7e57aeed0dbd7864947801722134ff3d669		
2574	out4 - Select Library/layer_611.png	raster-fallback	0	raster-asset	7d5748e03646dd4697d554c676c6e47a842c9426f14897546f7748f5091c5086	8ca4802891ba7d4690bf3cf0d6a872e7a704f3de40688f8fd0532d03ac484476		
2575	out4 - Select Library/layer_612.png	raster-fallback	0	raster-asset	920831e6e5836bed93fedfc6fe3aaae4627f5622f302d4a33cd44dae77d7cb6f	8f527ade2a0fac21d071a343e40f12e9932afa6e9735bf852cc669f8704cfea5		
2576	out4 - Select Library/layer_613.png	raster-fallback	0	raster-asset	45cc21faea67d508e0b702760e7108a516d5cf284f5609557b99436767871dc1	e5ea4500a432f4e167b7ae6896faa55ebcfb0b7c2cba5c49ebdab54d56b9f04b		
2577	out4 - Select Library/layer_614.png	raster-fallback	0	raster-asset	907c5e1cfd635da014c27c4e5c48129130175ff88f43adfbc64d1e5d3dfcd87a	74243732fef3903a0082c7535627d306ad56790d7a5e857fc66fbd8e93d29e3b		
2578	out4 - Select Library/layer_62.png	raster-fallback	0	raster-asset	d46e0a6c585173a04eb8bc56acaaeb9c12d7a29484a5179e13d6b166b81e5f33	e0c90dfebdfcdb53d7462a1c41877ee4aace3e4255e47af378863271264a7022		
2579	out4 - Select Library/layer_620.png	raster-fallback	0	raster-asset	3dc3ad5a29012c88ba02438cf3e2fde61c45b6462905c53d6a03d4bc6c132126	52abd3d8b85d057b09e6bb4253276b270f253eb31483b7c5bc29a3cbc25de18f		
2580	out4 - Select Library/layer_63.png	raster-fallback	0	raster-asset	f131a76549973383c903420d4d992c24ebc56900f2afb5b407b9d3ab27acdf8d	879e1efb9a6b5e93ad1b1b53ad887fd3ecf5a51cf47870a6a97cc59d8b677cda		
2581	out4 - Select Library/layer_64.png	raster-fallback	0	raster-asset	fffb1b2532194ab1321e568e2b141579f4fa082fcdc17654b513f4cf236ecb2f	d6dd409a6bce26300a8d32c1150a37b4ef3f3bec8dbf823c6427f0eae05994bf		
2582	out4 - Select Library/layer_65.png	raster-fallback	0	raster-asset	35d764cf42e83c4430e70c1cf101a0fa02dc6044a5c8a6e1301485e210be7e5b	390f6bfd654db643ad4d30129c1d2f45ed722c74ac608e054dfb83456784ac26		
2583	out4 - Select Library/layer_69.png	raster-fallback	0	raster-asset	69b7e89b5ec53fa8d1462d88772ccf79b00475cd59046c2c8955b85d6e77cf2e	6255250f91a986ab2054caf5eb3d1177073edfb1dc60d840ec746243505cf048		
2584	out4 - Select Library/layer_70.png	raster-fallback	0	raster-asset	3753a0f220346d726142e01fccde5d6ba06b66b35131cacc10dd62b7702d336c	1305ece7906b9547caa977fb471b0bec6e531510a37656841da88aa3d36dd898		
2585	out4 - Select Library/layer_701.png	raster-fallback	0	raster-asset	ac50d2d5fd12b034b0685db6122f5e4eed5a3f7b1f1286ffb12c5c39680f21e0	902adabe415cf17156b8d20f6abb34d18a5ec5651a2f2ae80c42ff1fc3c95b61		
2586	out4 - Select Library/layer_702.png	raster-fallback	0	raster-asset	f4ce74d145689a2d267b3bbdc6364c7cba6339ad2227b212e3b343d3b9bd27d7	0e8bf26faf7d3327677c6a217b6f6fe557a7b12538d8fedb70b73c36c4747157		
2587	out4 - Select Library/layer_703.png	raster-fallback	0	raster-asset	f75b21391e8a7609a7d4625acdd33dfbd20655d9416556372751fb420551b244	44811073332d264bd11a42bc9bbbe958b9eb60051fc2730e60df83fc73eac181		
2588	out4 - Select Library/layer_704.png	raster-fallback	0	raster-asset	964c2cff5f935b4cf44b54510bb4ef0ad85ab151b0d28cad50c8ed3b74c05747	5f1e8c9921a6cc3cbc88c238425f17d78dff2e3276958da616257c379a4bdcc3		
2589	out4 - Select Library/layer_705.png	raster-fallback	0	raster-asset	a4aa6532fd2b611981cf1cbb110c601717b1427a5f4bc8ee1c4ae47702de37d4	1896f2e9644efa50ea47f15b7371f9f84691f969710ec66ca1fac97b44a5cd2d		
2590	out4 - Select Library/layer_706.png	raster-fallback	0	raster-asset	ee5abba3fbd1426af034a0f5c977fdb8eba508a5703ff00233274f72cd1baf23	3b97b8c67f53f2f933fba3b78fd8c480586e734b4e1aa90f3d7432d58bc53a4b		
2591	out4 - Select Library/layer_71.png	raster-fallback	0	raster-asset	b70ce04ce9abd6b8b90ec970a4ebdaec88ad110667a4a76085abc276c3e9429a	ae803a3bb71e1fb569a38546e50e23a9bfa0a176204fd2c8da7c5bf5f47b078f		
2592	out4 - Select Library/layer_710.png	raster-fallback	0	raster-asset	04ba2861d0e9371737023e27458a735ccf65f3cdb51b54ee30c99b2f47d155ae	8ad0faf65da42f6c07ec3756ac190f22354fec29ebc32b783ca9d0827e93b6cf		
2593	out4 - Select Library/layer_711.png	raster-fallback	0	raster-asset	b4be438d16c088e37c20f468a896e0656f7b871a0c724bd4dfd3f3ed46aa6533	4a09ab359e23e8a6c65fb8f7fc99bdbeb5bd98e2aebade0cd0874c70bc565cc5		
2594	out4 - Select Library/layer_712.png	raster-fallback	0	raster-asset	5c67c6ffc10516dbec695534182abd9520abb29f15ff30f42f1ef9598592727b	0db2f9c46edd2b3f814de4e6e9ffb99fcd9eb2cfd163f14036a907121a0a39a6		
2595	out4 - Select Library/layer_713.png	raster-fallback	0	raster-asset	9ce782d520dea46de9fec02b5879ef9a4a49ead44ed7ac0a031b86a6dd26f70e	fd65342ff8bd7f5bf96ce56582a9b16dfe0bfe348a054d41e9fd1a1903374756		
2596	out4 - Select Library/layer_714.png	raster-fallback	0	raster-asset	0fa831b2a51f23027b4abdf522a95298076a3bb53589b730c442f84d66f749ac	1a1523ae1a0f14f43f0eebe6826970ac562a6dae6742fe1c8fe3c447df29cf2c		
2597	out4 - Select Library/layer_715.png	raster-fallback	0	raster-asset	7fe702922f086835a1a6d94f959daeb5bec103892ef71068410ff789aba91c5d	314ccc300439b77b41124ff31beddf1bc378b45ef587eec5eb698db0e912c5b0		
2598	out4 - Select Library/layer_72.png	raster-fallback	0	raster-asset	54fd4a473bbb4eb7394050a4bdb822cfd5a4e315723268983e75a418fcfd67fb	2140c3befe5c5cfba293e5eaf6e6dbc1fc190c910bb0ac6cbe3f550032b9e1a5		
2599	out4 - Select Library/layer_720.png	raster-fallback	0	raster-asset	da1ef370da8a10919bc100fd851eefd39ced3b170796130aafa8bff0e4455371	afecacc0011abd92e6b7cec348298f1217b78f33db3e728313ffab4bff350a52		
2600	out4 - Select Library/layer_721.png	raster-fallback	0	raster-asset	6b11018693825e8166423ffbd9bf1314b7ad7408efa981c10e1f3b6bbdfc4ab0	ba5e525b2484d709afd1e602ea460ecd4ee2b2a3431b4635ae64133698e89fff		
2601	out4 - Select Library/layer_722.png	raster-fallback	0	raster-asset	9de5c7509199cbaeb1079967ce1abec150e8730e590b311c6b8f1dbe3abd8100	c05f495d838241f4aac7c9cec9f0761651ea90177da5931ecc92c46bf2786c72		
2602	out4 - Select Library/layer_723.png	raster-fallback	0	raster-asset	867d98811e2373990f131e1b0365522c06d872e56657717326137d1e88affa63	99ef87136217f04439e677361779d1a27e9501eb40510284e43ecf8131184a0d		
2603	out4 - Select Library/layer_724.png	raster-fallback	0	raster-asset	28230fb8131c9e049ee6ddf8f164edc922476cfc85d4db966846c10d95795efc	361a251ec303176658c58018931b650244a12414afce80ce4bf03c19de65b9ef		
2604	out4 - Select Library/layer_725.png	raster-fallback	0	raster-asset	6a6f8b26057bdff081c56971f1e9c3e6b80ee82e71747196fe0e542aa4717803	cd125476119ca3abbbd86440cfa73e272af818aa71be14baa3ff93eae7befd6a		
2605	out4 - Select Library/layer_726.png	raster-fallback	0	raster-asset	62c142b63d07965df952590b6191af135b2ec5c6c1754f8ec42a338729347037	062b559378477438eb9603df8a0dc1defd72a7d0221e346ca7476f8147a0a639		
2606	out4 - Select Library/layer_73.png	raster-fallback	0	raster-asset	8fe1a173d37257e11cf3c90ae170faee54c48c5779ac1a06dcd42f35f5fab264	65b1f64a54721513eb807f413e3575e335952fd139291f2abd5a1fe608d3ddbe		
2607	out4 - Select Library/layer_730.png	raster-fallback	0	raster-asset	a4e463ed22fe699064b03797bebda1717b5a2f74828f15da9d0b67aab3c23855	dc72b77a729b171da94bc4ba6e32a391252577143472976d4b5c37c5d534008a		
2608	out4 - Select Library/layer_731.png	raster-fallback	0	raster-asset	1544171b42da8e56145d9008b59751ba558efd99bb5d049291ce1be713a5beb8	32f84d2a514832fb492d9bd125f70e443793f96f4e6039b2b24895e0909a59a1		
2609	out4 - Select Library/layer_732.png	raster-fallback	0	raster-asset	b639bc053dc3dae4ce3c9ca150da9b4bd115d1382df5ff0e44908b2c936c8b85	2cc5c1938e46645755c361382f12282bf2458390351c94369c41de48631e2708		
2610	out4 - Select Library/layer_733.png	raster-fallback	0	raster-asset	7eadf23d040f5a6836fc984401acecb89f5acd3781a78ff05f4d941f80e93ae2	7d7cced970abc9a1070173cbd0f0c00543df39b8be8011706130b66666416349		
2611	out4 - Select Library/layer_734.png	raster-fallback	0	raster-asset	e98111f34ab8eec58d2f8498ededdfc056c92bf3467958616da91565a4352a36	6b30c09235c35940585ca680a070923c544aef23d9783fc15f646e7141536e6f		
2612	out4 - Select Library/layer_735.png	raster-fallback	0	raster-asset	22ad49ea6ca05dd8e3dee862df00369f2d7b4c034093751d59b581ea0e2cdb9e	b6a359ad6d679ecc05e76582f61e884d8968e7dd0c99a3fe8cf3f0e8f5d57d8d		
2613	out4 - Select Library/layer_74.png	raster-fallback	0	raster-asset	e696334b87a1515d238b6b4f9f32e1bc17572d96ec9460c5a2526600a4b21db2	11f1b96b467c1af6287786867bdcde2db82f89e47a5c43bad76fbec80f659cc6		
2614	out4 - Select Library/layer_740.png	raster-fallback	0	raster-asset	fa929e002e3258e86c0ee504dd44f7bea5f6cb000db6b619009d4ee7d16847a4	436251bfe4bb84e9a0213d8b7ac3aa755826264a79d6f11d4e32ef1c4b8f90bf		
2615	out4 - Select Library/layer_741.png	raster-fallback	0	raster-asset	1bdcac0cbca7eb06718047bf859dd7ee5ca47bf26a9393fba7e5d50e0be1f7a0	0c3c69ee0c118ea157d4175c0d9014d02912f9ae5fe877a848f8d5a036070abd		
2616	out4 - Select Library/layer_742.png	raster-fallback	0	raster-asset	030b3f0d3706a571ddb6213821b309e68d9d0a89027061ea14241bd6d972ab20	6e73451e74487fcaf8c94aeba6e0e422e5ecfa46ace41fe07a1d10ef78e71ef4		
2617	out4 - Select Library/layer_743.png	raster-fallback	0	raster-asset	79a58afcfed81ae6600fc3a64b82a9b21fa71eab79664dbb1d7f963350901814	892e13394780a2191449912e223a045d93865f33716e37b60c1abc2bb50d7cb6		
2618	out4 - Select Library/layer_744.png	raster-fallback	0	raster-asset	6985d5290d483180314f1eb1a44a7ba9d542398d2121485ca5ba62bcdcad452a	208b44e85ffdab2ad8b85438cb2c95e872615f624c1f8a1533dd4eab8377f416		
2619	out4 - Select Library/layer_745.png	raster-fallback	0	raster-asset	210426bbc483d0b7f5e7702b519d1bd1cd661f123ad7f9a3d7a252126afe071e	6ba221637530d5706629d6dbe4a5365b9d47ac27341212cec3e8d975ae4cd86b		
2620	out4 - Select Library/layer_746.png	raster-fallback	0	raster-asset	f78d1af76702af6acfdf82117261ced18ff064e27cfe45dffea28a21a2ca4361	a6d22123d45f817c8816ad51427a9898a8f55fa547d3c3da70f87ab2b612bc97		
2621	out4 - Select Library/layer_750.png	raster-fallback	0	raster-asset	7739079727cee03d5fed03b4d8e8a378ea78bfff8da27a67f8601d792b88c2a8	1b7b2e6fb718f9b926cd049069b7bb468d7eed8ec86762c3743f3c7443803ec6		
2622	out4 - Select Library/layer_751.png	raster-fallback	0	raster-asset	78c6b82b6643fbe4c6ba9a5b2824e46e6a5842f7523dd04d5cb7caa1e1627ec5	420b069a19d4207c307f1e5a76198d7ed5d468d3522e636b8e82177fbfc71f70		
2623	out4 - Select Library/layer_752.png	raster-fallback	0	raster-asset	8b34e0ba1713e9ea47b84800a04fab5f017f98c313da36757565bb727abbb055	df957faab51279d94e6e8836f3cbcf657c168c0f141f17f96e5a347e64ce6f42		
2624	out4 - Select Library/layer_753.png	raster-fallback	0	raster-asset	e30c2b94534e8440f672359e2a34d961104dd30e2607a0bde77da584ec58e11f	0a590cba3fb8d4996177d8e9972297f084eddb59af3fde9aa5fa56ded9bc1d0d		
2625	out4 - Select Library/layer_754.png	raster-fallback	0	raster-asset	2b89b351897ef939e59a08e80b0204084413f992af6a5d526ce4af92bb8b285c	479cab8116f502489abc9db0dfd0c877a7b259f83cc0f3e894d5a0df56876050		
2626	out4 - Select Library/layer_755.png	raster-fallback	0	raster-asset	e7f537156f727a4afb8e76d5bc9632e4a9bb71bb591de02d30d9dd8fab782454	3f560f459138f8662b8ed98bdbbf236faeb31d8b9796545a97cd7d00baf2503f		
2627	out4 - Select Library/layer_760.png	raster-fallback	0	raster-asset	5cdb463cd61fba833565091266889143dc23aa5c2915af1c3f76a54d6fab17f7	d2f4fbd0389c5694332816a48507b4e0abe056fb194f8880bb276a05b511fe0a		
2628	out4 - Select Library/layer_761.png	raster-fallback	0	raster-asset	d0622826e2794911a97513d2de518828687ff219594095cca032e8a496937c6f	112157b72eb3cc699df06a15a946947ea6a005e4f739df8e57df49428fa94948		
2629	out4 - Select Library/layer_762.png	raster-fallback	0	raster-asset	64639d0c1ee51a092161db667fbd5e4cb1795a7f62bfe7f5eba2d0750f41e793	b120f90c82bc83d41827fb75a90129aae1957a0c3ddef555edb3da7fd91ce03a		
2630	out4 - Select Library/layer_763.png	raster-fallback	0	raster-asset	2aa862207be41dcde55410d35a4d448cc7c05035fb9195f0c4347ae339de6fbe	7a9cb34c3417d9441fb15c5c631ed35c75c69f1e3a41e785d6f03ecc5478fcf1		
2631	out4 - Select Library/layer_764.png	raster-fallback	0	raster-asset	5eede27a618663d4858762440895fb0d9cc0a1024095ee1920906b094f0d82ab	24f43191497a45a9fd4c8799dcccb0e1ec849c9e3872334f638d13d97bcc88cb		
2632	out4 - Select Library/layer_765.png	raster-fallback	0	raster-asset	174f2af50ea466e41f98d98ce483ab7e5c852352c5befa94c7c86785b9ad0838	c1f22a6984b508d9375b1deebf61bec82d453ebfb9915f27b40a08d6dc7249c5		
2633	out4 - Select Library/layer_766.png	raster-fallback	0	raster-asset	a3a03213a3c23ef940c35ba9b8dda7ed8a83c21252e79117ada456a62d1c43e3	69cbd4581c82f9d9c240e26b39668aee62a31fa824c28fd1670d0fcf24158496		
2634	out4 - Select Library/layer_770.png	raster-fallback	0	raster-asset	1ae60b5e9bbb79df7028c3a5376a82299e3f532bb2012550bdb8b4b0ff81fd2d	105c195cfa0a853e1d77c6334bb7444b6fd9c7bb1e425ea32a217211cfddc1e9		
2635	out4 - Select Library/layer_771.png	raster-fallback	0	raster-asset	ce8d4d159ef05d479691c873af0d2edb7d9ba5e623a5663753127aad925829ff	dbaeaacec4c7a2c6bafe277d27110b9bca98c20a3b102ffedd3f3090c1a70a82		
2636	out4 - Select Library/layer_772.png	raster-fallback	0	raster-asset	41187bd3a0ec637fcd8f820bc4c069e04b8ee1a4487519b1a60d7ad9b3f8634c	c002633bfcb1a495a056499596662691a17258c6566362c8f0fe1882af5e786f		
2637	out4 - Select Library/layer_773.png	raster-fallback	0	raster-asset	c311583ccdc8f250a007fe356581a634d55803b6723e72f4e12ae15ed93b5b35	3ca7b8fa93ce6eba0008da8dd31a01367de8cacf41aaa28e0a63268976cc0ccd		
2638	out4 - Select Library/layer_774.png	raster-fallback	0	raster-asset	1f3b895cd91821feeb664215d138c88bc76873b91c0a8ff19cc623a5028b14e3	b77f2238b8f07790632988ac03b490394c9b6b673f5ee31b3a0a2c0e11c912fa		
2639	out4 - Select Library/layer_775.png	raster-fallback	0	raster-asset	7a049c2b2b02cafaef9da9c8e6dd4541dd2c8698b2e4d4aae24791e6adb859f6	629d37869ca8351abd45e8e1f277a3632e504f065a193f65463c1322701ddda8		
2640	out4 - Select Library/layer_780.png	pixel-alias	0	pixel-alias	35ae9c1af08dac3a21fa1ca435bcd6d3e214a8cf6c1a23001ebfe9cfe982ef5c	d3f8bbed320304ef1a098b1eae58d840532b90cefbf02c130ed7c76ba392e185	pixels	Red-col fg-alpha Print/print output/layer_69-1.png
2641	out4 - Select Library/layer_781.png	raster-fallback	0	raster-asset	9986f8d0cd5054b1a69c1b13ce483ecb2cd9f0362e529fc29d030a3f339ec53c	cf90bd7c1cb534f006796ca6aca7910380657fc96a4e428316a3a74a3870ba81		
2642	out4 - Select Library/layer_782.png	raster-fallback	0	raster-asset	6f55d160bf7cfa967ca37f05a53cf3e2dd87fd60e8be16de80e6f12cf88e5fe4	c879a2dc8f171b6d2487c18c03a253756ec401ae8c49bf3fc468f3ad4b4df8fe		
2643	out4 - Select Library/layer_783.png	raster-fallback	0	raster-asset	b7b5037cd20a7eacca9d64e335e0820c9fb77d8386d111a6b5213043a8eeeb07	5a957f83a81595fd5398209cf872d08cfdebdc08b25617c206aa3db8c0ccf7f2		
2644	out4 - Select Library/layer_784.png	raster-fallback	0	raster-asset	fbb07051a00c444409de04d1da2e9b1ec89c16e6c274df94217047bc49990bb5	b0e3e621051873c013645b129bedf4c7dee3955f67fcb103c8a9dc0d567ebd20		
2645	out4 - Select Library/layer_785.png	raster-fallback	0	raster-asset	4a532b8a124cf236e8c3e195fb4b6d836f0f0b1789139f1901e945b367446c9c	96bfdea753c9a4c91e9f871271f9da70e6112d8560595cee88b68954c8ef9c8f		
2646	out4 - Select Library/layer_786.png	raster-fallback	0	raster-asset	a13e7e7f0bf82e02525347997c0ee87f8d07492aad63c9328f9aba39bf455234	0ae2d0a46b3f1d076fd2b18c28998679978feaa4fa096fdeac026c0180a14341		
2647	out4 - Select Library/layer_79.png	raster-fallback	0	raster-asset	1bf0c90a1bcb5f857ad096af0d8e1ca28790501c323467eb66981af84671f7a4	420d2eb29aba69cc01b4a33b438ec245b77aa0b56a99a5ed9d99eabe9537c52f		
2648	out4 - Select Library/layer_790.png	raster-fallback	0	raster-asset	a20c8eb4180bf051615d652821957c2aacad8ce47db2735bae530e9461c2ed7c	c21b282faa00dd22e0a5577620fdc8e698dd2c611d603e80f5ee87dac4b705b0		
2649	out4 - Select Library/layer_791.png	raster-fallback	0	raster-asset	8a5f4a223b383eece3a65b7b31973b52e49d3ca174e5ec452c44ca73e2e40916	c6907e7dbfc509e183448664a636d86cdba968bf7ef7d9e4d95cb799370a7a3d		
2650	out4 - Select Library/layer_792.png	raster-fallback	0	raster-asset	16855733925b49cb85a82cf2a14ee93b06dd6c3a243344f04b14afbd7fe8c251	8611eb40be9ae2f31c0fca92e8d1ee55e51507006422c798e4dd6aab7dbba9d8		
2651	out4 - Select Library/layer_793.png	raster-fallback	0	raster-asset	fc7c47b9d4b8a60c61cafac88e89bda42e9e759fc598eba6e9b22731286393da	4cc1b9ea1336502b0e1be7d5fe0d7e12dcedaf147fc599e44a75336b2fc738bb		
2652	out4 - Select Library/layer_794.png	raster-fallback	0	raster-asset	53148236b79e60ca50df756ab786c6097a2973e7265eae9f01cf6e8404ffb9a5	dbec30ac0e511ad8e8d13fbb268a1651540943a7992c9f1a167969784abd0300		
2653	out4 - Select Library/layer_795.png	raster-fallback	0	raster-asset	76fc0c4015e82da634b7b815ee5fbbb0e06508b204c0c27001b600856c577262	32275a655427bc3a6f4b4ef2c5952c7ca90f88373f940bec151de71884938aba		
2654	out4 - Select Library/layer_80.png	raster-fallback	0	raster-asset	2aeb985092c57e57cc67fa5c06e7b7b0ee08d4d7d835059f59e0462e157e129b	9bf28d4f8433f4fee94a6638dcccd15603a858e286dd487aa71bcea401c6ccac		
2655	out4 - Select Library/layer_800.png	raster-fallback	0	raster-asset	d9e7da5c518b09550687942d20954d011d54b8bd6f94f4ee2cf8d387d3852666	0775a0a257e7d1f76cd621dbd95d7b27033b2a46bd3cc9408575da023d30f74c		
2656	out4 - Select Library/layer_801.png	raster-fallback	0	raster-asset	6b5e507c508ab446758edcd75d61314640638a59e097078d64fd622a48a4aac5	7f76377e37267964836077020b730937209feb9a74ddb4ef1102569af4c4a051		
2657	out4 - Select Library/layer_802.png	raster-fallback	0	raster-asset	bad7d2b52f3ddb9894f9e356d698e68031e597862fded192ee5b5a199c0191da	f93c6470a9d9d3ae2b873e117c0bae0e7313f6b3196347532fb8396170fe3bb9		
2658	out4 - Select Library/layer_803.png	raster-fallback	0	raster-asset	8418d76e559060f90448b0f3e00c826903a0d8d7a8f975a5f99af7f2d487ea82	e546b55565824351c5765dc5f49960a10362c73026c1e7af8b329812289649dc		
2659	out4 - Select Library/layer_804.png	raster-fallback	0	raster-asset	40e981b9d202acea1cc0cb44e54a46f85db1deef307188cd5a7d5fe3bcc20bfa	a5ff6c7efbb0667cfaeb3e045e554dda9022ab0c0c055d2ecfb27316a0edbf36		
2660	out4 - Select Library/layer_805.png	raster-fallback	0	raster-asset	5adfac1e97ffbcf83cebe44c34fc6bbe08db41d9548ab1c3ad611905d01d0fce	4ef71dcdf112037981eeaa7de0d4d88a6ba391c5bf705f9f4671e53eb3be6fd3		
2661	out4 - Select Library/layer_806.png	raster-fallback	0	raster-asset	550d759b33670d6e64bc1de18a0f3543683d3c67d6614607cfa447f32126eca2	c31ccdc0020795c8b507092ab8353d56612e82859a80747751e77be003d6b30d		
2662	out4 - Select Library/layer_81.png	raster-fallback	0	raster-asset	9739d36979ef86a68f6d6f5e7c931b944b6806691ba18aa5e7c0e95571d70efb	dbe152b4f63fafd7666f1228ffcadc16af9e23293ac29e2d46ea0ddb58145af4		
2663	out4 - Select Library/layer_810.png	raster-fallback	0	raster-asset	ddbc43274ac34a70898e7f1601adc8c8caf41e2f6f1ad3fa3934ff3d3c25762e	d186f16f5e9f826915d1a5c8ac26c64faac4f972567f8030593f0835ef89356e		
2664	out4 - Select Library/layer_811.png	raster-fallback	0	raster-asset	38e32139319992d6d2f0664adf674b32566b57784daad87fb28c1d4dc10f47e3	80d8536bd1f776fc3e8aaeed0bf4679c0c8bf00e5234e547f24dc7cc9ba3f7c3		
2665	out4 - Select Library/layer_812.png	raster-fallback	0	raster-asset	ff6ea0faaa9c4090d524a337cc6bdfdee326beb509df4471519853016d6ccd1f	e772c84d2d2495697991c1537b7f4b0e1ef8cae96dacac6b42a5691c68786360		
2666	out4 - Select Library/layer_813.png	raster-fallback	0	raster-asset	6930219073f7d22e509b7d030bfc4d240a2976c02148b8d64c042efd4776eaaf	f03b11c48e99474c42bf68a3aa83a56a985b942c50ed3dfb9e4ca4f5973d3105		
2667	out4 - Select Library/layer_814.png	raster-fallback	0	raster-asset	3771f33d72803ddd5926bfb84e20a3800b131ba68bcc9cbf7f60cd8b156aa353	1ec8dd152c77e2fd02fefe2cbe1fa42159420807d3008a25bf42e6fc5c033eaa		
2668	out4 - Select Library/layer_815.png	raster-fallback	0	raster-asset	7e13e785bc20d30710019c670b0d3df2855d5547bacfc26fa86b53ac34b044cd	52cbc70d9c08ff676dd50471935a539a4c049a2477b1a5b81031e04027c9884b		
2669	out4 - Select Library/layer_82.png	raster-fallback	0	raster-asset	49b57f64b4a2b0bb869f3baeaca1c5f35183d736977d4b0082761db27d111e79	995984e156ba435ca3186624ce5ae985f16b3ca77b074c9b868e05c287f4fa0b		
2670	out4 - Select Library/layer_820.png	raster-fallback	0	raster-asset	911fb6464a3456364a5160f7793855562065d3b1399bef3ec9d69ef6918380eb	abbaadb7869f6ee8cf3356af6df28e5ba5c7baae006d450ba852d3e5de529200		
2671	out4 - Select Library/layer_821.png	raster-fallback	0	raster-asset	f564fe8ebd281b4ed486fd1379315e841a11107b2fa935e7f0eddd7bcdf7a394	14d343d78bd027ec632bc8519be71a84d83a9eeaddfa41b1a9c18218f6d252e3		
2672	out4 - Select Library/layer_822.png	raster-fallback	0	raster-asset	6310356913a5a54a3ea1a6bb6df0898796ca36e8ddae9bfa8d49e1eb1d47cb12	b4a1424608531eb0ce9b13b105499eeda1136458fd0466c51ceaf0172a849fe2		
2673	out4 - Select Library/layer_823.png	raster-fallback	0	raster-asset	8f131109aa87eb01bd9c2d968bb9d59d99c4b96875d03f62ee3400600f9ca437	a81009529ee2e3cbe3216ea074cd76dab8e1e433f833a8cb1b7dfbc734ce2ece		
2674	out4 - Select Library/layer_824.png	raster-fallback	0	raster-asset	7bc043913741cc3656c0b810458b76fcbca2287bc2e59a87016603a11102f7f8	a5be66088fc669389f60a9289620dfaa9b738119afc9af47ecab502c1d7ab9b1		
2675	out4 - Select Library/layer_825.png	raster-fallback	0	raster-asset	c7f746a22a8fa7e99e73ffb40f73814037e62041022bb7b065ebf8b1203b97ad	5b8003bfbf06bd44f31e39e9f10d3bdbae1f5b6220e1bd418074b1c7b667255d		
2676	out4 - Select Library/layer_826.png	raster-fallback	0	raster-asset	7e16087906a73837ca36be6e225005eb00bf37a0e437a41649297392b20e1862	c55e85af8e6c20e3c7eb24287e2d1f8a3a73ddd12bb730ce5d47cef60d78a2d8		
2677	out4 - Select Library/layer_83.png	raster-fallback	0	raster-asset	4058fd923589b640d869ad6b46b9470c9c91ac77bbfbfc4793d076faf20dd02d	251d2b2eb250a7ee59c7d7dd4ec9f5af4c94ec6178e70c00ce1f98132b25bee3		
2678	out4 - Select Library/layer_830.png	raster-fallback	0	raster-asset	2ca225f7fcaa64d5d4e821040617b50a1c1b26abfe0e9180e809042814ccf508	5cd802415174103a0d5e90761733984e16897659f65520cb8aff4776ce42bbf2		
2679	out4 - Select Library/layer_831.png	raster-fallback	0	raster-asset	79f4ebad05245e35e7835b00a3d43068a338c6709f21427bdd5527d288da5ca9	5d5584aa297f8117549cc1d6af80d52c07fdc03fd1b46dcc27582359e866b110		
2680	out4 - Select Library/layer_832.png	raster-fallback	0	raster-asset	29fd6dd7596fbcf6ae0769ce769025f32f6d0503329cc87cea90e0d86c8a2dd2	9dc0eededf6d6515fe4498a0fe39ff944ad5e1db5888adfedefd9429d9da3953		
2681	out4 - Select Library/layer_833.png	raster-fallback	0	raster-asset	e0e70fe5ebd22a39c2ceafa12a72b5392cb3e232edfbf38e59b41ddff9d46ecd	d55850b63fa644c99acf22b58a4ce376fbe1f122b45a99576edca6184609209e		
2682	out4 - Select Library/layer_834.png	raster-fallback	0	raster-asset	7cd37adace2e68e8c06eb1f23cd947e2571c55fd0d3c655fafcd89b8a4c0e65f	fd8950200bb976ac3a3340061617d0ea0c2cfc8168f2ce2b4caa8d977e7a0d62		
2683	out4 - Select Library/layer_835.png	raster-fallback	0	raster-asset	4dae10a22d54d6653fc7790578c614a8a77a61af80aac7547b2f12c3bbdc5948	92dc946692ee4d65d5ce45737e5de51511f58a0834b56f76a31444506311232d		
2684	out4 - Select Library/layer_84.png	raster-fallback	0	raster-asset	944e3a3a4e6f3325e0bf1a45878248eba2a4e974572d21a1487c78b0e953caea	a4f2eae95f48d66cdf16926c3142f871678be63af0a4cc02488f9d0767e33f02		
2685	out4 - Select Library/layer_840.png	raster-fallback	0	raster-asset	245672aea0bbad60e5b81bd2289f39977a67968d4767294604194fdd0b57ceb3	29e36fef50c80fccc0fe889636367c0c9b3f42c23485f1e9a74e40b1b3f9b934		
2686	out4 - Select Library/layer_85.png	raster-fallback	0	raster-asset	de269681325285dc16341bb5a95be5ea3fbca349735438a10b7f16278f9e3034	4e4d3acbb120a501c8fbed2da7ca2c9096c24e4e709815448c544308222667f6		
2687	out4 - Select Library/layer_89.png	raster-fallback	0	raster-asset	6f5021c3d32460336622a544a8ff7c97c20769c57beae656e1f9c8f2d26359a6	72dc15f70fba67f1ee1a532db424a71d3fd227b660568268de8b84118f0bc89d		
2688	out4 - Select Library/layer_9.png	raster-fallback	0	raster-asset	080b72c820a5235e1eac19b84fc02774638b8b5346725d92622f0311e583a0b5	8a636bb34c82b59d9d50d10bb1f9e6102db0ea61f6fc460c9fd451644dff63d6		
2689	out4 - Select Library/layer_90.png	raster-fallback	0	raster-asset	4d446e12dc7b54275e7095f28eead368f154d159874495ee9f98186e719457c4	db5423e6afe9c83caa380bac372659163f81c395600d645a8d80201fa3ef2363		
2690	out4 - Select Library/layer_91.png	raster-fallback	0	raster-asset	bdcbe22fa7153da2ec642fa3cb10f9d9f101068da7b5f24de808869962dc5211	a32e0d72b2f3279ccdeff1951b4918aa24e9fe2f2832e95bf6bc21b82eaac06a		
2691	out4 - Select Library/layer_92.png	raster-fallback	0	raster-asset	1216e889ac384c731888c0e37ea21d02dff255f4c3b0aeed8e6f3020b8c23b23	d6c93920d0baad71c28f9a7b71a517a4edb40486cce317cdbbff8d9d7a65b8b0		
2692	out4 - Select Library/layer_93.png	raster-fallback	0	raster-asset	2784529d54298cd065e3921da13810d579e8660b96d408e3c36fe6e16a730065	9453988a5549d1ea594f40825020efb80ae6ccc172bcd12a323b0ad85d74e620		
2693	out4 - Select Library/layer_94.png	raster-fallback	0	raster-asset	aefc7cf5d6edb65ce650c7a454048c2f8c5ea3dcaf6e5d1335400d3dd590cf45	4a9ac9be99d945fb32ac69617ac38cb8e5f63f1f43590cef9f97795d9f887aef		
2694	out4 - Select Library/layer_99.png	pixel-alias	0	pixel-alias	dde6bc7b9ee85fef4bd15c4e7c3e65565faad0829d32c2b7ceffe953840ec9f1	647c8938a287c12ac7bad315f114fe36c59b2686638a94e03635ac2877986384	pixels	col/col_yellow_hi.png
2695	out4 - modding/1901.png	raster-fallback	0	raster-asset	0ae5559b6a347b5af8cbac67d045674134a03f2b20edf197170f3c0d9982ea2c	04f89beea373a04389a223d9d33e3153e22830b7429ed8471db755d9619d8b25		
2696	out4 - modding/1902.png	raster-fallback	0	raster-asset	230b6038c9fe4cf0cbf5896787de7c57db0086acbaa6a80e8b377c498ee18fbe	4c59efca199ff1a51e66eec57ac46c6cd264b7ffad2acc53dea7fcd3b8bdc0a8		
2697	out4 - modding/1903.png	raster-fallback	0	raster-asset	e78d64daa5b78bbf0d867ffa5f24ae4188a98f610e393d1a2b0db6f9e1c4bf48	4eb69abb086f730154ab297ad0d73c407b9130069f2a92bbc7df519949f1c106		
2698	out4 - modding/1904.png	raster-fallback	0	raster-asset	79b8aa9fa251f02cf214e6ed1babbf5641a7117d181368cf7c1a77073b7629fb	36d14fd92514d5831f04c5355f302322bfa477019541adb0cc042edef2712d6e		
2699	out4 - modding/1905.png	raster-fallback	0	raster-asset	e731d8031f6aa3412d249856bf8a040a84798045544f27f0003d46edf9e71040	5541f41ea87dd2e4fc943dac77c757652c493e910c00b8c37352848b283b1512		
2700	out4 - modding/1906.png	raster-fallback	0	raster-asset	7ceb2f821b6d076889ca8efac29e81f7c8b3d8dc95501acc72807d900062accc	9d836b43de383cafde2a71e9d8a8e5b18f6e6601431b3ececeb4187dab605342		
2701	out4 - modding/1907.png	raster-fallback	0	raster-asset	f8f8737a43eb5db38dcae32d5fa3dcbb8adc871c0088218fa24e474e0250bc5a	178ddd4a90cdafc89448f64c29a2b87fba137e27d31dc92523f47d8ff5d01c05		
2702	out4 - modding/1908.png	raster-fallback	0	raster-asset	df6b218c40b6ac3f05325bf4f57a16f4921f7d8014d1ef90c157b659088e0b31	3c86f83ad159c07ac62a7cfd43ac959c44bd5bcb19904de3f393c0910ea92c08		
2703	out4 - modding/1909.png	raster-fallback	0	raster-asset	c9b19de337c502cd89b3ac8ee1a2da9055fa8415a0a5fba13663aef1586c7b98	963cf4794c7d5769da4eca8193a8d954a8005a49fe454224ab24e2e3f33b1fc0		
2704	out4 - modding/1910.png	raster-fallback	0	raster-asset	7faebec50427b2e2e0f5a99c4c77ea2930f2a515cecaaef7d5aa02d3257c3096	d878468115b15b7e9e879139a88b671ae800f70851738d937576848acbe9ba80		
2705	out4 - modding/1911.png	raster-fallback	0	raster-asset	30f3b11fa746d2c44dc0bab927958a50e8ab1219abaf4d2a30b22fa9f86e84ad	f89fe783064c43159fae255095119277fbb783461d029789b62f29e9393ed782		
2706	out4 - modding/1912.png	raster-fallback	0	raster-asset	adae38082df999b07ce9ad27d8a7331cb0fe576185947c052ca414ecc46ef764	ddad4afc10b9997ee7e7ff97ba204a2be83fdbb40051d4a90a0b466bad43313a		
2707	out4 - modding/1913.png	raster-fallback	0	raster-asset	ac1667550b8b7650c74f3ffd21bfe7830951c2efeedf320b8e67a69eefd40cc0	44d6b5d84d5523092dc2f9cba7eefd81acf4d7fb2f534e626411325a2256e818		
2708	out4 - modding/1914.png	raster-fallback	0	raster-asset	2bcbb6f8e60446f6c848cf20e03934b7a010f9a247e166abde645ed5b81ce428	0d8ea17ed7065f372db36beb841a3edc91670ed5e57e41aff34def9880d45432		
2709	out4 - modding/1915.png	raster-fallback	0	raster-asset	7800fe035274c6028fe7b4fc1a5c31a65bd2e7958ad63e489f752ce75bd3761c	b4d5c59e211bdc0b8db96b17752440e4e5e2da80562c14d9f918cc57cf0240c6		
2710	out4 - modding/1916.png	raster-fallback	0	raster-asset	ffe72742af71d651d7c3457b6775ced489146ee1d714e534013d19e4630ab0a3	8ab03d96b77d657580ec5b88ad2cf8bbb3fd5f460fbeaf3afe9ce7b392a728a4		
2711	out4 - modding/1917.png	raster-fallback	0	raster-asset	16bd3e1007afd207095b9bef3d318e7138e2de7ba2b7e0256039661fbe0987b0	428311c9a443aaf1d570903251bc234a451fe1118e722aafd606b59dcb928b9b		
2712	out4 - modding/1918.png	raster-fallback	0	raster-asset	1fb20932949e3214c1538d0b22104c265e9a0c659f472d60bd493a2c4471351a	7e50027f7dd54579354af05693e03208217a83d97f7c168495b0e4ca36ccd0f4		
2713	out4 - modding/Layer_615.png	byte-alias	0	byte-alias	010617624dd20d7f43022f2ef831f62a7802d7e9a4c81293e4c835fecd81e983	ffd6fcc27f42a8b5c2ebc671509e77f781f7e445f33af4661a23c288b90f8970	bytes	out4 - Select Library/Layer_615.png
2714	out4 - modding/layer_360-1.png	raster-fallback	0	raster-asset	0168aae0ef0d0821825b0bdbaafbbd3297a495da0965ce622fa9bd87eb141f6e	8248780807a70cea7c181154c23371c0a21dbf6a29e0aeb6e640f08fff97f85f		
2715	out4 - modding/layer_360.png	byte-alias	0	byte-alias	dc576b9940042aff0f5464eb34728c583faf77c3f5ddf2582b7cdda40e023904	a01b086e3394a913f05035020dfcf681d1987398786f97e4767d698868779974	bytes	out4 - Select Library/layer_360.png
2716	out4 - modding/layer_361.png	byte-alias	0	byte-alias	a80cb267fcff6a06ef4d5bac3b75a94bd10157444d7c8dcfbf5532c213e9b330	aa50ba59e4f592cadac5e99c7f95847e0d106d6362da9aa1a8db58c9877cad4d	bytes	out4 - Select Library/layer_361.png
2717	out4 - modding/layer_362.png	byte-alias	0	byte-alias	44bea2420e3420c7972032fad5489cb7a8fda9a11fd9dd2133f8afab1a0fb6a2	49e80827c80c70ed34ff7021d833856d7de2bcc46b2f48c98a47d825b273aa62	bytes	out4 - Select Library/layer_362.png
2718	out4 - modding/layer_363.png	byte-alias	0	byte-alias	d1ce7bdb7e989da664a9fc4c943cae347779a6fe3f59e611d6ad57d03d114949	18e4feb6eece0c29f10979524f73ac4adfe2e3d266e8905e3bc761f02b4419ec	bytes	out4 - Select Library/layer_363.png
2719	out4 - modding/layer_364.png	byte-alias	0	byte-alias	9f51dad116005e1c83d0d792147f9a37eadbdd13c9c7b08956b5b93c725a07f2	9ccd3de7be25b53c3f678dfed6588fbf71c75a7d7ff9e12366f76aa591596b6c	bytes	out4 - Select Library/layer_364.png
2720	out4 - modding/layer_365.png	byte-alias	0	byte-alias	16f50a02c5baad71f5a6a2935491f60b21b544d646df4e102e11c854673606ab	30b204d910ca35a349083862fabf493b8fffcd132ee80a081c74c0ff2bfbd6a3	bytes	out4 - Select Library/layer_365.png
2721	out4 - modding/layer_366.png	raster-fallback	0	raster-asset	b30bcbbc2b467f45eedbfa1a9c3bb124fd07fbb91cbe0f39481911624fc14181	734e6cb82870b887ff0ae1a5baff18ced62783e0a5296817fb42798de265bfc1		
2722	out4 - modding/layer_367.png	raster-fallback	0	raster-asset	3d0e5ed307ec11a7c6a117e57fdd680a3bd76aa4d5365b541e89ef46c9e4b3d4	070194b67e1b1c081468baee59fd9103c45e408b8a9ec082ba97ba4a16fdfd39		
2723	out4 - modding/layer_368.png	raster-fallback	0	raster-asset	95d8e01a4eb3e2c7722bba4e369a87e8d8f2275f4cfb125f272bd8ff3f2165a9	073922d4c3291469b02d90205ce720c6d14c729bdd03cc7295d3f1584d977b2e		
2724	out4 - modding/layer_369.png	byte-alias	0	byte-alias	f0bad2ca12cb41c7c5c984fcd61a777281ea5dad5edf3375b1c3728e84cafc1c	d9474829faa66cf6f13acfcf4b264543fefa51e64e2d42f1dff0f95906a74a4e	bytes	out4 - Select Library/layer_369.png
2725	out4 - modding/layer_370.png	byte-alias	0	byte-alias	a5d33df744dcc9c0a7180e1cf29456fc022945feba82a7796b153c21931ab48e	a92932a1566fe3bcb5ad3f6bc67aefb4a6ebe0e5064d78154ca1361284215573	bytes	out4 - Select Library/layer_370.png
2726	out4 - modding/layer_371.png	byte-alias	0	byte-alias	5d2fc0960411638095d2001ee8040cdadc7302f53c56f177ce22d426d3303396	c594724cd96d4c6e4ce3eed897dc0c25b5f00291d56e2a34fe9d5229544b22a5	bytes	out4 - Select Library/layer_371.png
2727	out4 - modding/layer_372.png	byte-alias	0	byte-alias	3fccd6d02b827079cf9ecf6ea9f13b53e07bb9bce7b7e59d4c62d3abdf8dafd2	11b8ed3d0373a79d6e4384b47ee6dc7137897ef4c91f6cd649568867192f0752	bytes	out4 - Select Library/layer_372.png
2728	out4 - modding/layer_373.png	byte-alias	0	byte-alias	f786017fef5d4aa4319664be71eee91ac2cd0626e3a090402d681fb322134f6f	19dd2425c9d8e0f2974e602e415f6ec49b742a1d31f9006e816107cca8593b35	bytes	out4 - Select Library/layer_373.png
2729	out4 - modding/layer_374.png	byte-alias	0	byte-alias	7f4f10e1c36f25567b7f7636158cf3ab6255285801b755c5660e690e7ee80def	7cf8b49be32e2fbe524965e2a461b285ed87cb381ac33bcd274e2eaf6887ca4a	bytes	out4 - Select Library/layer_374.png
2730	out4 - modding/layer_375.png	raster-fallback	0	raster-asset	32f1aeeb93c3c79b82b320f44b38f21deaa1d291a9b17a4bcffb1f89758699cb	6a33ab43e0179ecbd1a37413b553d947292e4484b49a692158645c6bf15e96cb		
2731	out4 - modding/layer_376.png	raster-fallback	0	raster-asset	437dd30879bf83367994895733988f4101813f5204dafb458111ec5a62b35d52	484d8644d25d64148b6a895f1d017f6b64ba41109b96ce3fe6fc28377108b52a		
2732	out4 - modding/layer_377.png	raster-fallback	0	raster-asset	4287b3b4994691948ce768982dda0e5adc528c084593ecb84b15df085a49c945	f3c1bec90251666fe312aaec675b97db0fb17975c4c78ae1677a75a92b392414		
2733	out4 - modding/layer_378.png	raster-fallback	0	raster-asset	c35e99fd7cdf3d78d6e9f334a2075000b2f9ed60f9e5e241037c0f0394cf3bad	b0dbca7eb53dac3807eb05b3d1b198ee6d8f33e45f71cfaad2711749b890a998		
2734	out4 - modding/layer_379.png	byte-alias	0	byte-alias	347bface0bfb941d7ac474e132c6269027ad6b6dfbb891490fe4293bea6c62fc	d52881778e318ceaee8a2944229f582298ee1ae8134a65b793783adae6b7959e	bytes	out4 - Select Library/layer_379.png
2735	out4 - modding/layer_380.png	byte-alias	0	byte-alias	440922e12fabb01b0eaa1bcd10912cbe4363e5ed024be00c45b6a13af86edf5f	35f023f0eb927891804069a5a2316952f579d1f0fe5d7738fbe9a7df615deec0	bytes	out4 - Select Library/layer_380.png
2736	out4 - modding/layer_381.png	byte-alias	0	byte-alias	c2fa0a451a298e56149d358264dcfd1b9b4da960e4a30e8dbf8281624c7ba255	49a4c120a9869e9aa3698d99caf72afbc4bbca790db10180cd09ddc2dfa9c27e	bytes	out4 - Select Library/layer_381.png
2737	out4 - modding/layer_382.png	byte-alias	0	byte-alias	6003d516371b97377748ee4a3ac67947e8f4173d314625f2650764f813e34e39	2fcd754e45e2c347f5662e3e6dc0f3606c21c09cd31da513c4608495b394d9cb	bytes	out4 - Select Library/layer_382.png
2738	out4 - modding/layer_383.png	byte-alias	0	byte-alias	80d689956b07bde5ef5102a46382eef65c3946a620d049747f169e01c79302f9	a1d164248df0ed09d608d5d434f40b371a3f9c861ea1b625ebbcae1f48d63409	bytes	out4 - Select Library/layer_383.png
2739	out4 - modding/layer_384.png	byte-alias	0	byte-alias	c149fec6b1925b2f13ce072ef5808a2e20f7353386b5295539d12f230cc90a81	73af57a2002d62e40143c8baff08864ec65c1ec45260ec85feadbea4c1702718	bytes	out4 - Select Library/layer_384.png
2740	out4 - modding/layer_385.png	byte-alias	0	byte-alias	53b2f645c0cb9768d586511187e2d8fa6ee4e4a1c5da44232d920a99f6ae3a21	0205446c791a67df2541a23f1ca1362ff452ec62752a0fe260d80b3d0e79f3bc	bytes	out4 - Select Library/layer_385.png
2741	out4 - modding/layer_386.png	raster-fallback	0	raster-asset	3419ed308969af9c4a05e456d6b2a083fe32f1c0d1f0c772c21457fed75ce2ce	6c20075f1c727ca5f21a5c24e5ad3243ce2427f9109d01970ce4e20335086bc8		
2742	out4 - modding/layer_387.png	raster-fallback	0	raster-asset	04a2ecd16a2d99783835890eee3d503057d350109df94e477fdb267f80325ca6	c34150d91fda2df9270cf90a0288e11eea393f869a8f2955d68acc75baebab7f		
2743	out4 - modding/layer_388.png	raster-fallback	0	raster-asset	eb7ad0c6858a0767564bca231d69cc069013084ebaeb8e03e727b4bcf7fa48ac	4fc7204fe38305f21b597a44b09fe1afc90e66532d45d4d5ca6d5e61983556d4		
2744	out4 - modding/layer_389.png	byte-alias	0	byte-alias	7e3cbeee4081c0d07e5095ef40d8c3ecd63a1b8ccf825f0df9cece6b4943958e	46d8e72485b1619df8daed2ed16a5308e12d8aa20dee70d4e07faea108e0bfb8	bytes	out4 - Select Library/layer_389.png
2745	out4 - modding/layer_390.png	byte-alias	0	byte-alias	6e9ae030915591cca34eafa6f70a46ad0d0549458651b785506f0de75653a28c	72d8adcee5686462de75cd00180c3c45568875533fedc94bed88309ba5aa586c	bytes	out4 - Select Library/layer_390.png
2746	out4 - modding/layer_391.png	byte-alias	0	byte-alias	004e62bbb0c510895f463f44c315ba714bf40972163a9704f62efe4dc7a182e8	7413c1a51231831d290ddbb6abe1ab9f5143f0f509521d577118f23813a9714e	bytes	out4 - Select Library/layer_391.png
2747	out4 - modding/layer_392.png	byte-alias	0	byte-alias	dc66e15f36cc6dd0aeca31fd6040f28d242ddc7f1530a4eb52ff851522248e76	150c5626e7a965b86c0baae55190db3dfc927ced6a9dc55680b5266f43cbb763	bytes	out4 - Select Library/layer_392.png
2748	out4 - modding/layer_393.png	byte-alias	0	byte-alias	412a589bdb0e863ccfc7d7b9e9a7cb2efd0937c9f584afe712c50cc2631ee539	bb599a5032d48b73f1f79405f4fe159dd94a8eb610646f803bf0a78859a0ada8	bytes	out4 - Select Library/layer_393.png
2749	out4 - modding/layer_394.png	byte-alias	0	byte-alias	649c7c26e114b17f60f786da8e6d0fc27c2c3c5c3b37f3fcf9eccde38574c4f7	92830942b9e7f2adeb2971e48922f08324a14619e71d61381cd159d7da4cc316	bytes	out4 - Select Library/layer_394.png
2750	out4 - modding/layer_395.png	raster-fallback	0	raster-asset	5665c1ac8c26d2811436dca9dbdea917532ee319b72a04b32589ae3f790f8b3e	972847c5af84a1785939df45addc3ef9c222c50ae9d34d584b83faa3789764df		
2751	out4 - modding/layer_396.png	raster-fallback	0	raster-asset	e7ab8d249a9ebda863e17111cb98d307ffa60a3fbc71887ffffcf92fe23b46ca	3faf71a9404c2b7fe6b8fb8721cf6c15b141acd6191d745fb03edc20b67d9589		
2752	out4 - modding/layer_397.png	raster-fallback	0	raster-asset	8ffbc52d434bd1bd81ae799844491e334a3b172986ac5058a91939befb2803fb	6989449143918fb196fa09bb0a7a8c7248f207358646be262a27c5b3f1abff05		
2753	out4 - modding/layer_398.png	raster-fallback	0	raster-asset	4fa6a981d29e39bdeb145057bd64c3a03c5959d262cfdaf0f755b13753025ab9	03eaba8c40f7f2b5ac006ffe98d944bbc6187fe47ec285b09cbdfb046f7372b0		
2754	out4 - modding/layer_399.png	byte-alias	0	byte-alias	b5b2d52d2b3c2f7474455252bb160f995e0c3aefbacb975a3a96675387d8cd6b	667562f31711ca7bf9adeccc955a48ea622ea87bddb09dcfd83ac87e241afcb3	bytes	out4 - Select Library/layer_399.png
2755	out4 - modding/layer_400.png	byte-alias	0	byte-alias	a7fe870112fe5eb90620023d9c1d0f3e84dc6c33ec21eb4907ad00a3315b7dcd	7384da5955ab44ea19c38e01d9158609ca73f6155a508403178e92c590a3fe76	bytes	out4 - Select Library/layer_400.png
2756	out4 - modding/layer_401.png	byte-alias	0	byte-alias	f9e689f9b08c244a5f3d60ff9ba616ee4e1008fb37be76c937ae4ecaa2a66920	6ca8b37c3581b764113359bd01e2453eddbe0d2b759a858b143d6752c2e361e3	bytes	out4 - Select Library/layer_401.png
2757	out4 - modding/layer_402.png	byte-alias	0	byte-alias	df3d9ab55149c0b8f5977ada164cb432c067d6cf65433895133b9e80bd5760ec	0d2fe580c1bf232e490cd62655dd87328b05dec9c820a06ab2a5f213f145e5a7	bytes	out4 - Select Library/layer_402.png
2758	out4 - modding/layer_403.png	byte-alias	0	byte-alias	1d8f36c12cc6e4f76e1374cb1beeca215bc40a650131ff6f471981a08c665229	4f328db6949b6ea4d3dd14c7527e3f1e16d10c124775f2a859f970d344f3338f	bytes	out4 - Select Library/layer_403.png
2759	out4 - modding/layer_404.png	byte-alias	0	byte-alias	b92ac3e491d04e03ce2b924f6f479a41fb18113ee19044fa90cbfa541eb3e12d	be7d2830e2fe9f89c3576df196e778f317a170beae2631503d7513e85847bca0	bytes	out4 - Select Library/layer_404.png
2760	out4 - modding/layer_405.png	byte-alias	0	byte-alias	71f8065ffc2eaa80cfda67cf1a2f99ba92b0d8ef491d7b8441fccfc4fd3cab69	2f865a3fd87cea368183d520c8ab1cca90260ac8356c2b0755fcb9d8914b1045	bytes	out4 - Select Library/layer_405.png
2761	out4 - modding/layer_406.png	raster-fallback	0	raster-asset	1bc6758e2e2d3153b4d44379258361a8c533cfb438b8c9edb08753f2c8f77294	bfcea5c486abceed63ec54801b7e2d8214e8f9077ce3189a011a5f97cb6da55c		
2762	out4 - modding/layer_407.png	raster-fallback	0	raster-asset	315c5f4ba670df26cda3ca24ac0914c07dfbc1e38d5cf024811eaba6f8d6f3af	7b8a36bb21b0f25a3008a83177d3dddcd4dfbfb73694ec1861e7237007f2a946		
2763	out4 - modding/layer_408.png	raster-fallback	0	raster-asset	980b1417095da74712685211d7db690dde192e3dcad3864064ff36244773f7ae	3488cece34da788550b5403d5f0f0f5c307360478bd93e148dc25ae8160d22b7		
2764	out4 - modding/layer_409.png	byte-alias	0	byte-alias	433fb4fc48194917416789340411b368bf1abac328cf4289949a44ecbcb54e30	61aa3b5957e78dcc072515d81f4cb05df3ffba3581b17e4f3d6ed2f3bfa6bd4a	bytes	out4 - Select Library/layer_409.png
2765	out4 - modding/layer_410.png	byte-alias	0	byte-alias	9410d25918d7140a9139ec10e78a51364a950ff5991a24d4ae193822601542da	d9496ed766e7fd515e4c39a65b156107d50ebd4f371fac9f2731a2aaadc03f4e	bytes	out4 - Select Library/layer_410.png
2766	out4 - modding/layer_411.png	byte-alias	0	byte-alias	ece64300bc12a2c0869fee601938e41aebec488be99a929bf49175c25bd3948d	775f25b3ef9ecb147637123326cfb57d44a1fd8f9b782fcdb042469b7b8eac4b	bytes	out4 - Select Library/layer_411.png
2767	out4 - modding/layer_412.png	byte-alias	0	byte-alias	dd98da5eadfb5d42e7708d8e931fc61d730f7b3ec539525a79692a602f77e3ab	883c7ee5eed8307026ae337abca9716f4aa6111d97a4f8af1300b0a692a5a798	bytes	out4 - Select Library/layer_412.png
2768	out4 - modding/layer_413.png	byte-alias	0	byte-alias	dccee7d663dd92868867cc4e1128548476cd1794da6e0eae54231d333e872397	821a04bc14b58c2ddebc473cda3f8a029996d522b1644c10b26e296e83bd60a6	bytes	out4 - Select Library/layer_413.png
2769	out4 - modding/layer_414.png	byte-alias	0	byte-alias	3921279387096eadc3e1b5660f58f1ae3fb5aa9e6243d8d0b2c1c25e37edc74e	ce26bc7c38e540e2415dfaa518d7565351465e713833abac5b9f1fde1e7e592f	bytes	out4 - Select Library/layer_414.png
2770	out4 - modding/layer_415.png	raster-fallback	0	raster-asset	61fa9c6e3ea1318f5561d93502d3d171f53b0531c323e94778c93fa15eb8f58a	defb34e51804e517172585df7dd979141ca51aa20b0db6547c7645004f4978eb		
2771	out4 - modding/layer_416.png	raster-fallback	0	raster-asset	3d4758cd248011dd7de0f34660efb0b4e1a265439ebe6567dcd472d6c2232dac	f188f82397e38c244fdb12c2bf817a5df62f270a196fe364c46dcbfa432a2cca		
2772	out4 - modding/layer_417.png	raster-fallback	0	raster-asset	84a98796081fe61dc0f056b7f81e39af97eb3980e30cfa2338948da83d3c6f66	7670944f4cae43560966d40c9d8d93fea84252f787a766a7cc5ac87fc8efcbca		
2773	out4 - modding/layer_418.png	raster-fallback	0	raster-asset	2fd53ef4db9b6a6fd30bdbac6cdcb54cd5a7c07e3776f6b379d7db67aea39d00	39f1c29be10e5c1cbc70968b27cc4597d47b7a1d846abb5add9ae56a4da5922c		
2774	out4 - modding/layer_419.png	byte-alias	0	byte-alias	995f200ce8373c765068c6b6b41f6d2203c7be9a9471e4a63dd28252d40d3da4	7726e62d6abdaf8ec26994ae4c3f990555ba29cccacd82c903063fae47ac9760	bytes	out4 - Select Library/layer_419.png
2775	out4 - modding/layer_440.png	byte-alias	0	byte-alias	f6efc740463b163a6eeb4f9f1f9ae97dcd38ee8da5e8dfb6db10c75c0d3f2607	5c155e2b5779ff07bdced2c45c916d92fac927bd134bf0abb24d649e2b6766e0	bytes	out4 - Select Library/layer_440.png
2776	out4 - modding/layer_441.png	byte-alias	0	byte-alias	eb9bda9f227c7006d18d4674e35f0f459b8d09740b4fdd30628898f1268245f3	a3a4f0fa0739c16906dee73b801f7777c8700988ff9777ec1258fd46c33ec0da	bytes	out4 - Select Library/layer_441.png
2777	out4 - modding/layer_442.png	byte-alias	0	byte-alias	732d998fbacb2eada44c40811b0c1e75773e5863356df28b618b83a8f70f68cc	b168842416e18d0f81d4acb58b5495dad49a81f017e7bf3855b0e3dc16f8521d	bytes	out4 - Select Library/layer_442.png
2778	out4 - modding/layer_443.png	byte-alias	0	byte-alias	ce48765cd0e7cec1170e41f94b5b7f3aa0c4f1a5cb0fa48cbb78f32f22ef5eda	47ab6d95bcf579b55816cb6caa7f59282832867bf8a6ce9d33f2a14da3cf55da	bytes	out4 - Select Library/layer_443.png
2779	out4 - modding/layer_444.png	byte-alias	0	byte-alias	5eb75acc329dd062a3695f747111113b78e52c5011c66778e55969b0ec42e8c2	b031afe2342b51e037c7821c1151b7dcb0395b3cb8fe93e7db10c20f6bc7df1e	bytes	out4 - Select Library/layer_444.png
2780	out4 - modding/layer_445.png	byte-alias	0	byte-alias	65b5c1c62e03fcc2f640d1c3255918f4ca388b8358c7063bb91ea7a90692fa78	685b4e464a56a6f441994bcff2cb7b81f797a5e8e1b09a649d6dee32524d663c	bytes	out4 - Select Library/layer_445.png
2781	out4 - modding/layer_446.png	raster-fallback	0	raster-asset	feb962a15b75b7e4c6786510d1d176f06e53ed994900278fc55a80662f5fadbe	724a355314a1eeade40ecb81193706269e3dea29c0ac1a39e3cf05de20b072bf		
2782	out4 - modding/layer_447.png	raster-fallback	0	raster-asset	2888bd5d8eeb1e3e679fce911891668b7f06233a8708ee277ec3c36a9e153ee7	f6ddc113d2d1776356123b223bc381807dbf4a49fbc95ccb09457269cb18af64		
2783	out4 - modding/layer_448.png	raster-fallback	0	raster-asset	aeb8a75fd330f28951355ab5877e497a0a95cef5d1f7840c285dfd68e8762602	4fedd5fd60a018f8df4b6aaaaab79d14a75d00a10e5ac5451ad36a881e255e98		
2784	out4 - modding/layer_449.png	byte-alias	0	byte-alias	5653bf8d7e8f3dd899fb54d1c1de6c07936fdd7ccc810483f4527abfc56074d9	960acf4a03bf7092ec23c71660c38f556ad8653a6b3a16ab4f0a694c4c26cde0	bytes	out4 - Select Library/layer_449.png
2785	out4 - modding/layer_450.png	byte-alias	0	byte-alias	9d07079a9d612bc92b11cc500668ba512d1bf21678440473418623025fc987df	f67737a2dda55cb6e1398bf6987a37cc92ba150af77d2cbea87ecb28da1a4110	bytes	out4 - Select Library/layer_450.png
2786	out4 - modding/layer_451.png	byte-alias	0	byte-alias	ff96717e33710156a3a874294b0ac947b3f2a033b6593e5cbf13e00c1c7f46d4	600a49521ff614c1f1175ece0c44b1549f0b869722a46ee2b9b601a1de357def	bytes	out4 - Select Library/layer_451.png
2787	out4 - modding/layer_452.png	byte-alias	0	byte-alias	bad71a284fc282965bad5176061c8471093120613637b30585860ba57a3479e3	8574fbbb78bc9d42c02649b949001ebf1e755435c0b318a6e8e1a069acac0d45	bytes	out4 - Select Library/layer_452.png
2788	out4 - modding/layer_453.png	byte-alias	0	byte-alias	3d12fe98b88e7ba428f518a156c08487075fc1bb55688393b3606d621137e486	cb0d84a403da28bf8bded0399debde4dc8956ceca164621a744ceacc1625b9b6	bytes	out4 - Select Library/layer_453.png
2789	out4 - modding/layer_454.png	byte-alias	0	byte-alias	72977e752ddc4ea9e8e88c3196d51a571004838519d52c9f3dfc17bbdf0a1ea0	41b9c043916b7fe86245446a46fb9b45fb14e770fd76cf57932f74e364aec8ff	bytes	out4 - Select Library/layer_454.png
2790	out4 - modding/layer_455.png	raster-fallback	0	raster-asset	0a7ee488be1f5c1763992738f5579f9e9c0ba35ca66850a523e648354baaf196	57f404c25fd37ad276c19cdab364bea4f7fe95a3dd4dd6bc0f9240b65af66a2c		
2791	out4 - modding/layer_456.png	raster-fallback	0	raster-asset	6e7a7d39f0685ae5de31f74a1c7c98c9c2edd4f6d2273c5ad29abe08852bf022	e4b1b719901af6023af6e1492ca98c0a07d0897ab4c30af06490a588a0714205		
2792	out4 - modding/layer_457.png	raster-fallback	0	raster-asset	1680569a8efe7d7a3d408c32b90660a820c70a0f02f44be3476c9f327a6ddbf4	b3d25f586aeeccf1899fbf8d1609e7c904ec9f907ac0a637c874dd9f529690c6		
2793	out4 - modding/layer_458.png	raster-fallback	0	raster-asset	12e5671e2d787697aeb7fe796e99dfca295c0d7d8ec46afbec0083c4a98466bf	74460e0e18b95276baf612b0522df1e808793ec09eb55f0fbf07f7843f35078c		
2794	out4 - modding/layer_459.png	byte-alias	0	byte-alias	cb600a01887d489ad5a17ce8e106366d2b78ac24d48b71e72f015d87d9b4a0bf	3111b44b9f726d10ab46e60dcc7de742dd8408a7e0fc0b4b3e6aa248debe33f0	bytes	out4 - Select Library/layer_459.png
2795	out4 - modding/layer_561.png	byte-alias	0	byte-alias	c055622657d9d56c9a7091be2f95fbcafb4238c3f99d27dd1f8dc52714b7da47	4dc7c5ed848f721acb3d72eb9a3f36f7c1da71c75bc359c54f93f6249e7d032e	bytes	out4 - Select Library/layer_561.png
2796	out4 - modding/layer_562.png	byte-alias	0	byte-alias	ecccfb90f55cc2b7fdd954abb7af8cd859d1c4ec95d4f9a0500b177d2edab101	4bd10dbb45245520fa9afa013ce47888aa1bbf2a78549503e039a4ac39e95746	bytes	out4 - Select Library/layer_562.png
2797	out4 - modding/layer_563.png	byte-alias	0	byte-alias	b364fa0400d0d830648105f71746b5f3f214fa56dd90027ec7ce4484f275bd3c	8345d46f536a30145d6dace3357bf06a775d71aafcac090ae4fa8ece6c47b6af	bytes	out4 - Select Library/layer_563.png
2798	out4 - modding/layer_564.png	byte-alias	0	byte-alias	2769bc31e6f3c58355980408dcd174ab1ca42d7a0405d339b340559e3d0c7594	9f37655f7ed40adb8d1f31f664606c4075ad7043bcc9da1cc665d6b74537a877	bytes	out4 - Select Library/layer_564.png
2799	out4 - modding/layer_565.png	byte-alias	0	byte-alias	77af41e114ff5d1b96e878575da575d26678805482cf1f65ef3187cdd48d3596	bf29dcd868849341b7b9447e496b22494906aa50e0423266471cef010dd52901	bytes	out4 - Select Library/layer_565.png
2800	out4 - modding/layer_566.png	byte-alias	0	byte-alias	4651456d474cd36b3b1d09ff8f4e3cdd59c6b0eec26248153be7240f806fa276	7cf8999b116d05f306a0e609cd2f512cfb55536bc8efdf739dc4c6f594fad313	bytes	out4 - Select Library/layer_566.png
2801	out4 - modding/layer_567.png	raster-fallback	0	raster-asset	b2bcc762d2081de678b57e30a77e711902fa71d1a44c62ccead9e3992774eb86	c6c7df8bec58bf6390470fbc1260150c7847dccede31f4c90a0c3b28f9896906		
2802	out4 - modding/layer_568.png	raster-fallback	0	raster-asset	42592796db9268211bc4f7e8770bb34bf50cae088a71e650a8769daf231cc4dc	d5cefbe258f0fe093d44b47db188047f569e0ee6c31c7ff3f0a036c943669e83		
2803	out4 - modding/layer_569.png	raster-fallback	0	raster-asset	cbfac2e386317b6897ded1cbf85722017588ee36fcbad5322d4b5f37c7139955	aa5b85810f983294151496519db33c14fa05e389d3dd40c385a805e5425d997b		
2804	out4 - modding/layer_570.png	byte-alias	0	byte-alias	1c685017ffc60fbdbb7a1a191848483f0a5021f897cb90a95625d0caabf742f5	021b43a8b34223fc5ac730571bc1b3a32169248a6702fd58695d9ed1fc4afded	bytes	out4 - Select Library/layer_570.png
2805	out4 - modding/layer_571.png	byte-alias	0	byte-alias	65e41fdecc9b71c0f9494561ab59c752b1e9c64c02928fa702296bdf9c238743	67e9ef488bc8a734ceebcb8fbf74dfbdf4b193cf45f07fb8f94115e57610b1a7	bytes	out4 - Select Library/layer_571.png
2806	out4 - modding/layer_572.png	byte-alias	0	byte-alias	92779bb4c8bef7a3590cbe9a1421dff60771533d733194424698d0c94ac47829	607fea3a258e6d5d2a650be0779a80ed401e14669cb95eb5fe9bf92fa05a1197	bytes	out4 - Select Library/layer_572.png
2807	out4 - modding/layer_573.png	byte-alias	0	byte-alias	3b0f77a0aff302156411071b94ed33bc982a82bff0b5a2df96a5592de30f1828	c13fe23f7936243fc7d4e0f8fe5d103410c6e507cc3f2b30a7a6ab680a4a9999	bytes	out4 - Select Library/layer_573.png
2808	out4 - modding/layer_574.png	byte-alias	0	byte-alias	6a2eaf34d23dc6ea08718fb77a2346a00389a5dc13eb177663b061f50cc7cca5	d5cfb0595b13c2e8b5fa9b45de44d59368954dd96b92ab7b753609e53c875876	bytes	out4 - Select Library/layer_574.png
2809	out4 - modding/layer_575.png	byte-alias	0	byte-alias	216286cd99f5164abef9571d95ec118e5437291a98be4d24f76c0795bc64ff12	530f2383da0b43e9e17af45aec9abee5192a2c200137d610af9122e87cf9b53b	bytes	out4 - Select Library/layer_575.png
2810	out4 - modding/layer_576.png	raster-fallback	0	raster-asset	94781d0ab32d2a51fd16813915be67f8c520e7010635fb590459209c5f8af86e	5771c67aee81a1c66aea98ca4e1192413e8fbd584e158bb6397dbb30b94f94cf		
2811	out4 - modding/layer_577.png	raster-fallback	0	raster-asset	7550839e37484170b949d3ee56e2a9928f0a5127b2e2ac60c5bff0d3a428d3ec	6598be1a434ec832d33cebef808186f4385242c5332c463f3ba830c2e559c78e		
2812	out4 - modding/layer_578.png	raster-fallback	0	raster-asset	880d5fb4f4c9a69f8fbee3a8eae20ca06c7ac1d1ea64bfb03c6d41f5d8b3695d	51f39f032cc0182f6411391ec2a19db668147b6aeeb039b51628f5bae52037e4		
2813	out4 - modding/layer_579.png	raster-fallback	0	raster-asset	b16f4954851f752df4f0b7a291ac3097a7337c121c605d92ddac83535dda0e73	a695dc879b28618e745d237354839fb91f958f9a9a94dba60ef9e7cc2fe31dd6		
2814	out4 - modding/layer_580.png	byte-alias	0	byte-alias	6d81a03d982eef6499722b231e7bc285df5d620322bfacdce6151df785980ff1	7e451b4b84f4e5a7887fb17b9a78f3707cbf2261a9c960b808e8060e1081511f	bytes	out4 - Select Library/layer_580.png
2815	out4 - modding/layer_581.png	byte-alias	0	byte-alias	f84ebc20d403c515ad421de07d6c5d1793525e5f959c957d4649d57758d3e0f9	1f994c80a722fc1db0523b2f5a96c3260ef9d3c51e9453b023e0932b8b49ab18	bytes	out4 - Select Library/layer_581.png
2816	out4 - modding/layer_582.png	byte-alias	0	byte-alias	76999d78a07a3d92e646ddc4fd37263a3dbf4bdb27825269b1e42021ab996101	c4ad0dcfac2143ce4832d7c7cfca2c259bc38d16e41da247902db0ce1f55f5e8	bytes	out4 - Select Library/layer_582.png
2817	out4 - modding/layer_583.png	byte-alias	0	byte-alias	f01e8b96b943f722a4ffacc41fab3087ecf4fd2fc51941256a81a6577dad80c6	6b6ec2b382ac90badb38a2bf257d35d8f1a1c6bde68360cdee1f0858c4ab258b	bytes	out4 - Select Library/layer_583.png
2818	out4 - modding/layer_584.png	byte-alias	0	byte-alias	5357cb3b8e07379a7015104a77320901e51c59f881b469d8c4a32523428e312e	c5df3ae93eeb64b1d8bf27e403aa2e3a0db27d9f7ddbd2fd2267da2b17931a2c	bytes	out4 - Select Library/layer_584.png
2819	out4 - modding/layer_585.png	byte-alias	0	byte-alias	b585b2f7ea11c6d44c9277fe7204c343513ad3a19ecaa7ef00263e55c5c7307c	461b024b1f1bcab06bdb953ac921d99c96759b6dfc26fa58610500f3b5ca94c5	bytes	out4 - Select Library/layer_585.png
2820	out4 - modding/layer_586.png	byte-alias	0	byte-alias	5b6f86b2e1f45effe9188cb34417574480e8e31320ed4249376fc0997fa72161	23f07ec3546bd639d120b2f75e5a5799366c22d15169b1e18f0037bf045f4e46	bytes	out4 - Select Library/layer_586.png
2821	out4 - modding/layer_587.png	raster-fallback	0	raster-asset	063db345113e1e2322fa6cc5d2cdf15d891d3af24f24af71ac0f9e0dec4e94c7	f184a7be86fe571821a0dc85d04fea226590f74abf9fe49d4f57e33a71986146		
2822	out4 - modding/layer_588.png	raster-fallback	0	raster-asset	e2d68a3b76e147be6026d356a201ec996861b9fbd337016ad93c577fe7898ebe	c74fd10f27a5325c4b0596ff748e254bb87df72570788722a1fcca66d66df119		
2823	out4 - modding/layer_589.png	raster-fallback	0	raster-asset	f779347fdc908bd83f82662a1cc1100f1e3c66ef3d8812a470da788f3efecfe6	a0e08f786a91ded7053246b6efd22cde707befa985b16496195dc2a890b79799		
2824	out4 - modding/layer_590.png	byte-alias	0	byte-alias	5908d2674ecc20a6939196f0e09d8bb2921a605ef5db693333dfa37f261497e4	2f27cec2cf43c6958cfd5d1d8df00f8adea6f2c1177a39d2473667b4b899b7c9	bytes	out4 - Select Library/layer_590.png
2825	out4 - modding/layer_591.png	byte-alias	0	byte-alias	c860fdf61a92a892dc21a4ea9c5bc621a8ec9bdfec0658a3fd8269b92e4c782e	99374404b1e2304a6f06453b67ee1daf62397727458e14499a3b377102a0be95	bytes	out4 - Select Library/layer_591.png
2826	out4 - modding/layer_592.png	byte-alias	0	byte-alias	c8ea1531213accef53313f84f6ffcfb1834498b0ab1597177da0027c5f942c8b	02899d0714a889fba23727b8053e44a73879d870e231ad68c0a20c9959ffc21e	bytes	out4 - Select Library/layer_592.png
2827	out4 - modding/layer_593.png	byte-alias	0	byte-alias	f16c93634baeba675c676e9f7a2eee200a1a2504d68a83e32ef13dc5fc371f3d	d675459692133f25987c7a053f9264c334e594cd1a7127a6443c589746e7c4ca	bytes	out4 - Select Library/layer_593.png
2828	out4 - modding/layer_594.png	byte-alias	0	byte-alias	2ba7c27652d3c16b4474f717e01657d5444c118d28d17e9246c7259213d39fcc	11f2a64aeaf29103957dd88e5c4e51cc6ade9d736a1097ea64bbd9f7536ee41f	bytes	out4 - Select Library/layer_594.png
2829	out4 - modding/layer_595.png	byte-alias	0	byte-alias	3b4a12181b5469af6567667d3b761e77a74a3b4e422031d998932dcdca1f0551	8e516abd9dd26e6358c10cdc64f5a6ca75d4834ae838eb79fb409a6472eacb29	bytes	out4 - Select Library/layer_595.png
2830	out4 - modding/layer_596.png	raster-fallback	0	raster-asset	003fa53b00d8a3aa2a18f4e643a66014e030de8631028f36e2e82e52cb4309d0	e6179da5877dc72693125c7aa844b74b654cda1bd33ace9631e5cc984e7df9de		
2831	out4 - modding/layer_597.png	raster-fallback	0	raster-asset	7e7620fbb3ff039f382fdd615c410bf380c9eec67092cc3af25fdfe7e8f97c4b	0eb56ed14b19110b672099de99f16aefbf75cd72b53b9e842d6db0d3011e894b		
2832	out4 - modding/layer_598.png	raster-fallback	0	raster-asset	c91c7cab3f46b7078d224be6dfa1370c586e2aedb22fcc1cd49a602f8a648f5d	37347e4a693e61f7f45bdf80532c239049bc260178f5f80db031c8d932726697		
2833	out4 - modding/layer_599.png	raster-fallback	0	raster-asset	fbd0327ef74783083273570deb437e6c9302db82edcb36ed5507ad2962674d9e	8a260900b3aa3e37caeca20635437d46e436a43cbdd2183b44b7bbdd18187273		
2834	out4 - modding/layer_600.png	byte-alias	0	byte-alias	b89cc0ed272dc9826df0e3a42f1f76393e2b1586626c3198af3e52fb1f5210fc	8951abe5198af36f4137d1b9a4b55e550914f9fc1db1216fde8f40bc12e5b833	bytes	out4 - Select Library/layer_600.png
2835	out4 - modding/layer_601-1.png	raster-fallback	0	raster-asset	e54d051a5c9ffde1d841ce26de7ca7451516f39bae9a35034ae31644c00ef9e4	a447c31f7bef597f541c26534e870027dd06596e89bb5d04ad7fa804ea57481b		
2836	out4 - modding/layer_601.png	byte-alias	0	byte-alias	d1e2d266cd802d27c2ed40eed066726cff37d24db9ef785475c4ea2c1f70fab6	e4682555f6a39d363edef981c205cac553bfa6b4d0cfcadc891e3e32e9e09d2b	bytes	out4 - Select Library/layer_601.png
2837	out4 - modding/layer_602-1.png	raster-fallback	0	raster-asset	e656b055e5327a0c38935e0d49638682ef17eed11157994272b07673d1a0ad93	897eda98aaab29c2aa7bcd897ecb00257714b92121c9409352ab2a6fb4a83076		
2838	out4 - modding/layer_602.png	byte-alias	0	byte-alias	0922c62572eeb119e4a3d4240d374079af6a9ba5320e24d2d8421520bf3d6309	47cc3bcf7059984f74555b50a50418902c6aa5f3d1d3ca168a214ded3b1bc7ca	bytes	out4 - Select Library/layer_602.png
2839	out4 - modding/layer_603.png	byte-alias	0	byte-alias	affb9c6f17ef78b91035d212f74f1de1b717a903dd1fadd07f14d600b568bd1f	0802ee0a02223df582d23e0acf641b52a0e212b8acec5fbd3d1a3d8ca3869880	bytes	out4 - Select Library/layer_603.png
2840	out4 - modding/layer_604.png	byte-alias	0	byte-alias	c320ff68d44bc1d5b37544fde53e3d5a7e84835edd11c9be483beee08c2623c8	a26895b2e7eafd517404b2fd09e0520a9852d1be7b619bad99cc60b9a43b3648	bytes	out4 - Select Library/layer_604.png
2841	out4 - modding/layer_605.png	byte-alias	0	byte-alias	5a6137450374ae4d89e2cded43dca47a00aecc1432ee91de2b9e48e479ac2083	81c328ebd48035a259f43ece8283aa76393d5f0d4ef3d0455e65d1c653039172	bytes	out4 - Select Library/layer_605.png
2842	out4 - modding/layer_606.png	byte-alias	0	byte-alias	79309c4296809ee6ba8ee640de21f51e93e6303747c1bff00a8cf2d59c0b2f91	209c8853d34f45a91e6a85e8784c2060922b2caadb313c360d94753d1ee30b80	bytes	out4 - Select Library/layer_606.png
2843	out4 - modding/layer_607.png	raster-fallback	0	raster-asset	959b084caa19eebf88764170b9b3d2bea57ca916cd0af0f261d48ed1c1eb3e1f	39d95d6a1db640614a3316490af9fe5cad48ba6b241ae7e12faa90f0fd7e510a		
2844	out4 - modding/layer_608.png	raster-fallback	0	raster-asset	e7efd796b9aacf3f00068b7bc6f20398fb537ccc05fefacb133f409ba55cdc1e	5b82f73c61c25c3bb7de5b5b29a348e76e6f8717e241c5f724cbc4307ffcf69a		
2845	out4 - modding/layer_609.png	raster-fallback	0	raster-asset	5d957fe4ea9f4d2aa239784cd0dd521649922b45403cd7276796c9d1185e8f7c	04d3ac58a77b14e3c112bee2087aca5153c6b4c7e01b90c7cf2307674d75fc8c		
2846	out4 - modding/layer_610.png	byte-alias	0	byte-alias	4197fdc8dd4f62c57a105a43b0c36d0d1b35642e1c11b723b6a94bbd25651683	bb445ad9dd168ebf5fd03627d77cc7e57aeed0dbd7864947801722134ff3d669	bytes	out4 - Select Library/layer_610.png
2847	out4 - modding/layer_611.png	byte-alias	0	byte-alias	7d5748e03646dd4697d554c676c6e47a842c9426f14897546f7748f5091c5086	8ca4802891ba7d4690bf3cf0d6a872e7a704f3de40688f8fd0532d03ac484476	bytes	out4 - Select Library/layer_611.png
2848	out4 - modding/layer_612.png	byte-alias	0	byte-alias	920831e6e5836bed93fedfc6fe3aaae4627f5622f302d4a33cd44dae77d7cb6f	8f527ade2a0fac21d071a343e40f12e9932afa6e9735bf852cc669f8704cfea5	bytes	out4 - Select Library/layer_612.png
2849	out4 - modding/layer_613.png	byte-alias	0	byte-alias	45cc21faea67d508e0b702760e7108a516d5cf284f5609557b99436767871dc1	e5ea4500a432f4e167b7ae6896faa55ebcfb0b7c2cba5c49ebdab54d56b9f04b	bytes	out4 - Select Library/layer_613.png
2850	out4 - modding/layer_614.png	byte-alias	0	byte-alias	907c5e1cfd635da014c27c4e5c48129130175ff88f43adfbc64d1e5d3dfcd87a	74243732fef3903a0082c7535627d306ad56790d7a5e857fc66fbd8e93d29e3b	bytes	out4 - Select Library/layer_614.png
2851	out4 - modding/layer_616.png	raster-fallback	0	raster-asset	aa1381b4ae2ef4238e6e38e6029f36fba17affdf4bbf07b05f43e618c716d5ef	a3e05b1cdae125a625e2d5b97185e8c0792816bc3ed9f8b631d472399cfd8e9e		
2852	out4 - modding/layer_617.png	raster-fallback	0	raster-asset	de70854d4241063075502badf288a5e65f7939cd060d11488c413deff1d796f7	a63976a014d795fa1e33b8cd1613848bcdc5c223d122159b31577083a7d237c9		
2853	out4 - modding/layer_619-1-1.png	raster-fallback	0	raster-asset	78ff487dfc4c2d1e48025393d01015f3b9d61a2f547c164c5f30c1c087f78c6e	744c2d93648df938a2901a6b7f8e5565a66dc94d2705d65a2e959af1f4385471		
2854	out4 - modding/layer_619-1-2-1.png	raster-fallback	0	raster-asset	46bdec67f3b049bdf255c1eff46be0a3c5087085fd15b379172792186cecd546	141b1b7f127d654f375f570fb64bc5b39b6e09d5fc224057028d52e226e5b2bb		
2855	out4 - modding/layer_619-1-2-2.png	raster-fallback	0	raster-asset	bad518e4d9e32909b9230380bd7abeb42745e6ba9b82ab3857a6721c5ab138dc	5d92a1c576cf90ca7a253f73b1a8bff4b2dbbd6c103ada8ec96b2057677de056		
2856	out4 - modding/layer_619-1-2-3.png	raster-fallback	0	raster-asset	2c61a0f9321a58f1d43de4c57f10e4fc87df26bf3ff5f6fbe5814449574e53b6	cdcba08492fb4cd15878917cb8d3228afe347b5d98cb8c5f5962a5d39a3cf6e8		
2857	out4 - modding/layer_619-1-2-4.png	raster-fallback	0	raster-asset	ca74bc6a91b16163d141d3d67eabe6e657e258d1efddad9963c2838b7a6db737	557748082fbcb52a759c78dd601fc91adb4265c675582f7668e0c79e8daeabfc		
2858	out4 - modding/layer_619-1-2.png	raster-fallback	0	raster-asset	32d24aa86a2fc1046f87780d07b707c96011e300774dc50745890401af7e3a5e	33e6be70cecc537ab2d1fc1d89273793a59f495b5b3f0dd7e3796983d460799f		
2859	out4 - modding/layer_619-1.png	raster-fallback	0	raster-asset	c3b6d81d56ef6b0a90fd843b972cdcaca86c4f6302b282ef9b20981f7301710d	cf337182b336ab8bfa4f229c6038a6d5ac6c894e49c77ec4ed24699106dfbbf9		
2860	out4 - modding/layer_619.png	raster-fallback	0	raster-asset	2f8e8225278f82667defb3f2a6ec7c4f441fe3176c2b070c2946b9f99e678868	ea35742d316354a4dbbdae2641cb0658b5d0acd9bf781595bcaf323a1117d6ce		
2861	out4 - modding/layer_620-1.png	raster-fallback	0	raster-asset	4b362eab1bfbf77021e8256e52f31f239442ccc90178289259baf18b92a4f4b9	60f1b249b5e2cfe63a76f2b33f5c9d07d86de4257edb28ffd945b2b62727bd87		
2862	out4 - modding/layer_620.png	byte-alias	0	byte-alias	3dc3ad5a29012c88ba02438cf3e2fde61c45b6462905c53d6a03d4bc6c132126	52abd3d8b85d057b09e6bb4253276b270f253eb31483b7c5bc29a3cbc25de18f	bytes	out4 - Select Library/layer_620.png
2863	out4 - modding/layer_701.png	byte-alias	0	byte-alias	ac50d2d5fd12b034b0685db6122f5e4eed5a3f7b1f1286ffb12c5c39680f21e0	902adabe415cf17156b8d20f6abb34d18a5ec5651a2f2ae80c42ff1fc3c95b61	bytes	out4 - Select Library/layer_701.png
2864	out4 - modding/layer_702.png	byte-alias	0	byte-alias	f4ce74d145689a2d267b3bbdc6364c7cba6339ad2227b212e3b343d3b9bd27d7	0e8bf26faf7d3327677c6a217b6f6fe557a7b12538d8fedb70b73c36c4747157	bytes	out4 - Select Library/layer_702.png
2865	out4 - modding/layer_703.png	byte-alias	0	byte-alias	f75b21391e8a7609a7d4625acdd33dfbd20655d9416556372751fb420551b244	44811073332d264bd11a42bc9bbbe958b9eb60051fc2730e60df83fc73eac181	bytes	out4 - Select Library/layer_703.png
2866	out4 - modding/layer_704.png	byte-alias	0	byte-alias	964c2cff5f935b4cf44b54510bb4ef0ad85ab151b0d28cad50c8ed3b74c05747	5f1e8c9921a6cc3cbc88c238425f17d78dff2e3276958da616257c379a4bdcc3	bytes	out4 - Select Library/layer_704.png
2867	out4 - modding/layer_705.png	byte-alias	0	byte-alias	a4aa6532fd2b611981cf1cbb110c601717b1427a5f4bc8ee1c4ae47702de37d4	1896f2e9644efa50ea47f15b7371f9f84691f969710ec66ca1fac97b44a5cd2d	bytes	out4 - Select Library/layer_705.png
2868	out4 - modding/layer_706.png	byte-alias	0	byte-alias	ee5abba3fbd1426af034a0f5c977fdb8eba508a5703ff00233274f72cd1baf23	3b97b8c67f53f2f933fba3b78fd8c480586e734b4e1aa90f3d7432d58bc53a4b	bytes	out4 - Select Library/layer_706.png
2869	out4 - modding/layer_707.png	raster-fallback	0	raster-asset	19a2a8a1ea097175a736b2b1374e8e116be0e9860f142d156738a74184d1c0a5	3cc709e1336677c88b6cd542eed2e1cafb0d459fd83dc3d2cd61b58ccf16a0f1		
2870	out4 - modding/layer_708.png	raster-fallback	0	raster-asset	3b836a09fe1a425e018fbaabeb07c075116c3b3e3249d86ab15d15db64507314	ab5b2f768d6e2247aafbd594669de4ef9a9aba40d2012d670042fcd38dac9b73		
2871	out4 - modding/layer_709.png	raster-fallback	0	raster-asset	397830f9358f83c0d06fc382ee7e84fc5252f56243f2109ea64160eab5605496	07a76641af7567ca08483fb164cd6a4028cadfa436a361b446b006a7ef700fea		
2872	out4 - modding/layer_710.png	byte-alias	0	byte-alias	04ba2861d0e9371737023e27458a735ccf65f3cdb51b54ee30c99b2f47d155ae	8ad0faf65da42f6c07ec3756ac190f22354fec29ebc32b783ca9d0827e93b6cf	bytes	out4 - Select Library/layer_710.png
2873	out4 - modding/layer_711.png	byte-alias	0	byte-alias	b4be438d16c088e37c20f468a896e0656f7b871a0c724bd4dfd3f3ed46aa6533	4a09ab359e23e8a6c65fb8f7fc99bdbeb5bd98e2aebade0cd0874c70bc565cc5	bytes	out4 - Select Library/layer_711.png
2874	out4 - modding/layer_712.png	byte-alias	0	byte-alias	5c67c6ffc10516dbec695534182abd9520abb29f15ff30f42f1ef9598592727b	0db2f9c46edd2b3f814de4e6e9ffb99fcd9eb2cfd163f14036a907121a0a39a6	bytes	out4 - Select Library/layer_712.png
2875	out4 - modding/layer_713.png	byte-alias	0	byte-alias	9ce782d520dea46de9fec02b5879ef9a4a49ead44ed7ac0a031b86a6dd26f70e	fd65342ff8bd7f5bf96ce56582a9b16dfe0bfe348a054d41e9fd1a1903374756	bytes	out4 - Select Library/layer_713.png
2876	out4 - modding/layer_714.png	byte-alias	0	byte-alias	0fa831b2a51f23027b4abdf522a95298076a3bb53589b730c442f84d66f749ac	1a1523ae1a0f14f43f0eebe6826970ac562a6dae6742fe1c8fe3c447df29cf2c	bytes	out4 - Select Library/layer_714.png
2877	out4 - modding/layer_715.png	byte-alias	0	byte-alias	7fe702922f086835a1a6d94f959daeb5bec103892ef71068410ff789aba91c5d	314ccc300439b77b41124ff31beddf1bc378b45ef587eec5eb698db0e912c5b0	bytes	out4 - Select Library/layer_715.png
2878	out4 - modding/layer_716.png	raster-fallback	0	raster-asset	14c653958926ce22ad1cbc02750004a43a2b657f3353085dd4ba60922554a1ed	1788862d9d233091374f8d491626853bf547aacc3c4c591ba2514eca4a8b4855		
2879	out4 - modding/layer_717.png	raster-fallback	0	raster-asset	60d2cc512642302e18ba41540b476fb08704b792b4c0023b2e836e8cd4de90cf	04f8830e6b506bdb41dbac0cbc42559d3bc61a3df48a6e8875b2b8a12f9187e8		
2880	out4 - modding/layer_718.png	raster-fallback	0	raster-asset	8b0ae24d71a0c7832893c1fc3cfd8f5c6a8a7ad3321148bb04cd73a75dad8c96	d3f5736cf6fd41acc1aad2bfbb879e83c2cd636115e263416bebd79ea669e0f1		
2881	out4 - modding/layer_719.png	raster-fallback	0	raster-asset	d63af1da1fbf6eabdd0b9adbeb092e8dd06ff0c099a681d16279969a1508bc85	1e4b7618c3a6db9d3324ebdbc382c2e9bed8f8385a9ed2a9d2871dd54b7f3114		
2882	out4 - modding/layer_720.png	byte-alias	0	byte-alias	da1ef370da8a10919bc100fd851eefd39ced3b170796130aafa8bff0e4455371	afecacc0011abd92e6b7cec348298f1217b78f33db3e728313ffab4bff350a52	bytes	out4 - Select Library/layer_720.png
2883	out4 - modding/layer_741.png	byte-alias	0	byte-alias	1bdcac0cbca7eb06718047bf859dd7ee5ca47bf26a9393fba7e5d50e0be1f7a0	0c3c69ee0c118ea157d4175c0d9014d02912f9ae5fe877a848f8d5a036070abd	bytes	out4 - Select Library/layer_741.png
2884	out4 - modding/layer_742.png	byte-alias	0	byte-alias	030b3f0d3706a571ddb6213821b309e68d9d0a89027061ea14241bd6d972ab20	6e73451e74487fcaf8c94aeba6e0e422e5ecfa46ace41fe07a1d10ef78e71ef4	bytes	out4 - Select Library/layer_742.png
2885	out4 - modding/layer_743.png	byte-alias	0	byte-alias	79a58afcfed81ae6600fc3a64b82a9b21fa71eab79664dbb1d7f963350901814	892e13394780a2191449912e223a045d93865f33716e37b60c1abc2bb50d7cb6	bytes	out4 - Select Library/layer_743.png
2886	out4 - modding/layer_744.png	byte-alias	0	byte-alias	6985d5290d483180314f1eb1a44a7ba9d542398d2121485ca5ba62bcdcad452a	208b44e85ffdab2ad8b85438cb2c95e872615f624c1f8a1533dd4eab8377f416	bytes	out4 - Select Library/layer_744.png
2887	out4 - modding/layer_745.png	byte-alias	0	byte-alias	210426bbc483d0b7f5e7702b519d1bd1cd661f123ad7f9a3d7a252126afe071e	6ba221637530d5706629d6dbe4a5365b9d47ac27341212cec3e8d975ae4cd86b	bytes	out4 - Select Library/layer_745.png
2888	out4 - modding/layer_746.png	byte-alias	0	byte-alias	f78d1af76702af6acfdf82117261ced18ff064e27cfe45dffea28a21a2ca4361	a6d22123d45f817c8816ad51427a9898a8f55fa547d3c3da70f87ab2b612bc97	bytes	out4 - Select Library/layer_746.png
2889	out4 - modding/layer_747.png	raster-fallback	0	raster-asset	ea509c249f22ee35dda2e6e15c65c9b2c66fcbd14a4008c65fe8723a72065101	54ad2f7e6148ee212500daf5be6d05bef96b6f61a0d03cc3fc3997883cc61c1c		
2890	out4 - modding/layer_748.png	raster-fallback	0	raster-asset	992044d4de8fc4119f475b2a7d83a78d88feb1bbfdb2bd815a3066f0cda40c42	df7d448157d439ed3e9937e6eb03d7028601101ea90f087294370b416fb8eea1		
2891	out4 - modding/layer_749.png	raster-fallback	0	raster-asset	b6d3cc027f3378908ca178cafd0fdc4e1d27295a075ed12ce5c2d023d7d309e3	294628ed0e11885095eb584041e381998a4ac5ecacced885ac10d155a03bcc48		
2892	out4 - modding/layer_750.png	byte-alias	0	byte-alias	7739079727cee03d5fed03b4d8e8a378ea78bfff8da27a67f8601d792b88c2a8	1b7b2e6fb718f9b926cd049069b7bb468d7eed8ec86762c3743f3c7443803ec6	bytes	out4 - Select Library/layer_750.png
2893	out4 - modding/layer_751.png	byte-alias	0	byte-alias	78c6b82b6643fbe4c6ba9a5b2824e46e6a5842f7523dd04d5cb7caa1e1627ec5	420b069a19d4207c307f1e5a76198d7ed5d468d3522e636b8e82177fbfc71f70	bytes	out4 - Select Library/layer_751.png
2894	out4 - modding/layer_752.png	byte-alias	0	byte-alias	8b34e0ba1713e9ea47b84800a04fab5f017f98c313da36757565bb727abbb055	df957faab51279d94e6e8836f3cbcf657c168c0f141f17f96e5a347e64ce6f42	bytes	out4 - Select Library/layer_752.png
2895	out4 - modding/layer_753.png	byte-alias	0	byte-alias	e30c2b94534e8440f672359e2a34d961104dd30e2607a0bde77da584ec58e11f	0a590cba3fb8d4996177d8e9972297f084eddb59af3fde9aa5fa56ded9bc1d0d	bytes	out4 - Select Library/layer_753.png
2896	out4 - modding/layer_754.png	byte-alias	0	byte-alias	2b89b351897ef939e59a08e80b0204084413f992af6a5d526ce4af92bb8b285c	479cab8116f502489abc9db0dfd0c877a7b259f83cc0f3e894d5a0df56876050	bytes	out4 - Select Library/layer_754.png
2897	out4 - modding/layer_755.png	byte-alias	0	byte-alias	e7f537156f727a4afb8e76d5bc9632e4a9bb71bb591de02d30d9dd8fab782454	3f560f459138f8662b8ed98bdbbf236faeb31d8b9796545a97cd7d00baf2503f	bytes	out4 - Select Library/layer_755.png
2898	out4 - modding/layer_756.png	raster-fallback	0	raster-asset	d978fd1f30a140cadcabea97c799b2b2e791765f7617b5b503b9375affde8630	dcf89a5cf19688bf13ba32ac2f02af264da832fdaa997cd3a3c1523e71f4c713		
2899	out4 - modding/layer_757.png	raster-fallback	0	raster-asset	9e0e96b4b12f64c7620b1126c9672d4c22a061d1544870bc70e9daa769784d3a	98c5c0414ac0c2eb1aba43e2beeaacef284d343f79db4550deeb1063e72ddf1a		
2900	out4 - modding/layer_758.png	raster-fallback	0	raster-asset	93755774071eafcb1e69be305cab4397014f6ecccc929186bede9170f17ca470	f0f702de296a5b6224210c7cb2cb33da3d9c44c53bec17be05858e870e529fc6		
2901	out4 - modding/layer_759.png	raster-fallback	0	raster-asset	209c96fb1853c54c6f560fd10733fcf2b8914194f501c3cf0b4d57124f3c73e2	673d5243281b3fbc214be6976c12e81bbe2607af955187139e312231a5e1c5b0		
2902	out4 - modding/layer_760.png	byte-alias	0	byte-alias	5cdb463cd61fba833565091266889143dc23aa5c2915af1c3f76a54d6fab17f7	d2f4fbd0389c5694332816a48507b4e0abe056fb194f8880bb276a05b511fe0a	bytes	out4 - Select Library/layer_760.png
2903	out4-special/0500-1-1.png	raster-fallback	0	raster-asset	6a1d481b6f2ddcd202bb81c09884211fa52af3b2970c4fe5a7c4aa3ce1297d70	e6fa21aa41ba198a8995ba71ea0b047f23edfba9455f20f4cd2ed95ad5a79858		
2904	out4-special/0500-1-2-1.png	raster-fallback	0	raster-asset	87f44104a7d28fc72f37c2c92e25eff8cff6c134075cc4978ed482011621e8e8	7987c5848d769d4f5eac028ce864aa6994360d53be1e451b113862d0c71d97c6		
2905	out4-special/0500-1.png	raster-fallback	0	raster-asset	b5964f6ff15d5b572da3633bd9c79f98af8190a938240fdd41a1b70ad49c7984	77f379a88b66dd9f81fb5b49820da456f4e1cd7e08b8f661b51925a7c6b14649		
2906	out4-special/0500.png	raster-fallback	0	raster-asset	db3faa51d0e78c7f67e91d73a9f6d6daad1399ca42eeac54cd3709309f733d41	a3a3ef1875c3f3efcb6394ba43f54aa008959368e42ec111261dbfdff4b202ec		
2907	out4-special/0501.png	byte-alias	0	byte-alias	c35e99fd7cdf3d78d6e9f334a2075000b2f9ed60f9e5e241037c0f0394cf3bad	b0dbca7eb53dac3807eb05b3d1b198ee6d8f33e45f71cfaad2711749b890a998	bytes	out4 - modding/layer_378.png
2908	out4-special/0502.png	byte-alias	0	byte-alias	4fa6a981d29e39bdeb145057bd64c3a03c5959d262cfdaf0f755b13753025ab9	03eaba8c40f7f2b5ac006ffe98d944bbc6187fe47ec285b09cbdfb046f7372b0	bytes	out4 - modding/layer_398.png
2909	out4-special/0503.png	byte-alias	0	byte-alias	2fd53ef4db9b6a6fd30bdbac6cdcb54cd5a7c07e3776f6b379d7db67aea39d00	39f1c29be10e5c1cbc70968b27cc4597d47b7a1d846abb5add9ae56a4da5922c	bytes	out4 - modding/layer_418.png
2910	out4-special/0504.png	raster-fallback	0	raster-asset	050aad1002a68ece15ccc1c3b14319f1dc039be839c113f26c087ad905302b78	beb6286b21e8b799118c6ae6500e40d7046ac9fb4f316220c20acc074beddf3f		
2911	out4-special/0505.png	raster-fallback	0	raster-asset	b9c05f85d4e3aa4cbf24eb53eeb0dc06cc8e9c0af674622fe627c59d0598a93a	5ef7339ac619e6eed6eb23f70be56df47b8cf15a887a49483046237f79c6ba98		
2912	out4-special/0506.png	raster-fallback	0	raster-asset	0ede4a9ac6ea20cf3dbb4d84281c70f26678272f38bc7c110234af736596fb52	43c20e46b07d72bd4c6910fb72528f89ea6968ed3b6599794e1b2be2ae0529b2		
2913	out4-special/0507.png	raster-fallback	0	raster-asset	71671679e7c04528310046227b19ac36d08b4719320fa95a9e1feb6125b5f0ca	10a2f759c1a9abe6b3ff99aa30a60ce2b80ada8b1582f70af4ee5b051f2ea7ee		
2914	out4-special/0508.png	byte-alias	0	byte-alias	b16f4954851f752df4f0b7a291ac3097a7337c121c605d92ddac83535dda0e73	a695dc879b28618e745d237354839fb91f958f9a9a94dba60ef9e7cc2fe31dd6	bytes	out4 - modding/layer_579.png
2915	out4-special/0509.png	byte-alias	0	byte-alias	fbd0327ef74783083273570deb437e6c9302db82edcb36ed5507ad2962674d9e	8a260900b3aa3e37caeca20635437d46e436a43cbdd2183b44b7bbdd18187273	bytes	out4 - modding/layer_599.png
2916	out4-special/0510.png	byte-alias	0	byte-alias	2f8e8225278f82667defb3f2a6ec7c4f441fe3176c2b070c2946b9f99e678868	ea35742d316354a4dbbdae2641cb0658b5d0acd9bf781595bcaf323a1117d6ce	bytes	out4 - modding/layer_619.png
2917	out4-special/0511.png	raster-fallback	0	raster-asset	c228972f2d03828c8072a67849cf60addeb4c2f4ecc29eaea41322460530b547	14742cb6197ca4c5f23da7e158146d2fd6a13e4d3e3701b3176b1e87fb43b6b4		
2918	out4-special/0512.png	raster-fallback	0	raster-asset	f46a764453108e844d03f8e1cdf169bc52e21517a6b890de794e23d68dd69870	ed70f1ff43ff88850b22c0f38ee4c14b9500221beb449833309e64d6ce6ef8ea		
2919	out4-special/0513.png	raster-fallback	0	raster-asset	985ef4bef122a82c087557b13334b640d41fb464e494eb038df18b081707fdd8	8e5335bd3e088e1cb5f82367bbd7b90faa5072384ffee12e13fbaf966041f00e		
2920	out4-special/0514.png	raster-fallback	0	raster-asset	b3524f3272447a782fee7795f3aaef95c92e4dd3a2bd86ee00385ed7bfb2cbb4	c3b01462dece4055d0a76f1fc9a77810dde29b374d88eec2a051a5b652453f06		
2921	out4-special/0515.png	raster-fallback	0	raster-asset	7e6ca85a8446b8fa6727076e9763f10158a1b81e4cd952561b39469a6979b41e	039e19ea8a046972ec63c8c372efe900edb6610123b9ca774194a73c275c5aed		
2922	out4-special/0516.png	raster-fallback	0	raster-asset	23a360a85268b0114205583ada066803241c6e2e928ff0b62175d4bd4e360f25	28c9ca2bc06119dc6b7a7ac31dad248987802c0275043437fc7853237991e914		
2923	out4-special/0517.png	raster-fallback	0	raster-asset	8432455632a13285a894741805cbad646aabe59efb95cd6e637955720dec4f45	85eb4ea61eb14c4613d8ea9745ab3dd44f950057a8bb29f0b0126f8aa9859ac5		
2924	out4-special/0518.png	raster-fallback	0	raster-asset	b4e584b161f72e30e58a31f2c0d6d763b27acc233f7cb5f766949f65bb7a8c70	e0a7ccbb1b6ea7cc150de71362ff178d07b9dc56413e7fe84e159e03ed994327		
2925	out4-special/0519.png	raster-fallback	0	raster-asset	5f09d068bf3c02faf98141783082f211ee558af28bd020faaf864cbc9d34cc23	a6588f249aa3a0d0619d713aaf66b16271cbac4e72d344fb77a973da1171f9f9		
2926	out4-special/0520.png	raster-fallback	0	raster-asset	2bef6ef01f3fd6c4c6c2684c48657c4261ed90cbaf0192ed28ab3a5710d28572	b83a797448e125b21aa2b3f8be9cbfeb789292fc2c9ea51b5a3fd294ddf7188e		
2927	out4-special/0521.png	raster-fallback	0	raster-asset	b9b84e1bbe54481e1cd80fc2a36badc6f3ee52f05e90d1f535b1de27768f8165	c180d92ecd82d86e7810201865eb2bc980a347104c4780e081a9ab3cfe5b46fb		
2928	out4-special/0522.png	raster-fallback	0	raster-asset	8a1309fadaffe3b1af0b182c8fd1e147c5ebfa9e75bee79f4c408f60bad985ab	907d5993c6dd6fd405154684fadb2539fa20ec47ec64be59fdc611e156468a7c		
2929	out4-special/0523.png	raster-fallback	0	raster-asset	ecaa99962a9b0f763fffd783520da7d80591fac792e844f8b555b5c1fe5a4cf5	23fc7560378c0e4ec1ff5e40fea7400d43340c5ec30c937300ca4ec77cb3eda7		
2930	out4-special/0524.png	raster-fallback	0	raster-asset	3769cf4961bcc463fae45bb5a80b69a613f58c5f8e05d5a84e9a0ff167721151	c6c57fae6de6bcdff57e2718ac069335852690be9fc4431da76b395a6799f56e		
2931	out4-special/0525.png	raster-fallback	0	raster-asset	99e6363c16c1ce3c7e9e3ff06155d1110f7fbf5ab6c51e10fef965afe040dc24	072aee6d0fc8641048374e3bd080663677d996fe1c5086ab3f9973441fe0f711		
2932	out4-special/0526.png	raster-fallback	0	raster-asset	ed5ab8ac392b9f101833ed2c9882529aadac10aba9b22a71c440871af24b2717	9d9972ab550a79f9cbbf92fe87e55e9bede50d2becb32f415adb173d73fd23a1		
2933	out4-special/0527.png	raster-fallback	0	raster-asset	fc7089cec07d51d8355e88c3b183831aa1b38f7013c37977ae377807ddbd0c55	b1d9616efadb30171e901c94ea981973499231b890aa0646852070d8cb4a3565		
2934	out4-special/0528.png	raster-fallback	0	raster-asset	33a0176cbceb7d3808214b2e9d9606da1455b082d1677b5ac93a744ceb800894	390e4e9e33b765b858a2f927044dcd1e8aa1bdc28cb88f5b759df1ec7b5983cb		
2935	out4-special/0529.png	raster-fallback	0	raster-asset	7195a5048e3c75abb4a5e7a2f7e8663821561c5ce8fe73faeaae296e0c2f4428	e238d34d8aa8cd017ef145d65cb29eb79c00bc94ef71baaa71b294fbb17da9ea		
2936	out4-special/0530.png	byte-alias	0	byte-alias	12e5671e2d787697aeb7fe796e99dfca295c0d7d8ec46afbec0083c4a98466bf	74460e0e18b95276baf612b0522df1e808793ec09eb55f0fbf07f7843f35078c	bytes	out4 - modding/layer_458.png
2937	out4-special/0531.png	raster-fallback	0	raster-asset	11d2d7938d9fbfea5c5c566ba5fddaa637957ad429c79d432dd665537cc51923	235067493be0019cc34ddb90fbe8baf2bd88aca728b7d5e8659a263d8d11c3f1		
2938	out4-special/0532.png	byte-alias	0	byte-alias	d63af1da1fbf6eabdd0b9adbeb092e8dd06ff0c099a681d16279969a1508bc85	1e4b7618c3a6db9d3324ebdbc382c2e9bed8f8385a9ed2a9d2871dd54b7f3114	bytes	out4 - modding/layer_719.png
2939	out4-special/0533.png	raster-fallback	0	raster-asset	f859a22570bb94c13525d47d826eeebd92aa02a34bbdbe97a48f132d897c8bfe	b341b1bf8f2911ca33898bd0ec0b80b719688cf2f20c564007a1ae9bef39ec29		
2940	out4-special/0534.png	raster-fallback	0	raster-asset	f420b0b357b8c58ccd1905c3db07c592b6b5ae0e8076df19d95420d14df00e01	0aa98c01c70c744fc79380e7abfed7efe568a4cfedbcfa9d63b48f2e7e91a3b0		
2941	out4-special/0535.png	raster-fallback	0	raster-asset	39170ee3b3f0f3a7dc842a2ade2b9f075bd7d7f772f18099f9ca6802825cc136	8398b4759db826397f6a324ffe1ef9430a7b8c47d6754b6c11ccf4079e53d34f		
2942	out4-special/0536.png	raster-fallback	0	raster-asset	0381dc5ce0cab3a9f478d7eb4501f4d4acb55c6825573bf526dbd779fbac2d42	bf95dfd8493ed4dac11820a48292d611e226dc2cd3568f231d70e6ddfe315b2a		
2943	out4-special/0537.png	raster-fallback	0	raster-asset	bf34afa39203bde4d95d0e940cff256a764b5239b6f2074f9a552e26e6180882	5a59f5a2109c3bacab3a1941e4e6e5b0d1294d27bdeacd068363c1c817eb5ad6		
2944	out4-special/layer_106.png	raster-fallback	0	raster-asset	859fe2fd854f758ec74344dea55a98449b1d941f5ead313f6b5d5f5c8b49ae32	06b1ef088f43c35c0edfa28edc9475d25550bdacf311a15a4ae383513e225f2a		
2945	out4-special/layer_107.png	raster-fallback	0	raster-asset	0114225f17ca295545d36b91f349b91fc52d85302d78581582e099d495f3989d	a123eb34d19229493abd03fc7926687219b2de1d6d7085235d6fc510dd26a161		
2946	out4-special/layer_108.png	raster-fallback	0	raster-asset	e578a70490c01d78e947561dd0c495d103753f510772386337746d057fdc24d7	e3818fcd752d40521817fb76f7fbd78854840a25679cf5723b87f145e4846d3d		
2947	out4-special/layer_115.png	raster-fallback	0	raster-asset	752345128db9221d429f56f0858174329d9091e40c28de8e1bfb746d8f5bd079	474b03aeed725de39c41a8e83b0ef1da365a830b2ba22291930b5e37575dbf7d		
2948	out4-special/layer_116.png	raster-fallback	0	raster-asset	defc37fec20a22a2d66a8406edff48fea04cad807234e79fd78f4d2d29b67ec8	e657c3b0e3eb8d1a2e5f08b410ddc36bde925f16aaa4148d6b0026c63546d5cf		
2949	out4-special/layer_117.png	raster-fallback	0	raster-asset	faa9f8ae609d46c131eb25ecf4d0399fa2c801b565afa5054d4cfa113adbabf1	5608ac279c771ace46453c56a3b22607b97e43da232f380cb70a49b0d21fa053		
2950	out4-special/layer_118.png	byte-alias	0	byte-alias	23a360a85268b0114205583ada066803241c6e2e928ff0b62175d4bd4e360f25	28c9ca2bc06119dc6b7a7ac31dad248987802c0275043437fc7853237991e914	bytes	out4-special/0516.png
2951	out4-special/layer_126.png	raster-fallback	0	raster-asset	03ee429fe04d877271e75fda6932237f701c5af71ca23b2d46a59034da7eecca	a0a4653e22f0baab8c44ddea41f97678788357916b8d90311233e9a3bea9ddb9		
2952	out4-special/layer_127.png	raster-fallback	0	raster-asset	fe0dfaaee6c3a2eb559b34528ebfea1f8a6f17ac58514d72c1769bd12c806455	0fffc0daa945e40963442372bc7e40d5bd509cdbb914f4684f5ab66d9f2d9b92		
2953	out4-special/layer_128.png	raster-fallback	0	raster-asset	f51496029b81683960c3e7a415f5c242ee9fd9207480a897e133ee289b07c4bc	840ab365d0538876e407d22b5cd2e161036cc46f689db087d2bf7c592b963cae		
2954	out4-special/layer_135.png	raster-fallback	0	raster-asset	ab8b32985d32e41021af52852b0c84f3c3ab2b66e001a4b8bf685d4bbd20e8b1	fe20818c910d3d033014be7aae816b6c52981fd625310fe58e597135efebfd10		
2955	out4-special/layer_136.png	raster-fallback	0	raster-asset	5d5ef5543fbafe810948a72b4da47aeca9af295648daf6aca4e58dcccf39d279	b70ec284bfec8520133062a5a05b58c987a214d260ee9fb9f00d4f4fd800d1ca		
2956	out4-special/layer_137.png	raster-fallback	0	raster-asset	52d5f7dde04156a74014d72171149b2f83879b47d8f46d6513a11b106420f104	6179e3c9495f8ce39488e5fcaa5bdb4c89241d5b9c7debce0a8eca5b9ebf144f		
2957	out4-special/layer_138.png	byte-alias	0	byte-alias	8432455632a13285a894741805cbad646aabe59efb95cd6e637955720dec4f45	85eb4ea61eb14c4613d8ea9745ab3dd44f950057a8bb29f0b0126f8aa9859ac5	bytes	out4-special/0517.png
2958	out4-special/layer_146.png	raster-fallback	0	raster-asset	b81bb5ea292179d027dab629fe33146db9d3458bdd4e75c4f963ef073a94ef0f	c81dd6082fde6eaee02d50da763e0e04a6741de3191d33f3b429eed437ae1f1d		
2959	out4-special/layer_147.png	raster-fallback	0	raster-asset	87737e301bbeb1e8cc886de821c2ccdb47f1ade6b4261af30d530e7a252c3467	b90c739177288ea836c0362a3e49a40239ed6d7ac3984711b2708d4cd220c72e		
2960	out4-special/layer_148.png	raster-fallback	0	raster-asset	c016ab4fdc43c80c54d11ef10bf6e4e990fa8434034e6c8026438ea593f6c840	ea609ef119f1a219e0414f74313915d67e4bfe5c7d48e6acce194b5c5d95a5ff		
2961	out4-special/layer_15.png	raster-fallback	0	raster-asset	4659bd613683d5300f036bda8dd22490028a4e6f92fd6af979eabd734302621a	1d49e1c0127d9fd841ebe87c2b1f1df6e0ef8f4951442148c07e3226cab42abf		
2962	out4-special/layer_155.png	raster-fallback	0	raster-asset	da277cbc31410be364cfc274ceb1a6f478d72e2838f9d43421662081ad1afcba	e88980c7a097f94501b4519dffc0e542bf790d8d8ea1a9e213bebce61017e26d		
2963	out4-special/layer_156.png	raster-fallback	0	raster-asset	554c2ff3d6909da4a63a66b5432a993e70452df26be4ff64c09fc5196f7387af	90e615f3094c51ed7fb9a63d6077e159fa03b66f180a9030ee5931c8f2d3ebce		
2964	out4-special/layer_157.png	raster-fallback	0	raster-asset	43a44050d04912be032fab059a1decf1319e12c4438d3f57258f7750f9b811c1	438a251529d1a211b90181694c4d882c9d8dd368c5a0e50b680291f77103547e		
2965	out4-special/layer_158.png	byte-alias	0	byte-alias	b4e584b161f72e30e58a31f2c0d6d763b27acc233f7cb5f766949f65bb7a8c70	e0a7ccbb1b6ea7cc150de71362ff178d07b9dc56413e7fe84e159e03ed994327	bytes	out4-special/0518.png
2966	out4-special/layer_16.png	raster-fallback	0	raster-asset	a418050aa0c4bc0c40edc8d3360c56b8d9042f10c1fa08c4ed1038b274892449	9bf1688b15b81b41eaa9bdcbc909406fd317362f58dd790cea4fdd6a7c9d2f89		
2967	out4-special/layer_166.png	raster-fallback	0	raster-asset	90563bd5b3cbc228660e3ee643838814f794e75e90d03ab6d2f28e1144a218e8	56efaed0710ab7c27438e84de1855faecf80edb9b48dcb850eda9afa96ebc5b7		
2968	out4-special/layer_167.png	raster-fallback	0	raster-asset	0dc31da2e6d9e6d92f27aaee32d0f29b27c4cec8d5008412a4e16f1f7d15e375	8373503e4a2f2509a0740c651b22a6a3eeb687486d3cff718e4365ba31b52b8c		
2969	out4-special/layer_168.png	raster-fallback	0	raster-asset	7e771d2e2b6c339ed5ae39bd8572444a1715e2e999f6afe82fb77ae244978c1d	463f29ee363c8554984ca448970e91f5fcf5ac0230103e22a1c91d4600b74ba9		
2970	out4-special/layer_17.png	raster-fallback	0	raster-asset	733231db398e6560b0bcc8e3285d2872ff0f7506708a3ca94bb07570d24a02ff	6bbd5b7778c6ab073e86e503a6a6179c30619c9b76607d8241a4dd3130382d33		
2971	out4-special/layer_175.png	raster-fallback	0	raster-asset	c595feea493e80d622cf0aa37f6c9a211ff1dad5e3df628fcdc1d4aef7ff8aca	c466179db0f4b0fa9598379fbdfeb8bddd5a44500e18ebcc4bdbf12de7bc3939		
2972	out4-special/layer_176.png	raster-fallback	0	raster-asset	e957edb8c6b44f93ae6b9d13bf642a8539a8afe690cdac84ef98f95b79a031a8	ba3e0db14cfa8647d59f4cde96efc01afe502f6efdba4ed7fb9ee8349b7adf2e		
2973	out4-special/layer_177.png	raster-fallback	0	raster-asset	45283ea31b32c48813cc2c2efd8fbb6c9290873388024580db86d6d77985dafe	8f9f29515853aee45d561304cafb121534fa641b15d4dda93425f3dfc2a7ac53		
2974	out4-special/layer_178.png	byte-alias	0	byte-alias	5f09d068bf3c02faf98141783082f211ee558af28bd020faaf864cbc9d34cc23	a6588f249aa3a0d0619d713aaf66b16271cbac4e72d344fb77a973da1171f9f9	bytes	out4-special/0519.png
2975	out4-special/layer_18.png	byte-alias	0	byte-alias	c228972f2d03828c8072a67849cf60addeb4c2f4ecc29eaea41322460530b547	14742cb6197ca4c5f23da7e158146d2fd6a13e4d3e3701b3176b1e87fb43b6b4	bytes	out4-special/0511.png
2976	out4-special/layer_186.png	raster-fallback	0	raster-asset	09d3399a347fd60aaddb394866c53517e7445b746fed44b0ae1e5d79d7e8ba04	609952d59108a34ecfc5ab4a86fc75c3e20f8f83938ac56f8b46ebfe1fe60fc5		
2977	out4-special/layer_187.png	raster-fallback	0	raster-asset	bf73bda5d031108515fbc9ac34ce864f199b450bada10f1d94fb69f02b099fce	244c6f4b7a8b9999a540b4646ba10a0f1256a3bb7bd6aab31da30ab2c7dba4d8		
2978	out4-special/layer_188.png	raster-fallback	0	raster-asset	e541939d21b0535480707cf80b9562e22516885c0996871cf2834ba66616c17b	7063d4be09ab7c050b3de2eac75485a5a43971bb52c4264e6fd261a76d062001		
2979	out4-special/layer_195.png	raster-fallback	0	raster-asset	7ae63628e85319fecd58685825e97686b4c06de91accdb5180115f3502d11c3c	578bb282def05ef3a09a88b20715d4628bf9bc0581383dba1993f8c7ade00965		
2980	out4-special/layer_196.png	raster-fallback	0	raster-asset	2dc9779b499a3373feaf142ae0eb866c8197cf7b1fbd9eefa7c2afd6a474c4d0	58e0d03e201c595b35e2a425380a3374c6fc8e7dfc5485ec6b0fa11bfe5cce59		
2981	out4-special/layer_197.png	raster-fallback	0	raster-asset	eee92932002a3f055b6bd076c5faed7ba6b08ae40da7935a84e5e0ad546962b4	00e7496254af0b08123812cbd287c0f2e681b0b9b2e32735ab2dfc8da50136c2		
2982	out4-special/layer_198.png	byte-alias	0	byte-alias	2bef6ef01f3fd6c4c6c2684c48657c4261ed90cbaf0192ed28ab3a5710d28572	b83a797448e125b21aa2b3f8be9cbfeb789292fc2c9ea51b5a3fd294ddf7188e	bytes	out4-special/0520.png
2983	out4-special/layer_206.png	raster-fallback	0	raster-asset	f28d30db42bc08f620eb30c4b612b33d45df2b6873225bc8c3e7b01f41f5d733	037727bb10bbc067a27d3d47655756e2c7a1ac8e0bd732fe77b33d923599a3b6		
2984	out4-special/layer_207.png	raster-fallback	0	raster-asset	ebbb8c3215d34182aa3439b647cb146d045d35544ef607627f71fe7873ee64be	ae164e1a5c82a0198ce1e1e5d21fb318f50b0bb549d5af1a824682de4e8b1bc5		
2985	out4-special/layer_208.png	raster-fallback	0	raster-asset	acc53e87fc1fe575c2b38597c6a0322884b82cebb4923d4829254a154b33198d	64c8f7e4b2c6ceec3a8623c081eb62c7f3facf8cbc78026b15672bb919389e02		
2986	out4-special/layer_215.png	raster-fallback	0	raster-asset	a59ac2797ec13bacb9e790edb9457b25b3f7cfacbf2853c2f308adfca08c1ee3	60d8f8e821356f1292cdb79c5f6492146b226c4fab59bda058d929b05453d88d		
2987	out4-special/layer_216.png	raster-fallback	0	raster-asset	de25093da7524d1a337b8ac3aa33e29a7dfc443339c832cdf2861e7fceb042bb	f4d4ae96786104c8915b5a39b0e5b14dc8d5a9183805b8bfa352542b8233b5d8		
2988	out4-special/layer_217.png	raster-fallback	0	raster-asset	3e4eb933e73092e36e2736bf1b696f8042e0f2b6cf6b475c64f373496c703189	a6ae60f0c7d750502ee423651c2062ba877cc943e77ab270a06828d42a8ebf85		
2989	out4-special/layer_218.png	byte-alias	0	byte-alias	b9b84e1bbe54481e1cd80fc2a36badc6f3ee52f05e90d1f535b1de27768f8165	c180d92ecd82d86e7810201865eb2bc980a347104c4780e081a9ab3cfe5b46fb	bytes	out4-special/0521.png
2990	out4-special/layer_226.png	raster-fallback	0	raster-asset	35820ae4ff10df836cff140a16269cb2dfa8742242c9abc8e3102697471c9160	2d83ce1d6ecf87689a0479a4b352a1eee55c742f33266bd33d4b2c997b62e519		
2991	out4-special/layer_227.png	raster-fallback	0	raster-asset	ae72125368dbdd1f53a1e181a71478527b7de718e25dd99e44cf491c57238723	8438c71696588ab8fa78657e946648821faeced26c0a58c61c0be2307a50729d		
2992	out4-special/layer_228.png	raster-fallback	0	raster-asset	12c4fb85ee943758e81f72a2da0a33c478020160b0c949dd17284cf3f0cc28ca	9f11f762c30890500dbfa8d0d2cf55b0cbb17deb98f16822c367a4f00ea43816		
2993	out4-special/layer_235.png	raster-fallback	0	raster-asset	c4cb8da52701fb108a656c8a2fcfce6f687ae80b0c529b7ff76ff8c4399be2ad	d926f4169f8c6e4a254a0cf0844bc9d763fdafc151bf298282013b33c7c839cb		
2994	out4-special/layer_236.png	raster-fallback	0	raster-asset	3af95b29ffff4a30ccf3c33ca73f4f8153f52a657fe5c6b26d66091da508e7ad	60b92b2682ae0cc130ae74dae7161865c07114adadf64797549f38ac34d5219d		
2995	out4-special/layer_237.png	raster-fallback	0	raster-asset	a85e2276dc264c0b721c5e57b74ff7b640819e6637fada988fb11eff5b844ec8	77fb4d06374835225d31372e249452a9a4f11b1072d3fcb2ba277f425167d5b1		
2996	out4-special/layer_238.png	byte-alias	0	byte-alias	8a1309fadaffe3b1af0b182c8fd1e147c5ebfa9e75bee79f4c408f60bad985ab	907d5993c6dd6fd405154684fadb2539fa20ec47ec64be59fdc611e156468a7c	bytes	out4-special/0522.png
2997	out4-special/layer_246.png	raster-fallback	0	raster-asset	dbe32923381dc39a0ad7fa9465281fd621bea66ce8d727ddca6703d67b6e088e	9afed8c0d30e6efe2ef57410ea642b267540ce09a8fc08ec748d691b15ffb713		
2998	out4-special/layer_247.png	raster-fallback	0	raster-asset	e61367c4e7ddb491e575642ff39acdcb613d97227cd128554b1f7af08c771f73	4760c0dcb1c40be7df8767697145ab0e7e44280cf30a71376507fa1d5b345cdf		
2999	out4-special/layer_248.png	raster-fallback	0	raster-asset	f6b6dabde2d8fe5acf875429e2564a6551ec5fc81a1394418a341323a04d64bc	2f5bed4a9e6fb6f60828d2841607127a2c0f35e04e09e8c92645bc1e877ea23e		
3000	out4-special/layer_255.png	raster-fallback	0	raster-asset	18570b7be362102c38971a4954b3e8bdc75dbdb2ec23ebea3d999a80889f56ca	edac1302d12b49b15615912bd72142ba04b4afada0f40e97c0d1552191f47543		
3001	out4-special/layer_256.png	raster-fallback	0	raster-asset	9548fb9b65d0485a3aa2b84235364f12de1cc6fd1f859710f99e7a895b9a394d	8b35d2e55a45f110658f0bac10344f937797920cad30b53a135d4210ab18cd6a		
3002	out4-special/layer_257.png	raster-fallback	0	raster-asset	6e0b96d0bf3e4e13c684f949c7f349c89b29a45230e9275fd6f8fded39ba74f8	31b145cc575e6028c73c56c53f03c1820609d82fbb0068f42a624fdae9e95301		
3003	out4-special/layer_258.png	byte-alias	0	byte-alias	ecaa99962a9b0f763fffd783520da7d80591fac792e844f8b555b5c1fe5a4cf5	23fc7560378c0e4ec1ff5e40fea7400d43340c5ec30c937300ca4ec77cb3eda7	bytes	out4-special/0523.png
3004	out4-special/layer_26.png	raster-fallback	0	raster-asset	e2ee3e8cd4fa4c9529d5ab317a580aa9a2df90ebcc0ca50c79a7c42430376004	fbaa1d2af7db69b42874a188fa53e3fe54672030b78a83444eb9ad155d8abbd4		
3005	out4-special/layer_266.png	raster-fallback	0	raster-asset	75c5652507fee6d9c9806e41aabbd10c91af09ce78ae5b2547e43c18af6251a7	19e40b5622be056926e9fc360c4fd04f817efd7e093dd4f8e2f0dafb579c429a		
3006	out4-special/layer_267.png	raster-fallback	0	raster-asset	583d328273b8468ebe728cced1fa551b80adcd401b108ba5c4b21f29da0edca4	bee2fd4a894ef8afe8cafe43aaabed8a92a4ffc22114d6d3cc90f2d2355ebc85		
3007	out4-special/layer_268.png	raster-fallback	0	raster-asset	19336c47f9cdf0a2e899c1bbea33133e629719ea6dedeb1c2c1b53bb1bc2071d	34e15bb83a2428632b103883c442f5469ed1e0917b2f78fb05b1050c424146f9		
3008	out4-special/layer_27.png	raster-fallback	0	raster-asset	ce76bb189a82c399e0f18324e2d303bf0b6a4eb3f3d5b2a5af75a4abf6dc5224	022ea08626e064e4387f278f52db953899143e7f59f97beea58090a7366b86db		
3009	out4-special/layer_275.png	raster-fallback	0	raster-asset	e12d1a19d6aea3b87b4f49cb1c67aceb479c387b5536286c1f8d6ce63851a653	ebd5ea5ec7a2449690161a963cfaa6c411b6aa5c28bc60503c6eb097abf618ff		
3010	out4-special/layer_276.png	raster-fallback	0	raster-asset	a627966d4a1faafc1b976b66110425fee9f74727f68d23391730645df25a97df	52c540ef479fa632c081bcb51adc4fa306855bd84b4b479aca4dd3fcdada1446		
3011	out4-special/layer_277.png	raster-fallback	0	raster-asset	afb4ce3530710cbbaa3a1f613541e8cf12e53825e623a7c1baf6b7faad718caa	99b1f796afe5a83fea6cadc7e894a59606236202cd02e98fbcaf4c24ef1f19bf		
3012	out4-special/layer_278.png	byte-alias	0	byte-alias	3769cf4961bcc463fae45bb5a80b69a613f58c5f8e05d5a84e9a0ff167721151	c6c57fae6de6bcdff57e2718ac069335852690be9fc4431da76b395a6799f56e	bytes	out4-special/0524.png
3013	out4-special/layer_28.png	raster-fallback	0	raster-asset	ea084372494dd728cecb269a4eb5644a2c62020aa8d79ca2f32b98a4f0b2d07a	584981147b6a3dcaea1227e7052961597a4c34baffa4a80df7cd0a7a688756f2		
3014	out4-special/layer_286.png	raster-fallback	0	raster-asset	ad8563f0eaa0068782e22bcc878ce197aeb1ffe2b938c855d1ce1d36a6a59d8b	6cfd62984b761e11ddb494889afd9fe521555035870b16145a69f35d82591141		
3015	out4-special/layer_287.png	raster-fallback	0	raster-asset	48a9f9bc9c41828309ba80659fb9ed394b3964cc037ffe6f7fc46b7a1660b904	ffa3fb41f75b237a609eb070e838f7ff27af0a5648ff08c90ebf61ce6b982b23		
3016	out4-special/layer_288.png	raster-fallback	0	raster-asset	5037d4a04c966476235601ab19771bf7800bd14c14c45017680e48289985f372	5afe80ee176755e1d0234797364544301f6025f39deedb10fb02692f01ab0830		
3017	out4-special/layer_295.png	raster-fallback	0	raster-asset	f011f27c8c915a2dfb6172c7adf4e74fd408c1322ae3a51426de74cb289542b5	9476ca0bf0599fec387cb578a71718dc5f38a780cf21b28994d81fdcad7e4464		
3018	out4-special/layer_296.png	raster-fallback	0	raster-asset	30a1086f47a7f093245ae04e01c9412f0a664f0f52c32a19887ad2ea802e87a5	d421d78cc42d6c196a86e8654fc1c1e3309f5ded095262ed846999d1ef1b84ff		
3019	out4-special/layer_297.png	raster-fallback	0	raster-asset	5331e501f472bde5c80dde05aa78e135bfea30e13ef386223d3c689faaff6b67	878a2637abb70d0f0f045c057fcac52d1360c5815b00d9e810ce0c64177d2ab6		
3020	out4-special/layer_298.png	byte-alias	0	byte-alias	99e6363c16c1ce3c7e9e3ff06155d1110f7fbf5ab6c51e10fef965afe040dc24	072aee6d0fc8641048374e3bd080663677d996fe1c5086ab3f9973441fe0f711	bytes	out4-special/0525.png
3021	out4-special/layer_306.png	raster-fallback	0	raster-asset	0876b49694bf5b8bd44000124c350c4e78da721334a19fd14b7b3758574d1c05	cbcf3f8aabcf85d464705a21c5c116c6ffcc80d399f2a3ba4c659ef5b552ccb0		
3022	out4-special/layer_307.png	raster-fallback	0	raster-asset	c83d8ef4bf15bc339d4f48d4f96231a6d34679335045314e09cea5f4e25dcf92	9bb01f5cacbb41e825fce77b1fb9f9e7de7eb5a7ee50bd80aa850d14cd3f1b0e		
3023	out4-special/layer_308.png	raster-fallback	0	raster-asset	851f1f687a2b3dd1e55e2bedc32c5febd2be51a9a9325ccb38a4891ff189d7c8	0f7c742269eecaa47f4f63b6aeb954c268026b1d15e83d7822cc12c26b9979ca		
3024	out4-special/layer_315.png	raster-fallback	0	raster-asset	b86f80504fa1b8398f3ee7e35b445fb10a0a09a5823f06e2012956397bbb153c	93257b19b3ee4e72e2847f55ada366fed4a85b4631262391848dabf14d9518a4		
3025	out4-special/layer_316.png	raster-fallback	0	raster-asset	0be511a48784dccb8b165f88c880eee92436650129604309fce126667ae32a77	d21cca1bcfa3c2aa6dc26714834b19bfe270f67011e8f88bba112733e7af2847		
3026	out4-special/layer_317.png	raster-fallback	0	raster-asset	01eb86cb84fe6b477c74504defcc922d08dd9df6f28ca75148589d0ee63548b6	7b52df9ddb4c1ae48ef306df55abeeb367eb01c99ec7d6a7fc9c1148df1cfa08		
3027	out4-special/layer_318.png	byte-alias	0	byte-alias	ed5ab8ac392b9f101833ed2c9882529aadac10aba9b22a71c440871af24b2717	9d9972ab550a79f9cbbf92fe87e55e9bede50d2becb32f415adb173d73fd23a1	bytes	out4-special/0526.png
3028	out4-special/layer_326.png	raster-fallback	0	raster-asset	79b2e29c6a5cabfd5337b4deb576d19d1dc707bc49ec34d9b2eb8e8085af8cac	2e594b92dc4dfc6c662ce8370d12a009f190e504fe3023f7317c2e6db5525586		
3029	out4-special/layer_327.png	raster-fallback	0	raster-asset	80e50bdbe9222d499666e217c2602cb00f33ed34b73010ee8abbd01873116d0c	bf6e2a7d983788a565d2bc02540be4aa39e93d65f3800504da222aba1eb35402		
3030	out4-special/layer_328.png	raster-fallback	0	raster-asset	c6b823f215bb617d9b26b33dd3d2c8de8fdbcadc51585de44b6e0253158e54e7	8db4a2c2f661b5e01124bd7cf143980b5d806f89e42c92530b0431fc7c6c4ace		
3031	out4-special/layer_335.png	raster-fallback	0	raster-asset	e01125eabdd42b031307f5b420f1d68d55d6a6cf8edd36c632981c61002e91f1	13f994e5c8645b81adccb503a509673522f5c6ad29f9e12fcbaa711cd98cbd2a		
3032	out4-special/layer_336.png	raster-fallback	0	raster-asset	17164a42987e2a27e42f1d6a59ffbf188411fac37bc946c742305c59aa8c81c3	d620f79a9e3b781b88afd3b0db761571c750dc70bbc9fe72d3057c09b79d5e90		
3033	out4-special/layer_337.png	raster-fallback	0	raster-asset	7738d6576fdd64edadeaac1a5d5799969b61d564e1a38c0c27562c3adf4a356b	96ab9925085180ad4ff2540c0ec1659cc14ca53a9c197b4ff2b87ff8e8fdaa7c		
3034	out4-special/layer_338.png	byte-alias	0	byte-alias	fc7089cec07d51d8355e88c3b183831aa1b38f7013c37977ae377807ddbd0c55	b1d9616efadb30171e901c94ea981973499231b890aa0646852070d8cb4a3565	bytes	out4-special/0527.png
3035	out4-special/layer_346.png	raster-fallback	0	raster-asset	06bcc84209bec4ba953273b9009599102fded22252b29d5c26a1245483742605	9e1434dcfd502061a8f8072f68f4cb009ed3ced37c9fcdf4665d724741ee1b4e		
3036	out4-special/layer_347.png	raster-fallback	0	raster-asset	980c5e0993d89705f6b27d6078cc69768398b6c9cd6f33ea89b0124bd0c0b653	547a93497f5069aa2ff864014da94f8e9c7e00c84a8ec0f897c6120933e36796		
3037	out4-special/layer_348.png	raster-fallback	0	raster-asset	e73b067f544fb5cefa61cb3aeafc129f58054042641b828e956234989cc58079	3cee049dbbcb6dfd2656d40868f2a4521e67c90dc1601615ccb75acb4551362c		
3038	out4-special/layer_35.png	raster-fallback	0	raster-asset	6055813e5ad78e25f08846868bce8e82599419b90077d389636d5a65f591a722	ab049f46944946ec0be78ffbd569ff5d34f4d119a29c1fa2fc3264689cafe19c		
3039	out4-special/layer_355.png	raster-fallback	0	raster-asset	e84a366a715c74fdce673c549ce434a415731260d8f9ceadd084449788e68c87	0c25e36c39f690ba252db6573fdce1c205acdbdc68b8176db49a43fb68b8b485		
3040	out4-special/layer_356.png	raster-fallback	0	raster-asset	238b2f16b9d814d917f68a2adf955e589eb43ffffcfc9ba344df153ca222fdc9	fc6e39bfeeef0882c37831d2c64c437e8e890dd7724710a37fd48ff9f1aae96e		
3041	out4-special/layer_357.png	raster-fallback	0	raster-asset	9fe3ad821203962fd11f57392d5acd373841ab0f2692994f58ec0fbfcfd6001e	5d882eb81dd45e256680e0b686cf5205ce3eff6e456880e9e3af7a50f77e7abe		
3042	out4-special/layer_358.png	byte-alias	0	byte-alias	33a0176cbceb7d3808214b2e9d9606da1455b082d1677b5ac93a744ceb800894	390e4e9e33b765b858a2f927044dcd1e8aa1bdc28cb88f5b759df1ec7b5983cb	bytes	out4-special/0528.png
3043	out4-special/layer_36.png	raster-fallback	0	raster-asset	7bb8720e500b5d040e75f26ba77026efd685588bfc977e02477f4e147ce8fb25	996ca623e25b31f0ae9c009b4b9d504c2a723015888b34c69fe2ddd744189bb8		
3044	out4-special/layer_366.png	byte-alias	0	byte-alias	b30bcbbc2b467f45eedbfa1a9c3bb124fd07fbb91cbe0f39481911624fc14181	734e6cb82870b887ff0ae1a5baff18ced62783e0a5296817fb42798de265bfc1	bytes	out4 - modding/layer_366.png
3045	out4-special/layer_367.png	byte-alias	0	byte-alias	3d0e5ed307ec11a7c6a117e57fdd680a3bd76aa4d5365b541e89ef46c9e4b3d4	070194b67e1b1c081468baee59fd9103c45e408b8a9ec082ba97ba4a16fdfd39	bytes	out4 - modding/layer_367.png
3046	out4-special/layer_368.png	byte-alias	0	byte-alias	95d8e01a4eb3e2c7722bba4e369a87e8d8f2275f4cfb125f272bd8ff3f2165a9	073922d4c3291469b02d90205ce720c6d14c729bdd03cc7295d3f1584d977b2e	bytes	out4 - modding/layer_368.png
3047	out4-special/layer_37.png	raster-fallback	0	raster-asset	4ba20ac08f67b5bfe14386fda3daba759f8a41bda3f06b5be8c567a355a123ec	4c94d8e79f75fbdbfb3b1fac25200bed5b696d257d180c4378bd51aa6c60d6bb		
3048	out4-special/layer_375.png	byte-alias	0	byte-alias	32f1aeeb93c3c79b82b320f44b38f21deaa1d291a9b17a4bcffb1f89758699cb	6a33ab43e0179ecbd1a37413b553d947292e4484b49a692158645c6bf15e96cb	bytes	out4 - modding/layer_375.png
3049	out4-special/layer_376.png	byte-alias	0	byte-alias	437dd30879bf83367994895733988f4101813f5204dafb458111ec5a62b35d52	484d8644d25d64148b6a895f1d017f6b64ba41109b96ce3fe6fc28377108b52a	bytes	out4 - modding/layer_376.png
3050	out4-special/layer_377.png	byte-alias	0	byte-alias	4287b3b4994691948ce768982dda0e5adc528c084593ecb84b15df085a49c945	f3c1bec90251666fe312aaec675b97db0fb17975c4c78ae1677a75a92b392414	bytes	out4 - modding/layer_377.png
3051	out4-special/layer_378.png	byte-alias	0	byte-alias	c35e99fd7cdf3d78d6e9f334a2075000b2f9ed60f9e5e241037c0f0394cf3bad	b0dbca7eb53dac3807eb05b3d1b198ee6d8f33e45f71cfaad2711749b890a998	bytes	out4 - modding/layer_378.png
3052	out4-special/layer_38.png	byte-alias	0	byte-alias	f46a764453108e844d03f8e1cdf169bc52e21517a6b890de794e23d68dd69870	ed70f1ff43ff88850b22c0f38ee4c14b9500221beb449833309e64d6ce6ef8ea	bytes	out4-special/0512.png
3053	out4-special/layer_386.png	byte-alias	0	byte-alias	3419ed308969af9c4a05e456d6b2a083fe32f1c0d1f0c772c21457fed75ce2ce	6c20075f1c727ca5f21a5c24e5ad3243ce2427f9109d01970ce4e20335086bc8	bytes	out4 - modding/layer_386.png
3054	out4-special/layer_387.png	byte-alias	0	byte-alias	04a2ecd16a2d99783835890eee3d503057d350109df94e477fdb267f80325ca6	c34150d91fda2df9270cf90a0288e11eea393f869a8f2955d68acc75baebab7f	bytes	out4 - modding/layer_387.png
3055	out4-special/layer_388.png	byte-alias	0	byte-alias	eb7ad0c6858a0767564bca231d69cc069013084ebaeb8e03e727b4bcf7fa48ac	4fc7204fe38305f21b597a44b09fe1afc90e66532d45d4d5ca6d5e61983556d4	bytes	out4 - modding/layer_388.png
3056	out4-special/layer_395.png	byte-alias	0	byte-alias	5665c1ac8c26d2811436dca9dbdea917532ee319b72a04b32589ae3f790f8b3e	972847c5af84a1785939df45addc3ef9c222c50ae9d34d584b83faa3789764df	bytes	out4 - modding/layer_395.png
3057	out4-special/layer_396.png	byte-alias	0	byte-alias	e7ab8d249a9ebda863e17111cb98d307ffa60a3fbc71887ffffcf92fe23b46ca	3faf71a9404c2b7fe6b8fb8721cf6c15b141acd6191d745fb03edc20b67d9589	bytes	out4 - modding/layer_396.png
3058	out4-special/layer_397.png	byte-alias	0	byte-alias	8ffbc52d434bd1bd81ae799844491e334a3b172986ac5058a91939befb2803fb	6989449143918fb196fa09bb0a7a8c7248f207358646be262a27c5b3f1abff05	bytes	out4 - modding/layer_397.png
3059	out4-special/layer_398.png	byte-alias	0	byte-alias	4fa6a981d29e39bdeb145057bd64c3a03c5959d262cfdaf0f755b13753025ab9	03eaba8c40f7f2b5ac006ffe98d944bbc6187fe47ec285b09cbdfb046f7372b0	bytes	out4 - modding/layer_398.png
3060	out4-special/layer_406.png	byte-alias	0	byte-alias	1bc6758e2e2d3153b4d44379258361a8c533cfb438b8c9edb08753f2c8f77294	bfcea5c486abceed63ec54801b7e2d8214e8f9077ce3189a011a5f97cb6da55c	bytes	out4 - modding/layer_406.png
3061	out4-special/layer_407.png	byte-alias	0	byte-alias	315c5f4ba670df26cda3ca24ac0914c07dfbc1e38d5cf024811eaba6f8d6f3af	7b8a36bb21b0f25a3008a83177d3dddcd4dfbfb73694ec1861e7237007f2a946	bytes	out4 - modding/layer_407.png
3062	out4-special/layer_408.png	byte-alias	0	byte-alias	980b1417095da74712685211d7db690dde192e3dcad3864064ff36244773f7ae	3488cece34da788550b5403d5f0f0f5c307360478bd93e148dc25ae8160d22b7	bytes	out4 - modding/layer_408.png
3063	out4-special/layer_415.png	byte-alias	0	byte-alias	61fa9c6e3ea1318f5561d93502d3d171f53b0531c323e94778c93fa15eb8f58a	defb34e51804e517172585df7dd979141ca51aa20b0db6547c7645004f4978eb	bytes	out4 - modding/layer_415.png
3064	out4-special/layer_416.png	byte-alias	0	byte-alias	3d4758cd248011dd7de0f34660efb0b4e1a265439ebe6567dcd472d6c2232dac	f188f82397e38c244fdb12c2bf817a5df62f270a196fe364c46dcbfa432a2cca	bytes	out4 - modding/layer_416.png
3065	out4-special/layer_417.png	byte-alias	0	byte-alias	84a98796081fe61dc0f056b7f81e39af97eb3980e30cfa2338948da83d3c6f66	7670944f4cae43560966d40c9d8d93fea84252f787a766a7cc5ac87fc8efcbca	bytes	out4 - modding/layer_417.png
3066	out4-special/layer_418.png	byte-alias	0	byte-alias	2fd53ef4db9b6a6fd30bdbac6cdcb54cd5a7c07e3776f6b379d7db67aea39d00	39f1c29be10e5c1cbc70968b27cc4597d47b7a1d846abb5add9ae56a4da5922c	bytes	out4 - modding/layer_418.png
3067	out4-special/layer_426.png	raster-fallback	0	raster-asset	c89f4aaa8fa023af8a9ab5d4c6a352d1e6699c1b2360ce76655d45ddf089dd5e	30a1a0644ee5aaeada1953f695d465c3228bb9bad3386db2edbe14d17d7f2661		
3068	out4-special/layer_427.png	raster-fallback	0	raster-asset	024220e8e7303441cb32e000cd6a6dd8161fe5a6686186c30d221d602f21c168	365ad72437d0837c365fd89b0794f811005a1c55bddfac368e6083352fe2d83b		
3069	out4-special/layer_428.png	raster-fallback	0	raster-asset	2845d9eff719e5d27eabcf445ef9c152d3f22acdbb68d5c1d0a769c06ad5f099	fd4b0c82dc23587d653506a4f2317870e18f7577708d2d5c28debf8ba5677bcf		
3070	out4-special/layer_435.png	raster-fallback	0	raster-asset	09451c8a7023d8585a999648dbea02c27936c02e26a8c27858ba2f7582ac816a	40bf2260c74503ee79ccf0858bfc56a5de0cc4b18202d50c763f4d87649c0857		
3071	out4-special/layer_436.png	raster-fallback	0	raster-asset	e1609f4a467ccfe22bbd86677fb9d5b0af5f48a046166cc462cd864c10b87afb	51f00c66a146b751ade191cd0ace89c1974f1eb479f37313e6f4235ab939348a		
3072	out4-special/layer_437.png	raster-fallback	0	raster-asset	75372c1afea34195b244d106986e250e8948420e69a1f293efd0a93678a7b2e3	77ac9a809f6c416b51a2dcecff0b9fc278f6020e678f7e37853370e846007ddd		
3073	out4-special/layer_438.png	byte-alias	0	byte-alias	7195a5048e3c75abb4a5e7a2f7e8663821561c5ce8fe73faeaae296e0c2f4428	e238d34d8aa8cd017ef145d65cb29eb79c00bc94ef71baaa71b294fbb17da9ea	bytes	out4-special/0529.png
3074	out4-special/layer_446.png	byte-alias	0	byte-alias	feb962a15b75b7e4c6786510d1d176f06e53ed994900278fc55a80662f5fadbe	724a355314a1eeade40ecb81193706269e3dea29c0ac1a39e3cf05de20b072bf	bytes	out4 - modding/layer_446.png
3075	out4-special/layer_447.png	byte-alias	0	byte-alias	2888bd5d8eeb1e3e679fce911891668b7f06233a8708ee277ec3c36a9e153ee7	f6ddc113d2d1776356123b223bc381807dbf4a49fbc95ccb09457269cb18af64	bytes	out4 - modding/layer_447.png
3076	out4-special/layer_448.png	byte-alias	0	byte-alias	aeb8a75fd330f28951355ab5877e497a0a95cef5d1f7840c285dfd68e8762602	4fedd5fd60a018f8df4b6aaaaab79d14a75d00a10e5ac5451ad36a881e255e98	bytes	out4 - modding/layer_448.png
3077	out4-special/layer_455.png	byte-alias	0	byte-alias	0a7ee488be1f5c1763992738f5579f9e9c0ba35ca66850a523e648354baaf196	57f404c25fd37ad276c19cdab364bea4f7fe95a3dd4dd6bc0f9240b65af66a2c	bytes	out4 - modding/layer_455.png
3078	out4-special/layer_456.png	byte-alias	0	byte-alias	6e7a7d39f0685ae5de31f74a1c7c98c9c2edd4f6d2273c5ad29abe08852bf022	e4b1b719901af6023af6e1492ca98c0a07d0897ab4c30af06490a588a0714205	bytes	out4 - modding/layer_456.png
3079	out4-special/layer_457.png	byte-alias	0	byte-alias	1680569a8efe7d7a3d408c32b90660a820c70a0f02f44be3476c9f327a6ddbf4	b3d25f586aeeccf1899fbf8d1609e7c904ec9f907ac0a637c874dd9f529690c6	bytes	out4 - modding/layer_457.png
3080	out4-special/layer_458.png	byte-alias	0	byte-alias	12e5671e2d787697aeb7fe796e99dfca295c0d7d8ec46afbec0083c4a98466bf	74460e0e18b95276baf612b0522df1e808793ec09eb55f0fbf07f7843f35078c	bytes	out4 - modding/layer_458.png
3081	out4-special/layer_46.png	raster-fallback	0	raster-asset	d490e8f529462374530e2e220d095ece0131e9597b65bf160610b2b3944aeea3	62a6564d4dc94a8ee41b4287bf18ce042a76f3d6c253803ed1c59d2667339257		
3082	out4-special/layer_466.png	raster-fallback	0	raster-asset	388916a52572a0d088047beeedc2ebd883f78287e3a20b308c3a94f14671f05b	fb43cc819b34a9ea8f5104c68e0377cc14213162c6f0f63bc132ea7b910708f4		
3083	out4-special/layer_467.png	raster-fallback	0	raster-asset	9cbf1f807a0f826ec65a4aa73e419c43b926cb76059e0719a564241a40fc0fc0	49151bbdab413f2da21fb93582f4f2d0f8efc0db50e9a7a60ad9a944a21b8d0a		
3084	out4-special/layer_468.png	raster-fallback	0	raster-asset	0edc1837e8faa35573ae22068986c66816b42a1b51606a0eea5de4b495f26144	2b56f14ef7c2bf13af0f7a93544745e316d00137ef9d8ea2399f0485fffba4e5		
3085	out4-special/layer_47.png	raster-fallback	0	raster-asset	6d1f0c3e2e898aa40a42805921c4c533e276129bc11cbe21448c962a4a92df4f	0953725e705e3d930e4260db293b106044c9c42b22cbf46ed37995dd924935fe		
3086	out4-special/layer_475.png	raster-fallback	0	raster-asset	def69932ccb27f54aafe94d502ebe3f4b3ae1c95fd47cc28de7d1a48e06515d0	8d3bd60dbde86250ef22eaa6eb041ca70ee4d9fccf50cdf4694846982f8fbd10		
3087	out4-special/layer_476.png	raster-fallback	0	raster-asset	0cc0c37aa2b3322fa2a509ac303dfc5d86e17da17a7e420301afc6a5877db14e	722e26f7d5386719a1f25d722db1775a89b0c1fad83e3d4353855c18c22ed647		
3088	out4-special/layer_477.png	raster-fallback	0	raster-asset	2af88e71d24661e307a7ef02bc25f3f5fab06cc6b0dd943b59736c66284b7efd	2812d6ad49dce1d9ac040eb8a141918d2c2da9822e01f63d55bb5ecb2092de1c		
3089	out4-special/layer_478.png	byte-alias	0	byte-alias	11d2d7938d9fbfea5c5c566ba5fddaa637957ad429c79d432dd665537cc51923	235067493be0019cc34ddb90fbe8baf2bd88aca728b7d5e8659a263d8d11c3f1	bytes	out4-special/0531.png
3090	out4-special/layer_48.png	raster-fallback	0	raster-asset	b468979a34d7fedfea45d516ab09b857e8b6ab398aa8e86920e8de9cd4f7e282	e56300d55aafbf4387cd56e57d106f9a22c990a23db4f30749b4e42fab9ece45		
3091	out4-special/layer_486.png	raster-fallback	0	raster-asset	35f47490edae9deb5bd4d116dfe1178344c7d1850e4cb546df05383da8c036fe	29226d50a1780f92d11d11fbd267b2d0e2d23d1d7a13020fd9229d38d65938ae		
3092	out4-special/layer_487.png	raster-fallback	0	raster-asset	1d1b0fee2c3b3f19a86da9fcfde8816620078d7a02856cd21e06a1e35c991794	8e76629452cd0cb684a5e61bda80108925396e863f31d416241a7f64742790b7		
3093	out4-special/layer_488.png	raster-fallback	0	raster-asset	863870f76c659012c2f65e8a5efa4c238360e2aea8a562d4ceaf07a27eee180f	a4ab0c52299a0bdcf690ce1e93cdce883352a69f9700ce0af748d768e0a61f26		
3094	out4-special/layer_495.png	raster-fallback	0	raster-asset	9778f17f0dd95202ac8d0b323db0fdc7e4b086a702e6313e30c93646f07f7326	72af0829adc1beaa25c4e9b7a23d981a61d2dc27e501cc725f0cc14196de5e78		
3095	out4-special/layer_496.png	raster-fallback	0	raster-asset	fc3b8c2ba0cd787a2110145a7852b8431806b850e23374d5d3c3b23d47b22827	b48e91b1fcbe07a1e53a31695b9e635eb333a3e52ef165b743f161f1308a2ba8		
3096	out4-special/layer_497.png	raster-fallback	0	raster-asset	892eaa27adaf185353c716b588c567abb269c128ec05e38d05e188771ee746b0	ac64383b7b1ff57b53c8d112e1367ba5ed03a9ed107cf7f436663c9e561239d1		
3097	out4-special/layer_498.png	byte-alias	0	byte-alias	050aad1002a68ece15ccc1c3b14319f1dc039be839c113f26c087ad905302b78	beb6286b21e8b799118c6ae6500e40d7046ac9fb4f316220c20acc074beddf3f	bytes	out4-special/0504.png
3098	out4-special/layer_500.png	raster-fallback	0	raster-asset	9774309be4189d7fa5d677b229a06ff0a0d7dd444c3065a97e5d2daf0369a63d	629c6c2e571e6c37dfc3040558df2a917affa450ad7f31c63671db07416770be		
3099	out4-special/layer_502.png	raster-fallback	0	raster-asset	b5f72b3d62e3a9433dd1015702ba34b4ef19f27afba88d50a27e295c3c114e31	1c17229b653d2e26513c62cd56c7da457c76af9bd4a3fdbabd6a207713f239c1		
3100	out4-special/layer_503.png	raster-fallback	0	raster-asset	bc8ac2dbd73db7394439af9b261c2d39ada650ce287b4bb5bfd3ed8a2caf344b	ce518797d352c8d4bda62f77117453980520a87263aeff02cdfa09bb8c464594		
3101	out4-special/layer_504.png	raster-fallback	0	raster-asset	a9d31d774d8f4762cdce93612b0be5c9c5304c0657ad9a2640455bb370719075	fa4ffb4f7fb0ca74e040306989049ffec9076a2c101c0dd4de47d16ff2d05d36		
3102	out4-special/layer_505.png	raster-fallback	0	raster-asset	0cb6c156f715c544749add9e116fff0bc18afa1d0c39058a23b30a62111aef4c	543b02440995db535ef641f700651c1e981dc7afb227bbb8e6fe8eee8b3275ec		
3103	out4-special/layer_506.png	raster-fallback	0	raster-asset	5163c825c8a9d347a08b2b27406fbda879772de632568df939b8dd0edd3db00b	91008889c1c3fb3eaf9f1fb81fcee570d38d7593bf728d12555d2470903ae90d		
3104	out4-special/layer_507.png	raster-fallback	0	raster-asset	2ce2f9b74ff0c4209037243043a968344eadc8a037d19cb1f544d18a46618988	eaabbe14a7d316e363b8bfd1a5582973cdbc323403dda5b8325c8522d25fed2a		
3105	out4-special/layer_508.png	raster-fallback	0	raster-asset	2227bba1f1629ecdc90ed7a616accebb3c524cf7f79965c3bbb913a827144d07	85dc7b949cee4638ed9db8ee9c3b231fd049c4f141301747a82be384a9df69b8		
3106	out4-special/layer_509.png	raster-fallback	0	raster-asset	68e28577615f3c765f23406dd982523a8f261c46da012457166cf995d915326f	f04d8ddfe9f3743d366aff35b143d59cbfab5f0ed612673b7d296a78c11c218e		
3107	out4-special/layer_519.png	byte-alias	0	byte-alias	b9c05f85d4e3aa4cbf24eb53eeb0dc06cc8e9c0af674622fe627c59d0598a93a	5ef7339ac619e6eed6eb23f70be56df47b8cf15a887a49483046237f79c6ba98	bytes	out4-special/0505.png
3108	out4-special/layer_538.png	raster-fallback	0	raster-asset	eeebd290aa34910efdf22e46493e0492c387265f3174e40e7349e9577053723d	8ca78648009493d0001ae1db5281a2b40c60e8ad01f7cb51820d25caa2c076c8		
3109	out4-special/layer_539.png	byte-alias	0	byte-alias	0ede4a9ac6ea20cf3dbb4d84281c70f26678272f38bc7c110234af736596fb52	43c20e46b07d72bd4c6910fb72528f89ea6968ed3b6599794e1b2be2ae0529b2	bytes	out4-special/0506.png
3110	out4-special/layer_547.png	raster-fallback	0	raster-asset	9dcb55b6ca01fae2e9513177a3b20e649218d57a243cb168a1977e69d7ce5aa4	4176a03564fd9c80aac0a1337f8f971e56b65c7c9c37e682f92242c7ea6faea0		
3111	out4-special/layer_548.png	raster-fallback	0	raster-asset	b8407de6c404728c9a127bd24efcaba78aa5e0dd4c54cee4c800ff0d5918fa73	961f788410e0fcbd800f87ec562e8a616f16e25c65bb2d51e1cf4c65db7d8d50		
3112	out4-special/layer_549.png	raster-fallback	0	raster-asset	1d68d12f169ebd9c8e0cca243e8a1a0359c12b2f90e99dd8bab22a50fd96addc	7be9a2e4534f426faa944b7f448cbb93868636b45ee3751894d7e66f33717bf4		
3113	out4-special/layer_55.png	raster-fallback	0	raster-asset	068739a27d403f749ccea7d3f0ae443c4aa7aecdbdb52ba8eb92475653e0d4e1	aecc65d87b4869dd48197d17a2ea3c3aa4019d27afcefbe10bc7f52fe71dcf40		
3114	out4-special/layer_556.png	raster-fallback	0	raster-asset	206a3009cc544ccdacb3acce68da1078d649035735f86c7c09c47ca7d5c5c9d6	6b74086a7e5a9cfd8b162043bdeac222dc92591008d8a04b732381ee0d11ed34		
3115	out4-special/layer_557.png	raster-fallback	0	raster-asset	1b7d368859cd664f80da2ef71cd27e0526192fa364869d5ad550e8b9f2a840b4	d2a38c1e5637d37df2dadcbab7f0429ece9b04d3e8be5703d8a5faf469944403		
3116	out4-special/layer_558.png	raster-fallback	0	raster-asset	a9226c6a1c40bc4f5c9afa969bb282387d2848fe229ebb89ac1489589c80d5cf	a17268727f5af5c91790e04c7899849d1ed80bb2a904528dae912767f3631e4e		
3117	out4-special/layer_559.png	byte-alias	0	byte-alias	71671679e7c04528310046227b19ac36d08b4719320fa95a9e1feb6125b5f0ca	10a2f759c1a9abe6b3ff99aa30a60ce2b80ada8b1582f70af4ee5b051f2ea7ee	bytes	out4-special/0507.png
3118	out4-special/layer_56.png	raster-fallback	0	raster-asset	5a178bdb1752aa49ac49719a6bae8090641149baa2e3d33d269949841b8be243	b8846f327a6d6fd159d8e41987051a4162c3816fd69443335cf494da52ed75f3		
3119	out4-special/layer_567.png	byte-alias	0	byte-alias	b2bcc762d2081de678b57e30a77e711902fa71d1a44c62ccead9e3992774eb86	c6c7df8bec58bf6390470fbc1260150c7847dccede31f4c90a0c3b28f9896906	bytes	out4 - modding/layer_567.png
3120	out4-special/layer_568.png	byte-alias	0	byte-alias	42592796db9268211bc4f7e8770bb34bf50cae088a71e650a8769daf231cc4dc	d5cefbe258f0fe093d44b47db188047f569e0ee6c31c7ff3f0a036c943669e83	bytes	out4 - modding/layer_568.png
3121	out4-special/layer_569.png	byte-alias	0	byte-alias	cbfac2e386317b6897ded1cbf85722017588ee36fcbad5322d4b5f37c7139955	aa5b85810f983294151496519db33c14fa05e389d3dd40c385a805e5425d997b	bytes	out4 - modding/layer_569.png
3122	out4-special/layer_57.png	raster-fallback	0	raster-asset	9c9f3ed8d0dfc6f63f8ecfe7a8bff50d081bd0424228d7ab62cd467d5239dcc5	786e1196ab8c85a400117e9631ad7f90f99c869f28c34d2d4b319fd0972a8110		
3123	out4-special/layer_576.png	byte-alias	0	byte-alias	94781d0ab32d2a51fd16813915be67f8c520e7010635fb590459209c5f8af86e	5771c67aee81a1c66aea98ca4e1192413e8fbd584e158bb6397dbb30b94f94cf	bytes	out4 - modding/layer_576.png
3124	out4-special/layer_577.png	byte-alias	0	byte-alias	7550839e37484170b949d3ee56e2a9928f0a5127b2e2ac60c5bff0d3a428d3ec	6598be1a434ec832d33cebef808186f4385242c5332c463f3ba830c2e559c78e	bytes	out4 - modding/layer_577.png
3125	out4-special/layer_578.png	byte-alias	0	byte-alias	880d5fb4f4c9a69f8fbee3a8eae20ca06c7ac1d1ea64bfb03c6d41f5d8b3695d	51f39f032cc0182f6411391ec2a19db668147b6aeeb039b51628f5bae52037e4	bytes	out4 - modding/layer_578.png
3126	out4-special/layer_579.png	byte-alias	0	byte-alias	b16f4954851f752df4f0b7a291ac3097a7337c121c605d92ddac83535dda0e73	a695dc879b28618e745d237354839fb91f958f9a9a94dba60ef9e7cc2fe31dd6	bytes	out4 - modding/layer_579.png
3127	out4-special/layer_58.png	byte-alias	0	byte-alias	985ef4bef122a82c087557b13334b640d41fb464e494eb038df18b081707fdd8	8e5335bd3e088e1cb5f82367bbd7b90faa5072384ffee12e13fbaf966041f00e	bytes	out4-special/0513.png
3128	out4-special/layer_587.png	byte-alias	0	byte-alias	063db345113e1e2322fa6cc5d2cdf15d891d3af24f24af71ac0f9e0dec4e94c7	f184a7be86fe571821a0dc85d04fea226590f74abf9fe49d4f57e33a71986146	bytes	out4 - modding/layer_587.png
3129	out4-special/layer_588.png	byte-alias	0	byte-alias	e2d68a3b76e147be6026d356a201ec996861b9fbd337016ad93c577fe7898ebe	c74fd10f27a5325c4b0596ff748e254bb87df72570788722a1fcca66d66df119	bytes	out4 - modding/layer_588.png
3130	out4-special/layer_589.png	byte-alias	0	byte-alias	f779347fdc908bd83f82662a1cc1100f1e3c66ef3d8812a470da788f3efecfe6	a0e08f786a91ded7053246b6efd22cde707befa985b16496195dc2a890b79799	bytes	out4 - modding/layer_589.png
3131	out4-special/layer_596.png	byte-alias	0	byte-alias	003fa53b00d8a3aa2a18f4e643a66014e030de8631028f36e2e82e52cb4309d0	e6179da5877dc72693125c7aa844b74b654cda1bd33ace9631e5cc984e7df9de	bytes	out4 - modding/layer_596.png
3132	out4-special/layer_597.png	byte-alias	0	byte-alias	7e7620fbb3ff039f382fdd615c410bf380c9eec67092cc3af25fdfe7e8f97c4b	0eb56ed14b19110b672099de99f16aefbf75cd72b53b9e842d6db0d3011e894b	bytes	out4 - modding/layer_597.png
3133	out4-special/layer_598.png	byte-alias	0	byte-alias	c91c7cab3f46b7078d224be6dfa1370c586e2aedb22fcc1cd49a602f8a648f5d	37347e4a693e61f7f45bdf80532c239049bc260178f5f80db031c8d932726697	bytes	out4 - modding/layer_598.png
3134	out4-special/layer_599.png	byte-alias	0	byte-alias	fbd0327ef74783083273570deb437e6c9302db82edcb36ed5507ad2962674d9e	8a260900b3aa3e37caeca20635437d46e436a43cbdd2183b44b7bbdd18187273	bytes	out4 - modding/layer_599.png
3135	out4-special/layer_6.png	raster-fallback	0	raster-asset	e84e275ea3f201fb0f0f6c6280ed7680ed7dc8911bf055fd9bac9e9efde4b2d4	ef5b6dc4e75d793d397404e35be23eeec2ffc3fb5af2c68e5d34f2683e378ca2		
3136	out4-special/layer_607.png	byte-alias	0	byte-alias	959b084caa19eebf88764170b9b3d2bea57ca916cd0af0f261d48ed1c1eb3e1f	39d95d6a1db640614a3316490af9fe5cad48ba6b241ae7e12faa90f0fd7e510a	bytes	out4 - modding/layer_607.png
3137	out4-special/layer_608.png	byte-alias	0	byte-alias	e7efd796b9aacf3f00068b7bc6f20398fb537ccc05fefacb133f409ba55cdc1e	5b82f73c61c25c3bb7de5b5b29a348e76e6f8717e241c5f724cbc4307ffcf69a	bytes	out4 - modding/layer_608.png
3138	out4-special/layer_609.png	byte-alias	0	byte-alias	5d957fe4ea9f4d2aa239784cd0dd521649922b45403cd7276796c9d1185e8f7c	04d3ac58a77b14e3c112bee2087aca5153c6b4c7e01b90c7cf2307674d75fc8c	bytes	out4 - modding/layer_609.png
3139	out4-special/layer_616.png	byte-alias	0	byte-alias	aa1381b4ae2ef4238e6e38e6029f36fba17affdf4bbf07b05f43e618c716d5ef	a3e05b1cdae125a625e2d5b97185e8c0792816bc3ed9f8b631d472399cfd8e9e	bytes	out4 - modding/layer_616.png
3140	out4-special/layer_617.png	byte-alias	0	byte-alias	de70854d4241063075502badf288a5e65f7939cd060d11488c413deff1d796f7	a63976a014d795fa1e33b8cd1613848bcdc5c223d122159b31577083a7d237c9	bytes	out4 - modding/layer_617.png
3141	out4-special/layer_618.png	raster-fallback	0	raster-asset	ee06d437cff0e9d0d070aaf8d04b8b5fca67c38e41d755dc9921eb1d3e599625	c9fcdae057534075a91805ccf3cba0ffa45622b83e93ee2f9e8582feb476cde4		
3142	out4-special/layer_619.png	byte-alias	0	byte-alias	2f8e8225278f82667defb3f2a6ec7c4f441fe3176c2b070c2946b9f99e678868	ea35742d316354a4dbbdae2641cb0658b5d0acd9bf781595bcaf323a1117d6ce	bytes	out4 - modding/layer_619.png
3143	out4-special/layer_621.png	raster-fallback	0	raster-asset	dc580fb6d7c7d049b78dc927d8f45da17266ae7bbd41505c04d6b15bb4321516	6f8fc3775ed1e9c22422b5b59a01525d31d5823bb7424c2ef54b0e67f6ac76f0		
3144	out4-special/layer_622.png	raster-fallback	0	raster-asset	70beede5e1b124e004199915dc0e66f61367ab568786b0ec0bbd75004ea79a75	ca865fd7799e2d7457743d98dcc7c080a5eeabd3f269c64744b46a9d60e5a99c		
3145	out4-special/layer_623.png	raster-fallback	0	raster-asset	7ca4e95b3ba6dd132034a227f70971534165a138b0e24eff0271b021d9cf73ea	780589d175027fe60e01a4118526b1f81ae65dbe009ea4fd8c9a52ea4b064abd		
3146	out4-special/layer_624.png	raster-fallback	0	raster-asset	599ad99e2ddbf027ac0314003871d4166244cd2d58ef0a93042ee2886a96faf0	460eecf4e058c103f3e6c30bc08c453a72f77c092d95c87a2537217f2f682363		
3147	out4-special/layer_625.png	raster-fallback	0	raster-asset	4afe97e2e987be305f04a410742230a178c80a24ba96db94830261c5d8b717f6	31c6dcf57bef0a0489721e0d1733f1aecf05c69b3dd6f2770d07935ef769fda7		
3148	out4-special/layer_626.png	raster-fallback	0	raster-asset	f72a53c28272495adba27767f58132bb8e680b3e1ae633c383f559e5a489ea43	764b6b20866c58f1255fdf5c40329efc9ad1e89fd12be372b291a723d7a4d875		
3149	out4-special/layer_627.png	raster-fallback	0	raster-asset	af8a04e559ad55931b229e3d3a0c297a2ca48dff369de40f438ba8cc51d5ee30	c4f43328e2752f7480bb786b423e5023217d8ccd25ca2dfe89ce78487940ecc0		
3150	out4-special/layer_628.png	raster-fallback	0	raster-asset	d619271b4b0b6fbd0a38c872c11ce3214e579cd550994a322a1d052dbfaa2f25	3e055cb2c11530c50a39d4461e787be64afccaefb3d6c45a075f4708cf663039		
3151	out4-special/layer_629.png	raster-fallback	0	raster-asset	38b7f44e32604a2d6efc03c8abe8fa584a2b556b9d0e740caa8877d7d32f7a7c	9c282c4ced7a8234b2159ac073dddc14eff77b260f4f7244743fa8900b36766b		
3152	out4-special/layer_630.png	raster-fallback	0	raster-asset	bc178ed25238232ef5a4c8dd208bf8e667dcb1a9dfc7cd50616200659551d545	b393146544157c90b8866af350538c0e7bb90271eefd5ba024739ca6da26af93		
3153	out4-special/layer_631.png	raster-fallback	0	raster-asset	ee815dcc2ad2b14760b479a0567e86c891ee46ac95d155fb32f980a6e02f1f74	e0261f85e8f21aafc6b66430f9ed0c8fc43c6d352d18a7b1e5008eded2bf01e9		
3154	out4-special/layer_632.png	raster-fallback	0	raster-asset	2bdf3ef8ba16633f95a0cf0c44549fd7986045988270689a4cbfb3be66430afe	d74927dcab6bcbda49785bbb1989639b78538005d847882d1ca1d3244f653ae4		
3155	out4-special/layer_633.png	raster-fallback	0	raster-asset	eefbba3977e1d7819e7b80ea23fc8c44a1b3f65ab22cefe529b0b358ab0ed67d	c5107059fb377e95b61e8c3f8026dc70ee0265c3901ba76b03aa5ea2b220aad9		
3156	out4-special/layer_634.png	raster-fallback	0	raster-asset	04cd366450ba6e3ea18259cea2214bfb53598ce18abf9d614543f76921e45e44	8c6f0a5d470bbc3acb221adaad1938d7a45011977ffa5389c88b3cd11c656e6c		
3157	out4-special/layer_635.png	raster-fallback	0	raster-asset	8ca692c0b9da94095f52a83874c61080f2ef556d582ac2cf9c87e0fa5a5d2a07	36e6fdae8244f899179f03afa01bcb2e09b226afd216e385bac33b107ac1622d		
3158	out4-special/layer_636.png	raster-fallback	0	raster-asset	5badff9fab94fbd1b0fd16e7a273588c44cdd26d18ccbf2e57687c5b136f0235	9d14ae9d84c0141e3339dfd63ef3ccc0accb204fef1a24e9885ce104ea55428e		
3159	out4-special/layer_637.png	raster-fallback	0	raster-asset	6d9f333965e236dad65f6f344d76ccc238b4b54a8036c20a0c557d165db1ee16	ae77f703f69aaa98f916d8a0d9d5ea193f9c6e6525e815e1fe80502fc1b1d454		
3160	out4-special/layer_638.png	raster-fallback	0	raster-asset	4aa0e4293304054552059f589c4ae63b67a0183d886c45980b3f722038f986ce	5c7bcc82692ce2b1cf6f730e40e0f274587e1af89ab2cc2c02c1525718056c21		
3161	out4-special/layer_639.png	raster-fallback	0	raster-asset	7455fa8607459ed5e4657d4a76414296e2f18b7670e036548b5db0eec8f17095	4f28a0f7d1c097b125b5d474138a55c62ab7a6ffb937cdfede58c578f6c14ccb		
3162	out4-special/layer_640.png	raster-fallback	0	raster-asset	ed309f5100a9c5d9e9878a3aae65a2c4703370c9979e74fa149dd3d0c9aa7913	f803b51cd18282525ceca45ddeba2b116919536b66801a2528a760d7ecb581b5		
3163	out4-special/layer_641.png	raster-fallback	0	raster-asset	1f11c8168202b99b5dabb9face7d90b210ba7e6ab16ddc4d22943c29b323405b	ed85b2682c59b9e18355c369a1155ee553f6e2f61568832eb3fe6fdb6cb9b6bb		
3164	out4-special/layer_642.png	raster-fallback	0	raster-asset	b6900c8fa17f1919ef566653449b44bea77b4974ec3cfba7c0163d0438f6c67b	fde6f404c469c49e923ce43d2eb6939f04f87fc5c06c1b038962554e17612219		
3165	out4-special/layer_643.png	raster-fallback	0	raster-asset	dead373c740f059573108bf689d1f641037a6c9e5f9e15670e79c1e5266fe17d	9e434533f75a7a3b0abaacd9cb035d45129ede02ea1814f75c0a7e564a0d10d7		
3166	out4-special/layer_644.png	raster-fallback	0	raster-asset	f8946772056ab9dab2c03aaa4b32dcc5c516177e2053cc17b7b5bbcedacc8595	50627e57fb7c213e5e6e5416c39df48fb2d3776143aae43acff6aefe22273d44		
3167	out4-special/layer_645.png	raster-fallback	0	raster-asset	a96d944a220ae2a6e402f95ef9ac9ff76cf8d1f242d85134c2e844f56ac0c56b	dc96ac887352c1a143e9f5450e0881d4841e7a9a740194f8742602716321835e		
3168	out4-special/layer_646.png	raster-fallback	0	raster-asset	d468df2f781f5358d5c915a0e4105097fdc809959c2941f2ecd316d04569c733	a61739678a7e6bb365ea8404d84d3fb67beef4d8e7a8e416089481a8314fb8a2		
3169	out4-special/layer_647.png	raster-fallback	0	raster-asset	2de87dad6c9dac7564d139b933c26fba93440ed515e1ec941f1108515eefc9bd	26df9a4a4b768532f70b21f8635e46a195914d78b73a0bf9890661adb4641898		
3170	out4-special/layer_648.png	raster-fallback	0	raster-asset	d77621368b849031564bc6953b4a18041e9760c301694bd31a1482fe0e61ea80	785ba25cda0132ff0798ba18efb501a89d18b580b7c520d444c53912c53803f4		
3171	out4-special/layer_649.png	raster-fallback	0	raster-asset	24b64272e29977cdc0cd720a2207b8f8d1ab34ddb383e1801749e22118a00a31	23389feb0936c5ca96cfb907419e2397a837420a38e08171e6703578aad2e880		
3172	out4-special/layer_650.png	raster-fallback	0	raster-asset	e70dfb8ef8c0cedda936acc60a9ba23dd6add81c7fa6cea91cddb6cfab5e61be	cfd5e6080c3967178a500b040f314d134b239f130612791d769ef9bc6abeec3e		
3173	out4-special/layer_651.png	raster-fallback	0	raster-asset	bae61d0b9b14821496ba7f2a096dbf70f57b717883ceb352d4f79a24e81df151	3b56b7e44bc5e6ca6c6ad9ed8f368b1845cfea79ab6ddb979fe89b0f9c581b33		
3174	out4-special/layer_652.png	raster-fallback	0	raster-asset	30ff295da0a8696c57aa9925b77c2f588f13a26c08f9f72eb53ce31046711655	18f5f6166db696c92afb7093ba51358d8a81f34945e5f4c97c8ed980dacc6b34		
3175	out4-special/layer_653.png	raster-fallback	0	raster-asset	20ac33c27688c5aa372a5262ac3e144a1b19d88cf8c86fba0ce35ec8c1b484a3	9863e2d71247bea85fd641cf8c6b3a73afdeffe52f7edf78503f6f6eb407fb5c		
3176	out4-special/layer_654.png	raster-fallback	0	raster-asset	6c8024a26d2961f39b6788ca8f6fe509b597da60ad93498b2e58e632de44e6a4	cd6e06d0331675e7625e3841e7b62e123cc610f0d7fc9552426c5918deffa57a		
3177	out4-special/layer_655.png	raster-fallback	0	raster-asset	ae2d0ba3a8d03df892db690453a93466f85825cbfb92711398eb0844d4e8cd03	15e3e371200698f6f4f4e13bd7e934a38b4c63708a043634c8fe74e625311797		
3178	out4-special/layer_656.png	raster-fallback	0	raster-asset	0a3f418f69c59351f690bc2d9db61aa75dc67cd411ccb017c928825b6b76d63b	dc184ce4dcf4cc1279c8d69ed3d34cc840286ab520a673c3bacbda5cba5ea191		
3179	out4-special/layer_657.png	raster-fallback	0	raster-asset	c9c6f48fde04639db51b5ffd2ea9157f67db02471ca1f98eb6f9e0447d0732d3	835bdfb4dce3b6b21747664af2afa4b4041a6d5eea7043d7d8e3e228c87805bd		
3180	out4-special/layer_658.png	raster-fallback	0	raster-asset	0c7442e7acd37b985cb5773ba9abc3999d1d57b7ba0b16995a666486473f8cde	384ff20b403ec4d881e71bcce1662af61337faea02f28cd358f3931955546430		
3181	out4-special/layer_659.png	raster-fallback	0	raster-asset	3c1236b8362381b3d555fb43d55614e9d75ddce1be7cac15094437b0d35abea5	24bc7b0155aa2b3cebae30eeb8088aa39951833e0e0ca8d570f59ccfb9317850		
3182	out4-special/layer_66.png	raster-fallback	0	raster-asset	c9a012944b91a78aecdd231c70c774c87ec787a72f869800d7742a7a9b7ada25	b02e0e3fa2220bcc96f91f95f3ee7b8acccc67b3ed02ba8e716ee9ad439a2669		
3183	out4-special/layer_660.png	raster-fallback	0	raster-asset	ea65b51c36221de292ea075d9cf0d2e17b0cf6e06e4d76506d1dcd74c9633844	85596ea22373426856739dcdca968b6f06caf30112f8914bd0a6fd5ab7c70147		
3184	out4-special/layer_661.png	raster-fallback	0	raster-asset	8b1114a726ec053dd9629b623a2706df0052194d172171eb6ca3df77ab1fa383	8a954f9a881bafbb300215f1a378ae87d89b46ad9881c19a74c43214da0088e9		
3185	out4-special/layer_662.png	raster-fallback	0	raster-asset	1457f3a817a97369cc2dd42ca2861ca8440a727cb84885c47fda24f7a7a8e9e6	27779e19ae67de0207b0ebe6c46d682a145e54a97a3aa722bedf1871660412c7		
3186	out4-special/layer_663.png	raster-fallback	0	raster-asset	bfa4bb25c25fcc2db8f340ca8326638151faf74b02d2efa4e4b077520a1e4b6e	54dce349e3ab34b158b3a3b2289bd442c2186d9180156c2acbb5826efeb8bdfb		
3187	out4-special/layer_664.png	raster-fallback	0	raster-asset	e0fb23bc86cf3eaf01ff4c77ca2ce8c8693442819e986b2fdebf845a28df78ba	17496b284f35d16ad5129b65fbc170873fe1f689eedc76722f080a3a037bab86		
3188	out4-special/layer_665.png	raster-fallback	0	raster-asset	0e996470a92bc093675f36152f2de232a84764ed012d9ad2a52b9bc59e2f19e1	480675f7847dab84954023a95733897f17e5baf4313c657bf7473717e3368ab6		
3189	out4-special/layer_666.png	raster-fallback	0	raster-asset	9c9e86092f338c3677ed6b1898a673c2ac13e8aa8bb5c62f27ce7b7a8f600c7b	9a1458a5ad1c53bcf9da1026600446b8820aa3f5594e662fecb318f81fb77466		
3190	out4-special/layer_667.png	raster-fallback	0	raster-asset	134efa87b1c421f223517c23d10c5559a9aa503a7fcb0d5e32c0b9bced4ba2a2	6cc9ae07f3cb6183453d465c192385e490cd39591c3da90d744f21f401384cf8		
3191	out4-special/layer_668.png	raster-fallback	0	raster-asset	a0e7718bf3a8f0afea73c30b0af5ad268d730f024a0ad8dbfc761b1349e158aa	0cd9976d905c81a5dc1389584d8e835d0ea2a92ff62033c5bdbd3a01ab8ac631		
3192	out4-special/layer_669.png	raster-fallback	0	raster-asset	e72571c157e72768c9f52012b333460cefe0cb794a29738a374375d33e08b581	5258f5d3e7068ff4ec94156f11497d9c9836233c4eb2c57cc7038e1a290706dc		
3193	out4-special/layer_67.png	raster-fallback	0	raster-asset	e5a7811226fa0744110d05f66cefa137413e5bda583747964db13d8204313b72	4dfa394313ed0e29faff438cb04dd63720a52ee04b8eba6a31ba4c7c9e3efda8		
3194	out4-special/layer_670.png	raster-fallback	0	raster-asset	c9c55ef9db21c09bc3a6553cafbf9d4d3b05daa4274c72474007ad0f11c90e39	92a3a8f5775dfe6b1852a5cd755f30ff87feae5c838276094d0f192f36d27681		
3195	out4-special/layer_671.png	raster-fallback	0	raster-asset	27e6184c60c630bf91113d29bc4698523edde6dff026a2c4dcd57d5f67152f32	a68aa252913e9ab483a41b930fd8c1e8b548ddf363a1c043314bc6e81b1fe64e		
3196	out4-special/layer_672.png	raster-fallback	0	raster-asset	296994c0c5c255460ad31f1222d4a656e919591e259c8cf785aa6e8e9991f90f	48350be1d247c04c226fa466588607494a6407edb7407686b1185733403f0d80		
3197	out4-special/layer_673.png	raster-fallback	0	raster-asset	4108f1bb20a54d315d63a0568b0c6ed8d8a54a13949199c01e193f74a311302d	abef3e13b8c1dd18b32fe2f6efb72bb981a9883a15d7fa499ecba9c4c802064c		
3198	out4-special/layer_674.png	raster-fallback	0	raster-asset	701ee577001acbeb73d9601b6733f907ac822bf07f9f40f82ea9a764c64ae0d1	28aeb1268589d8adbb41bed02ac7d83adc7339729af171fcc3b8b3e2750a6f14		
3199	out4-special/layer_675.png	raster-fallback	0	raster-asset	8fa90cdd7fef8d847461895d25d13d991f6839a64701faaaec5e30b4b7a86efd	41b89eb313b7feaf003cf4fedf8e8714f7b2d3f158d100d4764375bdb2371e41		
3200	out4-special/layer_676.png	raster-fallback	0	raster-asset	98e1bccb129cf97729d7a0cdfd2cb2dd0167bf84b98f93e7191d23c3278bef50	f9b943c4a502137a7a2b769a474a3efd3309fe0843692003edf6be56101f756d		
3201	out4-special/layer_677.png	raster-fallback	0	raster-asset	4e45d991e8f7281eb5f4b1c0d594cdd46874438a2d909e81d227a25a6f07e419	bb78233bc8e8684847a4565b79c0cb4d2fe17b05d335738d87082147d5c42c60		
3202	out4-special/layer_678.png	raster-fallback	0	raster-asset	1c6f60c3eaf7e932d19970412b9fba4bf09d903ae770c2d098bd231e597ca1d6	32b8bc3427e14e01056c79e2e6c7574bc975528bc56c4458f3b7d214328b9ac4		
3203	out4-special/layer_679.png	raster-fallback	0	raster-asset	b9480f437210ffa1d8c37cdf5e2c55d41f02e903183f78e65b406814ca6c896a	5602224108be09ec8e586c1e85d6f90b1d0f20fef8fa395f2496d22f0305181a		
3204	out4-special/layer_68.png	raster-fallback	0	raster-asset	3397818f4a7db4b16aeaf2212fa89fa3321860eebe2225ed74cf24880e16ebc4	b3ff3b0badf6f49ceef463a79d0720c77420f6e747f1ad8fdf1241693c8d296b		
3205	out4-special/layer_680.png	raster-fallback	0	raster-asset	3882d5eefff073469d028927efa4c6d7ea2ed6a5364789529daba8ebd1e19466	5ebe629178e7acab7b0d41bd7ddf871cb6ee4b319dffc24edbc138cacd5ab9f2		
3206	out4-special/layer_681.png	raster-fallback	0	raster-asset	12bc19cb5ed6347c5e4790af25d239311dbb457ce658b5806d2f44f7fc45bddf	8fd69391d4bad19867b6d7d170ab8d0efeadf3dec5c2cee234bb545031185562		
3207	out4-special/layer_682.png	raster-fallback	0	raster-asset	2ccd7e64c5c0183272f70a7cfed1ae231929c7d877dcb0b6076d83ed894bb409	8936006a6d04eea3189af7f81cd9364c5610183e6d402ad7871dd64336ff8b68		
3208	out4-special/layer_683.png	raster-fallback	0	raster-asset	ecd1ce7569ce20c5bbe2f5aa44c8ced69891214ed5dab7fb6afe223554e6c144	36002430a191c68f55c108b4c02cb656714cfd88b28482306f0b869b156f25dc		
3209	out4-special/layer_684.png	raster-fallback	0	raster-asset	fa34f940e95eacf39c993eef140e8addde6df65de840d88d428424c4e777a2a6	18655d49e2dd8b194b4783e5798b1c849dc7c6e6590597f56c57b0abe998599a		
3210	out4-special/layer_685.png	raster-fallback	0	raster-asset	56876355eb876b3a2dbcbc45e18d362019bb8ef56202b404dbdb665802f392f5	b28ce1e99d6e286dd2955639f5b2e02c337baf596833846b7b283346ef7aa518		
3211	out4-special/layer_686.png	raster-fallback	0	raster-asset	da8998ab25d072c5406ce7b6afaad01c5251ca89c9bb2f7750d79cf0f2f861f9	f9a0403ff3d0ce7c5f65778f226ce274484cfe2aed7d504953e803a1c1e24111		
3212	out4-special/layer_687.png	raster-fallback	0	raster-asset	3f6070a58a4a5f68b6ceb9995442d33e9144492ea710386b58c28017f478d269	ac377b131997cff68c58f1b9aeb547310d574db66ab6dbca8aba74797d68c91d		
3213	out4-special/layer_688.png	raster-fallback	0	raster-asset	7a8e38cd4f17fa0e050b3c1d92fb0ca06a896ef59092c2496d0f4601a23336f2	c9bea065f1fc8a49785c9e2d2b447026b8c45b8dabf928b72adf44940a1cd6d7		
3214	out4-special/layer_689.png	raster-fallback	0	raster-asset	aa740d32699bcdbc2a8c76adc7be24f963d3bff341323b18164ef38ae5beac6e	d9a3b6778967e0944280924fc82c8598f4bd663a659d8fe0c965a35339357630		
3215	out4-special/layer_690.png	raster-fallback	0	raster-asset	50a9700f489785f4f7470437a8f0b00ede4d2a444af6628c95cc5be63f041eb6	dc1056553de6e402b52bf9f363bafdaeeaeb6eb8cc98628ac196344a595d47ee		
3216	out4-special/layer_691.png	raster-fallback	0	raster-asset	79f295de044ba6bf00ece6132aeb3f483204136db4c8248f7cc57b92a381f853	e2e6480e40c5967ee7363c779da67244c5705d4fcf05cea0170a6f8ceda178c2		
3217	out4-special/layer_692.png	raster-fallback	0	raster-asset	77229801c3047c9fcf8bbb402782794b5114dc0bf837300ee151295ff1148d1b	41dc19e7370ee884a3427b6bf0256c98be8ca46f1bd73c774c7558fddce676f8		
3218	out4-special/layer_693.png	raster-fallback	0	raster-asset	715a6b58e2b00e0483b369c3a0f0cb7ebd2ddf37fc5d98a276cfc8bcdae4c4cd	ec8d8897b8a8cd3f0faca1d5739126acb14aa470e95c816aa61047ca4beb9fa2		
3219	out4-special/layer_694.png	raster-fallback	0	raster-asset	2f104bf32e74361bb5a957f1e6b0a7cd2e9e741aff5276affac3ef0e99491916	958071fa2e39c35ce35ccb48e01ee2ad39a5ff27a8a6c1de82e528099b6f925a		
3220	out4-special/layer_695.png	raster-fallback	0	raster-asset	51a434df8b178128df49ec5130ba418bfbc3897f53028c2e033fa9251d927ac7	a614a6a4d0775863cebb73636a029f781add9e86a5c292296c19413607ca2305		
3221	out4-special/layer_696.png	raster-fallback	0	raster-asset	dd5bdd24475ffeb7c45634e3b9d94c98439df8fa30bd0ca0c8e7c5c95e4418c8	4bf9e45122d9718ddea7321451d904e0d2da7de3cb50df18dc2fa17d005fed2a		
3222	out4-special/layer_697.png	raster-fallback	0	raster-asset	e2d198e4525f8a49cb852cf0e8cf9307d88f828e7b8d2b3c7072eddaa24ba31c	fb1e09ea38f6493d29a8e0c938e5ea8646a53e2495482434add3bb7f3a311600		
3223	out4-special/layer_698.png	raster-fallback	0	raster-asset	d9a8004748682a88b81e1c4e1ae68fdc7f74fc585c14248c4764168a408aeed8	11dcc16d968018d197487e09166104a7549f5c6e333f7d3c1c380a690f39d00e		
3224	out4-special/layer_699.png	raster-fallback	0	raster-asset	15fd1972f61d2914cfda4c1a47fc17226d4d6ce07bd1f3ef7ba7265a1c285d84	f66b0d66141c45527c6d1437ed08b893c23855968179d0f4af492f22bb13198d		
3225	out4-special/layer_7.png	raster-fallback	0	raster-asset	f836ea5fbfce6587819f340d88b03116ec5edacca5813a93ce49edc3d782fab3	1453cdaed031963a235a8109cce3bdec2e69521cbc253bd8df3516717c801468		
3226	out4-special/layer_700.png	raster-fallback	0	raster-asset	9dba14e77ccaad9301a6c2aa135d60ca97f1b0cef7dff0ce6d02a2a423431521	4dcf0b5d951214650ae5949fc045ab8c7c92369bc9d7a307b0a4904507f034fa		
3227	out4-special/layer_707.png	byte-alias	0	byte-alias	19a2a8a1ea097175a736b2b1374e8e116be0e9860f142d156738a74184d1c0a5	3cc709e1336677c88b6cd542eed2e1cafb0d459fd83dc3d2cd61b58ccf16a0f1	bytes	out4 - modding/layer_707.png
3228	out4-special/layer_708.png	byte-alias	0	byte-alias	3b836a09fe1a425e018fbaabeb07c075116c3b3e3249d86ab15d15db64507314	ab5b2f768d6e2247aafbd594669de4ef9a9aba40d2012d670042fcd38dac9b73	bytes	out4 - modding/layer_708.png
3229	out4-special/layer_709.png	byte-alias	0	byte-alias	397830f9358f83c0d06fc382ee7e84fc5252f56243f2109ea64160eab5605496	07a76641af7567ca08483fb164cd6a4028cadfa436a361b446b006a7ef700fea	bytes	out4 - modding/layer_709.png
3230	out4-special/layer_716.png	byte-alias	0	byte-alias	14c653958926ce22ad1cbc02750004a43a2b657f3353085dd4ba60922554a1ed	1788862d9d233091374f8d491626853bf547aacc3c4c591ba2514eca4a8b4855	bytes	out4 - modding/layer_716.png
3231	out4-special/layer_717.png	byte-alias	0	byte-alias	60d2cc512642302e18ba41540b476fb08704b792b4c0023b2e836e8cd4de90cf	04f8830e6b506bdb41dbac0cbc42559d3bc61a3df48a6e8875b2b8a12f9187e8	bytes	out4 - modding/layer_717.png
3232	out4-special/layer_718.png	byte-alias	0	byte-alias	8b0ae24d71a0c7832893c1fc3cfd8f5c6a8a7ad3321148bb04cd73a75dad8c96	d3f5736cf6fd41acc1aad2bfbb879e83c2cd636115e263416bebd79ea669e0f1	bytes	out4 - modding/layer_718.png
3233	out4-special/layer_719.png	byte-alias	0	byte-alias	d63af1da1fbf6eabdd0b9adbeb092e8dd06ff0c099a681d16279969a1508bc85	1e4b7618c3a6db9d3324ebdbc382c2e9bed8f8385a9ed2a9d2871dd54b7f3114	bytes	out4 - modding/layer_719.png
3234	out4-special/layer_727.png	raster-fallback	0	raster-asset	5bec00f66b66cf3c257ba6fa82eac3795eb1bbdf854c5f7fc6d23c541c0b2e7f	9fac9635049853e2eaf79eff637658ede81d10728183cc61e35dc2801e213380		
3235	out4-special/layer_728.png	raster-fallback	0	raster-asset	92e13dad2a8a74e99735d2537a4d7193202ba9654bd6dc40c927a062094669ad	95f9b62061e0bfceff7ecc84628d9c76d0ab297411da5b07a7f03e3e1dada944		
3236	out4-special/layer_729.png	raster-fallback	0	raster-asset	3dd0968bb3fa979c1aedf770dac5cd308f44d2f7a1291beaf852accd13369cbb	4a907af8f00725c1add361f30badccbf7b746778cd258c1cbf9d0c4d73b732a5		
3237	out4-special/layer_736.png	raster-fallback	0	raster-asset	4d91eb9740551e11eb594117c50c1426c917f841a70c1601615a2a743e8e9f2e	1fa335d8d1fddf86561e67f0c3cc1ddf33cbfd2f2c58afcb927372734b1e1a4e		
3238	out4-special/layer_737.png	raster-fallback	0	raster-asset	c78be32f664788f749056af52e7a43038f2a1cc78c429996cb4d2d598bd08acb	a90ef863f43fb3024333ce3bde282b1963fd7cc866ddf66e85ef86d146db02fe		
3239	out4-special/layer_738.png	raster-fallback	0	raster-asset	a79b8fd5268ccd2f8795d6734ab45388ef8d73929f14cd3f17d154a41f3707d0	e68e17a20b48045d4abf27a749ae02b5e1bbf31fc571191ec586ea91fcaba284		
3240	out4-special/layer_739.png	byte-alias	0	byte-alias	f859a22570bb94c13525d47d826eeebd92aa02a34bbdbe97a48f132d897c8bfe	b341b1bf8f2911ca33898bd0ec0b80b719688cf2f20c564007a1ae9bef39ec29	bytes	out4-special/0533.png
3241	out4-special/layer_747.png	byte-alias	0	byte-alias	ea509c249f22ee35dda2e6e15c65c9b2c66fcbd14a4008c65fe8723a72065101	54ad2f7e6148ee212500daf5be6d05bef96b6f61a0d03cc3fc3997883cc61c1c	bytes	out4 - modding/layer_747.png
3242	out4-special/layer_748.png	byte-alias	0	byte-alias	992044d4de8fc4119f475b2a7d83a78d88feb1bbfdb2bd815a3066f0cda40c42	df7d448157d439ed3e9937e6eb03d7028601101ea90f087294370b416fb8eea1	bytes	out4 - modding/layer_748.png
3243	out4-special/layer_749.png	byte-alias	0	byte-alias	b6d3cc027f3378908ca178cafd0fdc4e1d27295a075ed12ce5c2d023d7d309e3	294628ed0e11885095eb584041e381998a4ac5ecacced885ac10d155a03bcc48	bytes	out4 - modding/layer_749.png
3244	out4-special/layer_75.png	raster-fallback	0	raster-asset	8372e94301560d34fd8871a26a557c881b50b3bb32d39e410db1cc7ee20d2859	e98b53378c988eecaf2db3154f6d308070e5e294dc9b1fe3c9bf865ed3dc40b2		
3245	out4-special/layer_756.png	byte-alias	0	byte-alias	d978fd1f30a140cadcabea97c799b2b2e791765f7617b5b503b9375affde8630	dcf89a5cf19688bf13ba32ac2f02af264da832fdaa997cd3a3c1523e71f4c713	bytes	out4 - modding/layer_756.png
3246	out4-special/layer_757.png	byte-alias	0	byte-alias	9e0e96b4b12f64c7620b1126c9672d4c22a061d1544870bc70e9daa769784d3a	98c5c0414ac0c2eb1aba43e2beeaacef284d343f79db4550deeb1063e72ddf1a	bytes	out4 - modding/layer_757.png
3247	out4-special/layer_758.png	byte-alias	0	byte-alias	93755774071eafcb1e69be305cab4397014f6ecccc929186bede9170f17ca470	f0f702de296a5b6224210c7cb2cb33da3d9c44c53bec17be05858e870e529fc6	bytes	out4 - modding/layer_758.png
3248	out4-special/layer_759.png	byte-alias	0	byte-alias	209c96fb1853c54c6f560fd10733fcf2b8914194f501c3cf0b4d57124f3c73e2	673d5243281b3fbc214be6976c12e81bbe2607af955187139e312231a5e1c5b0	bytes	out4 - modding/layer_759.png
3249	out4-special/layer_76.png	raster-fallback	0	raster-asset	a5ae20934c0c08a49ec54706ab8b8eecd7760156e96f1516b9e8a0eadbb21748	0ae2e28d849cfeb0de1963de9874de52d6f01bd0d7054479a193d3ebb20ef7cb		
3250	out4-special/layer_767.png	raster-fallback	0	raster-asset	1f4b3dcebd4b8ba9528b7728803abae50eddbfa5a827c076b005e74bf9f30b3e	1e9b6ee67f26bda5901b7d5415dd394b5b858675361057fa256a98387e132fc1		
3251	out4-special/layer_768.png	raster-fallback	0	raster-asset	1f56c35c9dc726fa1103c9a29a9a684ba4cfab7589b8d0d9ce5f38e0f2f4cdee	396919f549af89f306b69e33c92159bef14cfa2702bc50056fe9e390a26559e4		
3252	out4-special/layer_769.png	raster-fallback	0	raster-asset	42e720d8382db060d993c46f4e0b451990f8aa8605f8567be637fd20caf52e34	744f3c1adc5474a0ccbe961110349f1005fd7e114b93a3fcaa59797d0d437335		
3253	out4-special/layer_77.png	raster-fallback	0	raster-asset	96a2767bf711d3f26dfd235bb0580ac6a8b080c102649d09381271fe5a828864	228f279b7acaf9a3449c1fce1df2163ca7ff3170b2e9ccad4af7626509cf35f7		
3254	out4-special/layer_776.png	raster-fallback	0	raster-asset	54807945ef13ac33d2a586a6eda4f49dfbdb1cc3f812874cbc0125f4cae84d6b	831e45b47a6942191725a68be3de1a61263bf79d3a5efff27f91b3718085caeb		
3255	out4-special/layer_777.png	raster-fallback	0	raster-asset	c306793f65dcfd88ef1471eb1acbbcfd5de99bec095d265f3f18c503c8c9c151	e1eb3f7da90bdd1e41d6237976d153d8e7acf74df2c0f6db2a6748755f143bd8		
3256	out4-special/layer_778.png	raster-fallback	0	raster-asset	bd79c7d80dc3c70b340859bd87c1b79e2964667113f689d2362b3d24ecd99139	334cf155d5853b7ec42e4eec558cf219554680df899f8ab054506b77b6346269		
3257	out4-special/layer_779.png	byte-alias	0	byte-alias	f420b0b357b8c58ccd1905c3db07c592b6b5ae0e8076df19d95420d14df00e01	0aa98c01c70c744fc79380e7abfed7efe568a4cfedbcfa9d63b48f2e7e91a3b0	bytes	out4-special/0534.png
3258	out4-special/layer_78.png	byte-alias	0	byte-alias	b3524f3272447a782fee7795f3aaef95c92e4dd3a2bd86ee00385ed7bfb2cbb4	c3b01462dece4055d0a76f1fc9a77810dde29b374d88eec2a051a5b652453f06	bytes	out4-special/0514.png
3259	out4-special/layer_787.png	raster-fallback	0	raster-asset	d0da7eed83f7d894f8bd4e018b4dfb1951cc0a8885c6a483ce9b48240c6b2c77	f960fb52fa9e231e212a7ad6273c22564d3a4d743285f940741b1b4c6e169343		
3260	out4-special/layer_788.png	raster-fallback	0	raster-asset	d982777b86af182a468b0fa641a37e0014595c6fae5fd7a4b62991aa951d0c61	388392b1fb049af68e3da85096cef06741d13c53269061f43816eb9403d18e82		
3261	out4-special/layer_789.png	raster-fallback	0	raster-asset	a44201c2126fa0e35ec5ef76a091f63f5028c835a0c97de2d69811a69b1f37a8	7672b68864bbd78d879c856aaa3f42fd0dc0289ea308dd16fc20b88289e4b0b2		
3262	out4-special/layer_796.png	raster-fallback	0	raster-asset	7600f82cfb0726c1e2995c0edd7ea2cce320070d8249061a3e0f5be90a94223a	da0f32a3f381d9e94ee5448b35f3374a7cf4085f50d2d4729d4b27f377275d27		
3263	out4-special/layer_797.png	raster-fallback	0	raster-asset	10ddb2a83d63c66f612d60dc87161e3c8c8881c0c4d33154127a81c05e855d9d	b2f289322cebcf273777bf3632e4a78123c37562a2dbe21aebc930bd2593ca7f		
3264	out4-special/layer_798.png	raster-fallback	0	raster-asset	e0c662a37643069bd13fb26d963c7eaddbfe92b0229de7ccea7e46b9cbce9b38	53fd9d384bb111448d8c616fc23988cb98f0769ebcaa11820cce7077b7c49594		
3265	out4-special/layer_799.png	byte-alias	0	byte-alias	39170ee3b3f0f3a7dc842a2ade2b9f075bd7d7f772f18099f9ca6802825cc136	8398b4759db826397f6a324ffe1ef9430a7b8c47d6754b6c11ccf4079e53d34f	bytes	out4-special/0535.png
3266	out4-special/layer_8.png	raster-fallback	0	raster-asset	002e4495ae7d7198002e71d00ae8c855abce48aef591bbc337f33ea9a18cc7b7	649177af8c1a16f3d0c282941824697b9fdbe0e647a7fdad43721b253ac480b6		
3267	out4-special/layer_807.png	raster-fallback	0	raster-asset	0bf9eeda635945607c71fe915c7254b60e9672efa4195a6b8dcf6cb9a0b2e5bc	a0aeac1bf17b59cad6b46cc5e005eca93ce21b0c12091b928704070eb0325438		
3268	out4-special/layer_808.png	raster-fallback	0	raster-asset	3ede46c4f5eac206ee68e621ef111429d91f3a9d4716fe6882a2dfcdbc3cee9c	0d0b653fb7ae9250fed484aa4f418d14b7337ffb1af6751d484bc8cbc920ee5b		
3269	out4-special/layer_809.png	raster-fallback	0	raster-asset	63420551a2ae34e325c1f710c96c875b663588d989ea57da96a7daec168027a6	6142760de982e639eb90f3164428c7466c3281a38da05fe5317cca17550f8cae		
3270	out4-special/layer_816.png	raster-fallback	0	raster-asset	03df21ccf0af95590eb9fd346192e477e022eb3807a30c2fa7a9086e3fa25d37	70b4c1a7bbd0b0fc183c49bad1f7077c1f182a0074624227daae9ac38649544a		
3271	out4-special/layer_817.png	raster-fallback	0	raster-asset	91b6188d52d7803bfb5fce35bcc12bed075754c6ef3a1067c612a678c7498843	020a604d8129467ef920c047fb2083a29e0d06e1e362686f3aa6fba7d60754b2		
3272	out4-special/layer_818.png	raster-fallback	0	raster-asset	974680a21a9e3330f6c9e8b7194b98ae1b08726d79b3f956a222f39b0a81bcfc	30adda3dc732e8d5e9a702a5822c605e0b2bbb00005c3e082377cc9b06fb3a82		
3273	out4-special/layer_819.png	byte-alias	0	byte-alias	0381dc5ce0cab3a9f478d7eb4501f4d4acb55c6825573bf526dbd779fbac2d42	bf95dfd8493ed4dac11820a48292d611e226dc2cd3568f231d70e6ddfe315b2a	bytes	out4-special/0536.png
3274	out4-special/layer_827.png	raster-fallback	0	raster-asset	857877f046d82246920ee3118f5a5a4efc8d1913d01b7e72798a03972c8c530f	288827d776ea0e6903f8be607cec04f1f831c8b5b24975a595018bd811f51946		
3275	out4-special/layer_828.png	raster-fallback	0	raster-asset	53bbfb1c220cdece17bcaf31d9d338409c091f66dbfaa71ae8fbcb860acb6a4c	8cb061a6f0edf67f8f0b61c7692231866929166d2a88d34b67907ea6f6d5ca4f		
3276	out4-special/layer_829.png	raster-fallback	0	raster-asset	bf257734fa71ee4c67f910e9eb6be54cfd01bbe71fe5998fbdd8369e49e517fd	9090a1674ae8dd9ed4f0a4e3efebc3390e84c8632e76c6590d162ee109a12bbe		
3277	out4-special/layer_836.png	raster-fallback	0	raster-asset	4bd81847455a716f3acf7e455ad150c74c29318f6ec37bd71c98bf839a1b8450	50908957ca80b674ece766b2a366da1c072339cdd6c1b89fa47fde0098e2de0c		
3278	out4-special/layer_837.png	raster-fallback	0	raster-asset	6b060c554c0a1e66d0d82b8a2fd48d59ffcc2ca4490b022243bedb62de2ecc73	9bd725872df1c412e4893422c90fcddcbdb369b8febf5fe391c725ee8d1733e8		
3279	out4-special/layer_838.png	raster-fallback	0	raster-asset	b59d57b0841f58883d5bedf643dd354fbd1e64058b5e5ab8058d4374cfa40348	0de5708659aaea2e653bbe246f71965de8a3f32f3a46a91035110d34cc339b8f		
3280	out4-special/layer_839.png	byte-alias	0	byte-alias	bf34afa39203bde4d95d0e940cff256a764b5239b6f2074f9a552e26e6180882	5a59f5a2109c3bacab3a1941e4e6e5b0d1294d27bdeacd068363c1c817eb5ad6	bytes	out4-special/0537.png
3281	out4-special/layer_86.png	raster-fallback	0	raster-asset	873653b071ff9b3126ee1bfba44ec46fc9f8959a29706b4f98d4aea34eab3c4e	4e66c9b94d772718eabeb7c4bbfa9a7decc8daa3a68203f21051094fe56b2716		
3282	out4-special/layer_87.png	raster-fallback	0	raster-asset	3f170eb8c10da12acf9664743177f68a1a78960234fdea8cc333dc285827f25c	07d35b80d9179f8ae3bbaf31f6cf14621573ba5747aef88c5d0589adcd71e92c		
3283	out4-special/layer_88.png	raster-fallback	0	raster-asset	bfcfe7b25eedadc6d212a4ea676f604595ae3f9f040776e7fdb7fd1200a87760	fbbe69a548a969f0541a48d6fb9a02412ff3efdb38c531f713162babd6470600		
3284	out4-special/layer_95.png	raster-fallback	0	raster-asset	a1ea6cf64e915164355604854eae2cce1b8e238514d003037fc7b3b5ae8eed32	df0ae1b50acd2ae7c2cc9b0812c5efc53521c23cae4462a346db304e0b74295d		
3285	out4-special/layer_96.png	raster-fallback	0	raster-asset	668a618a26399d3aad16c0b8ac91ef9b87e054675b0947edf78c04b44e824e96	6710f91fb0676b7e4a91f0ee58508720ac7b1a2538a7f83106ddcb4317745cef		
3286	out4-special/layer_97.png	raster-fallback	0	raster-asset	91962069c6812db48d1a6f6f173c72660ef2c0a9ceef27878427be5b22c68639	5aa1d7c3a4a70d5e5b110392660e0dabc123a9f7cc24979092da7db9669d3458		
3287	out4-special/layer_98.png	byte-alias	0	byte-alias	7e6ca85a8446b8fa6727076e9763f10158a1b81e4cd952561b39469a6979b41e	039e19ea8a046972ec63c8c372efe900edb6610123b9ca774194a73c275c5aed	bytes	out4-special/0515.png
3288	No AA 64px Black+White/A.png	raster-fallback	0	raster-asset	852718869d01bd13b8bc8b5eb49c51b17e1ee5e2884de483f0269cbe04221fb5	5b8f73f39e53862b142886ff72dcb66273171fc66b6cce22e4922bdf933fa224		
3289	No AA 64px Black+White/B.png	raster-fallback	0	raster-asset	5f7ca278e4f53c94245fc3fa7ffabd8954cd43b20d1f08fb9a334cf07fbd8038	d4c3634de65c1e0041f4a4e90e19e60bb78872b4679c667386f181633a51cb26		
3290	No AA 64px Black+White/C.png	raster-fallback	0	raster-asset	591530fb6fcd05465f2bcf4e57e45c0b207e169a0fbb4c3be23a14cbe13e6ee5	4a25ad8e84bc3b5194d5a0b0eaa01e86739b822b272d58714d7dc9b9db83788f		
3291	No AA 64px Black+White/D.png	raster-fallback	0	raster-asset	c59153bc8620bfbf8a3d4289f0f33ca4b18bf4e4aead37035835d452ec2dc323	c1092b9520e222b8bcf2f6c45acae77acc70a4b81f4c25129522bfed4f5c2eac		
3292	No AA 64px Black+White/E.png	raster-fallback	0	raster-asset	00232380f4e4ed69e65a38f37a906343f0622af70f443832751505a8b06a7415	430daee90e37d224cbebf9a3258c25f3d1fee329394b3cd8f3405239659e3b4f		
3293	No AA 64px Black+White/F.png	raster-fallback	0	raster-asset	69225bf26bcc55ead2653140d9b22fab79007d34b46ae43fe4b709ec7828b2c9	a536f16f0c96c341d6099a12bab9828bfe65e146ef6a752079d09d37fa564904		
3294	No AA 64px Black+White/G.png	raster-fallback	0	raster-asset	52ed61f98a1d7f640c5246d9576c3545f554df4b5ae6a8a3f984978e6ce3ac94	d0ca474ff1240e6fcb985d25de7344fe9df475a36b2d5261ddeef4e5ec36ca79		
3295	No AA 64px Black+White/H.png	raster-fallback	0	raster-asset	41e2b603792525626bc338a2453819e1420479bef378d0aceb6b742ff2729974	7123fbd6277c8815de9c7add96b626ccb5f1af8d97578be3fbff873f50afdb05		
3296	No AA 64px Black+White/I.png	raster-fallback	0	raster-asset	3043481692a0cc4a44b55c39cb44d80ab21ed643e241eeb456b33f090d6d265f	5919e884dd537174bbffc2779e71a29251c675f0ad18fbd5f1f73babeecaea35		
3297	No AA 64px Black+White/J.png	raster-fallback	0	raster-asset	67f747a48f429a55138d992f2d51ecfde9a51fcd54c54a64ded6ad2d499082a3	1990bdbe96aec089ab576b1ddad0412472d4c9b1a3770d8b633c8995b2db4d1f		
3298	No AA 64px Black+White/K.png	raster-fallback	0	raster-asset	f934efb12e3c9750abee12bd44b7f482934df39cc6d5fbd1648cdb16deb0e0dd	8c436fcd7e0f528e7c4389211a8259a89ebd8e133eeae9f38ca910558a90d753		
3299	No AA 64px Black+White/L.png	raster-fallback	0	raster-asset	83e349a21f25752e396f5040a9391d9db0f674cee8f7e3c568a871014ab50012	1a78f6cbd25a9eeaaea38cd384b1c947ff11fa655da597dd9da7d29ddabb2eb5		
3300	No AA 64px Black+White/M.png	raster-fallback	0	raster-asset	315b055a228e6e5473140f986327c7be5b25fc2d4501193704b8c3b2f322ee49	b5685ce84e4a70d002f4abb47eb5a399501bfb662d34f16d26c72abb2ffcfbff		
3301	No AA 64px Black+White/N.png	raster-fallback	0	raster-asset	dd217042694a7d9fd8031e015b8ae5889b280cf90c95f7d33402f8ea0521b715	ac9fb7a1c1e0fc9421f8760104cac8be62fc6edda8e602a22644694222f8e528		
3302	No AA 64px Black+White/O.png	raster-fallback	0	raster-asset	f5659306dfe9aa8b3c065ea92e12cdcf58d0f02c5eb7f6a4ec7e7dfd74ca58d5	e1a9d9ef13e6f78b436354958ef19375181829d0269632d9edd3694fa722a940		
3303	No AA 64px Black+White/P.png	raster-fallback	0	raster-asset	133e9bbd540133a18da52dff698a443f6d6e38f9186129912ce27bdbe65a36ce	4482fe926d9c3e86db2c24006b0c9dab4a4e2ed6cad74d8fd24ddf773b743e33		
3304	No AA 64px Black+White/Q.png	raster-fallback	0	raster-asset	d692e5ac062c7e1a6a317ae2b5538a771b5390ae4c4274884a8252e5b9d7ab39	76719afe383d53555365a0a91d964fb41978504e9c111720fca1478cd754bbb5		
3305	No AA 64px Black+White/R.png	raster-fallback	0	raster-asset	b97ee91b4036b2416a1527b8257c1994695519125287b02d2e2fa97e9ca6913b	7d4cddc1ec2a7edaff28653effe22f4761d20d536dc5766f564edeca32db5335		
3306	No AA 64px Black+White/S.png	raster-fallback	0	raster-asset	ae8f2c0ae3e74808c2529a092eab2f417d6e7dd8b56400d72191c563b28579ee	69fd6ff1d2d8973d6aed65a2e91b1651900cc45648c38cab9f4c570a42ec8018		
3307	No AA 64px Black+White/T.png	raster-fallback	0	raster-asset	699d119a3e7f5e287516e8f6c36d19e6f2a12f7e60661f53d9c194fcb07c9a56	e84e4fbd5c0895c84254c24be6f131abee3e2d17053adfeba4c57bcc144fc504		
3308	No AA 64px Black+White/U.png	raster-fallback	0	raster-asset	bafd63b3c43f6fc306273ac39257f122ccbe57036ba85ebe840407f20e37599b	a39c12b0f1e6c885e1635709dc897c8748857c08a9fb0a605fe1905752acc2ab		
3309	No AA 64px Black+White/V.png	raster-fallback	0	raster-asset	849871f55486d1eae23eb5f30f4a183d6dbe88d7359aa2672a3c86b5dc96b653	d641aeaa9c36ac214856f2842780f0f2e46333eb53bea2e1e4260a01fb858379		
3310	No AA 64px Black+White/W.png	raster-fallback	0	raster-asset	4c0d272be85beb69d1db797e679db415fdb2903d4c0c0b4339c7b162d3eebae5	4035c4de0a4f7d9056efef991c0f817967b6fb9e4522f1a6fb3fd9341434843b		
3311	No AA 64px Black+White/X.png	raster-fallback	0	raster-asset	7434348248c319ea8390fb8e07bf66fe9e8251022dde2f155c43760e3315aab9	827dfa2c9768a571c444a0d6073f81c651f35cac8b54f0c90f09a1ebd3a69c5b		
3312	No AA 64px Black+White/Y.png	raster-fallback	0	raster-asset	10c1d18b13d3eed6d5d0af6f1a3977cac38002a2c769a4aa66f9408a95e4a588	08a25eb40b5ce920b119bebfaa6d49c1e06f097d1066d06b7ab27453077801d4		
3313	No AA 64px Black+White/Z.png	raster-fallback	0	raster-asset	780d2bab824af045b106576623f5723d92c241c569b3f8b11788007b64983628	21ad7d0215e8e1be3e427ef946ec6aa59ff3c64292f2015b8a6e70c58d75c58b		
3314	New folder/A1.png	raster-fallback	0	raster-asset	e66fa6a566d310cedbf201e7b4f7f2098d0d60cc558326cdecc0b32d9e64d2a1	4541afb69ace2ee69953b9e54e68085f78e6ab2d15e220aee7aa3897764c47f5		
3315	New folder/B1.png	raster-fallback	0	raster-asset	d372f824a62fa3875f1dc926035732cadeda0d59c1a8b1bdddc0fdac48d6f56e	6916514f62e137d30cdfbfac791aae8e6856db9769bcd5ca222c99641c65659b		
3316	New folder/C1.png	raster-fallback	0	raster-asset	ec76bc4e57606a2b2a35fa84050a23115147811051956c7d8c763c93e61da087	696f6d42b56e75eaab31546880374b1d9be3db810b98ac9aaeb45df8fc423ba1		
3317	New folder/D1.png	raster-fallback	0	raster-asset	975f106a6dc9763e8635dba7e996791b6a4e1acce85df50289901538dcbcf0d8	a14f11ef4f782761464259f14a2263dd0e86588aa5137cda3e3aa74d6da2412b		
3318	New folder/E1.png	raster-fallback	0	raster-asset	c97fd440038ccf309054b7ab3b7c72795583eb97f27d259d47a5472b858e8206	d89431feeced84eac2c4bcab60438453ce9659f60da7926fb227e51a7c8e0ce1		
3319	New folder/F1.png	raster-fallback	0	raster-asset	d32f5c9d5452b716d93ac5674d0079a0a870c5259ed1d17a749852476ffa74fa	56da2372b478117fd0816d85021f5b77ad5b0e1f4921785c8278e5f0407370d7		
3320	New folder/G1.png	raster-fallback	0	raster-asset	bbc14ed7ef4ad4f4d3e161e71484195172a92975e9902e8ec00cc1b39b76cbce	a03928c68f2f4e3159a5fa1ba34f58ebe38c25778abfa34fa848d3c3da0f710a		
3321	New folder/H1.png	raster-fallback	0	raster-asset	924b61429bfa0fdfda3e6b30d708e53a4a394f4343988f716be27b80bddbb5b6	23aaa26c03757a8b50782141f9f8eef1a6f043e753db7f48688e42018d96f6c4		
3322	New folder/I1.png	raster-fallback	0	raster-asset	6c5344240abd6d3052bbf8391c826a0523bf2a60868b4bc783eb34afad0d9792	34eca5e018249084e8cd6bb89d99fcfb6258e2ff9a201a107893c498463e3ab7		
3323	New folder/J1.png	raster-fallback	0	raster-asset	5d989800df32b3f29ecfc3a58e3be484b29750cabd0d43dbde9ce7edfa1d2e35	bd2eea2bd21b278c1d109afffba3352d24e0d3ba6003d6553cbcc0f964448459		
3324	New folder/K1.png	raster-fallback	0	raster-asset	4d025562fc6e2915e617b5cb1150a8b5d43b598828170487ba593d419f2c2cb7	b20a70df0b9373456b26fc466c45e532652a9b4a115ce4028e96892e79daab7e		
3325	New folder/L1.png	raster-fallback	0	raster-asset	d2393a0695f968a3784646daadb2df4e1eb9b35292cce451428c7818411e35cd	f34deaab94455643e1c3e168eefe9632c4edaff4d34f54ab378abceb9af8e523		
3326	New folder/M1.png	raster-fallback	0	raster-asset	3cf0acb201806be12ea4781682861dcd670bc6846f6014a143cf008ae2bfb461	f47cf7d1a2f8ccd7ffee4dabd35e1172e92f466754e158dc676ed452788ef068		
3327	New folder/N1.png	raster-fallback	0	raster-asset	848e5f81c839e86bc1a99ac5475ad28485485604a4483dfd1b31ba45454cd1ba	e68717b11db8bbb2a12fa25a75239b0040ecdbdb7e7c6278c3eba5b0018f09d0		
3328	New folder/O1.png	raster-fallback	0	raster-asset	8d933c0304bb9319311ca9317de6c84e567f2163ccb255afe804a43c12988712	42141de4319f8ae0a9feeff4b43063037c52050395a58d75d3154d1fc595f504		
3329	New folder/P1.png	raster-fallback	0	raster-asset	fa4220e037331958915ee3fce364d88f37812cb3937bbf219361fb4dcf540387	5b1524e3f133d5b50a1627cc8844551fdf66daeddc7811b870258fb9a403f13d		
3330	New folder/Q1.png	raster-fallback	0	raster-asset	a0558ea3ab1903609022149a97f9583adbd5917fd50b59e02ac66fb2a324c5fb	12afd163ee72bcbca8ef1aa541b24394a94e2fa504e65ab23ba5bd953d4a0a0a		
3331	New folder/R1.png	raster-fallback	0	raster-asset	df32a5195c23a7fa4c05649f42895e7b43d491032ed308d4aa1f359ea0c0b91d	b00e644ea023081880cd8ce6ff4e2588ab47e9a2abb41231b41ecd04032aaa28		
3332	New folder/S1.png	raster-fallback	0	raster-asset	bdfe982a6daa8ba71514f34fc6a11b90b65906e97abbedc29d1b11a5c0253f17	9cd65b63bf0a0b5726e366be486671b3cbd68b5a52f42830c052a84b30373b43		
3333	New folder/T1.png	raster-fallback	0	raster-asset	cda2ba2532258019c3444269f37a968794ffafd4dc097de043b0cf3e52a74d86	21166cf316ae9babc54a9f68c562987523e3afcc3665065e1d97432400b7fe84		
3334	New folder/U1.png	raster-fallback	0	raster-asset	f7f58888e19db0a9f12b0754d9999a31c46303860d08d55bf0d9ce8aa02b0dce	1de7a9aa756b8424e58021fef6b70ea7d9eac2574f02dc908a99ee94b9409716		
3335	New folder/V1.png	raster-fallback	0	raster-asset	30a915886ad72860cfa47665769712e7f2d57fc70fd44f8df1017f9616ecbfa5	0c4289910fc21929a7f42c4c3fd612944aff0460dbcc99d426dd20795552026d		
3336	New folder/W1.png	raster-fallback	0	raster-asset	b0b42c4a3afd2bc324b8174187402b826ac2401d941acf955939bd12b2a1aa00	1cb615b20080cfef4fd56c3704d75ffea11cb05f38c4324c70c26335d6becd81		
3337	New folder/X1.png	raster-fallback	0	raster-asset	66e7ce1f180632c0dabdea18b0dcd0b22a1678d391a0c05ad03aaf4d280493df	8fcb839a478232094560a1f7613b4c2b7c432c2388c33f69678dbdc242840df2		
3338	New folder/Y1.png	raster-fallback	0	raster-asset	beb82936cad8ab85af809d75e653dc7a53f278d5dce253dfe5acd0740ec2d7c8	caa555630a8c35566e6ff2f34c0b20fd0de961e4fedce2480fd0afe8c0b8aa4b		
3339	New folder/Z1.png	raster-fallback	0	raster-asset	17b48dafea2623b29649f53fbaa27a5398113ac217d7d12280228f450a8bc867	7816ae4681c0ed3e0f1944a6feaee95c268de2a46568b29cef6e2930850ef7b7		
3340	result/ColBinSet_0000.png	pixel-alias	0	pixel-alias	6efda267de4c44a49c882ac274057ad7c6d178ade52deab28a20e0312aad6481	5e37a9a495f037250f69e0b82b638e2045ccd7069a316eb9660e707a07f75251	pixels	col bin 2/rgb/col_blue_hi-grad00blk25.png
3341	result/ColBinSet_0001.png	pixel-alias	0	pixel-alias	4f3d7e7114f7372462d08d71a704535d92e0e5b21e6184ca2227e3ad91db4f91	499a6a2bc197dc65bc2eb2d0883eb9b8585999d405a11169a90682511adb6b4b	pixels	col bin 2/rgb/col_blue_hi-grad00blk100.png
3342	result/ColBinSet_0002.png	pixel-alias	0	pixel-alias	fc556327d71647a13e26a7974a95d0a1bf15644eda69b62908af6021d5452fef	216fc9a5642940429070f538534be02b26afc96baddd1c8e435e4486faf0d415	pixels	col bin 2/rgb/col_blue_hi-grad00wht.png
3343	result/ColBinSet_0003.png	pixel-alias	0	pixel-alias	8fbc56005b037f75715eef010a68989a380ea22a5a4115347a2d87217f9f83fb	6e98a0d8da0e72debad3a55d76bb17aa7829b9a18d55316a1b7d8ea177b23d29	pixels	col bin 2/rgb/col_blue_hi-grad01blk25.png
3344	result/ColBinSet_0004.png	pixel-alias	0	pixel-alias	5fe30ceb12da4e2218b80525277d847116a1039d79c46b3c7f1c81450a85e345	dbe57be2ca465550cfb9daefd4dc48f2ab368c9f1a9b85771c09f8fe123b5784	pixels	col bin 2/rgb/col_blue_hi-grad01blk100.png
3345	result/ColBinSet_0005.png	pixel-alias	0	pixel-alias	2b0eb032889a29ba2b5ba806faec161252e895d72eb8e81fbde57b26b1c12498	51170e3ae1cfd4df690b29207ef9e056865a8586463f24d291bac90e4f6cf8f4	pixels	col bin 2/rgb/col_blue_hi-grad01wht.png
3346	result/ColBinSet_0006.png	pixel-alias	0	pixel-alias	1d700a5a51be52a3b03e3877798993b7bec6f8484e3b17048c1af385bef24ba4	57eaed9333885efbf98a3b16ad7c74414eb628fbc4537e591088f5816cd02df2	pixels	col bin 2/rgb/col_blue_hi-grad02blk50.png
3347	result/ColBinSet_0007.png	pixel-alias	0	pixel-alias	3887e6ee22837c818dc6ddb7464b0797ece0f8e0715535472b76a5957f16c3a6	32c2f6bb91fc3914d25309c49bec75399e9a0366b9571917e78ac058ddda8b7c	pixels	col bin 2/rgb/col_blue_hi-grad02blk100.png
3348	result/ColBinSet_0008.png	pixel-alias	0	pixel-alias	7157bc06f7596440326212cbb53c62376a690733d29d761c4d247dcfe9d9c67a	dfebe5e211934f92fd9ff6d1f7a481af5abfa46ecfba0866d5a50d898f799493	pixels	col bin 2/rgb/col_blue_hi-grad02wht.png
3349	result/ColBinSet_0009.png	pixel-alias	0	pixel-alias	2f393db4be99a41d9bf8d10507bb57a4ce3ebb1dac5cf9a91acef25a55ab58e9	a1d781e0fa48453bab239cb518e2dc922d2834e059115ef2f9b5731a34ecdc7d	pixels	col bin 2/rgb/col_blue_hi-grad03blk25.png
3350	result/ColBinSet_0010.png	pixel-alias	0	pixel-alias	7fe9f52fe0065783f22580d8e5bcc7f8402fbfad82e04971f3f4601b334434c5	dea31062b89aebf3bf66cc5c882e52eecbb1008da9a0ac2335924cf3741db145	pixels	col bin 2/rgb/col_blue_hi-grad03blk50.png
3351	result/ColBinSet_0011.png	pixel-alias	0	pixel-alias	51f7ee23948b2e0c4abb2004b4ca683fa106c394d7f4848f0b926fb21f7e7c38	b139880bb11bfc527024e4830720a1532c4ed3367891eeeb5f786a35d73dd404	pixels	col bin 2/rgb/col_blue_hi-grad03blk100.png
3352	result/ColBinSet_0012.png	pixel-alias	0	pixel-alias	9e2d3c31c8c5466c572bdde6932e3caba9a0be10d6a1fbb5f8f6f031365f53c5	8423e6b251a6b30a08737653ab8cf84ed335657494b936b3aa4a75b08473f210	pixels	col bin 2/rgb/col_blue_hi-grad03wht100.png
3353	result/ColBinSet_0013.png	pixel-alias	0	pixel-alias	fc1a34504b5c793c280e7097837b47b03be0b466e63a26c2f74e1c32263dbc3e	e57ce01f3c2119687d1f21635992495a01e7a76c7bbf34f8d8c7e75ab5ff25d1	pixels	col bin 2/rgb/col_blue_hi-grad04blk50.png
3354	result/ColBinSet_0014.png	pixel-alias	0	pixel-alias	c8c15f0e4f6dfd60f66e529e74bc9d61c2de2d5818cdcf104b5cac1c5abeca06	39bc1223712a1dccb6b52f5652b8a543023391938870236c4df417f5ba5490b0	pixels	col bin 2/rgb/col_blue_hi-grad04blk100.png
3355	result/ColBinSet_0015.png	pixel-alias	0	pixel-alias	63533068b7ec00bbf306a682a7e175a15a37ca0561d59d6c235c714bb96490ee	bbde9f749ad64ae44d1cdf15af195e5913dcb102d50b3344cf9b4f29552d38ee	pixels	col bin 2/rgb/col_blue_hi-grad04wht.png
3356	result/ColBinSet_0016.png	pixel-alias	0	pixel-alias	739f93889fea8762018c46a14647729bd64026c72c8dbc2bc1e09191a8fca5fa	3350261e6af0b7cbcc98a8394f17c9d362b467576f1446a54e838af5b38320cd	pixels	col bin 2/rgb/col_blue_hi-grad05blk50.png
3357	result/ColBinSet_0017.png	pixel-alias	0	pixel-alias	9cc0c1ed5280e39a81d7ce1a4d09b0b5da3553b018dc0768579481c878011aea	e12e2659c2405185a587e3289cbbcd2b28ed436defd65b0883a3ecac8318cc63	pixels	col bin 2/rgb/col_blue_hi-grad05blk100.png
3358	result/ColBinSet_0018.png	pixel-alias	0	pixel-alias	26a9b8caec0dcefcf1e80b481b02151b1a38fa61d81b1eaf7cce7b067d3e2bca	02732d2d27985b374f3e62bc04c816f095f9c734d111232c3f5ea664fccd3c5d	pixels	col bin 2/rgb/col_blue_hi-grad05wht50.png
3359	result/ColBinSet_0019.png	pixel-alias	0	pixel-alias	fffb5f528a7798f1f1fca4749d9d7bcbba368e0c209e207eefd916f44e3e3115	7a8e00f4fa062b388c622b3aba665a589af5f62012eec36ae029cdde204e99f7	pixels	col bin 2/rgb/col_blue_hi-grad06blk40.png
3360	result/ColBinSet_0020.png	raster-fallback	0	raster-asset	d2fb633645618d358da437a55f92f8572c152245b3d941100b111620683646c2	25cf2d2834e83038b5fc0344d426374c270265bd6d8fdb99fb5595741ff21c26		
3361	result/ColBinSet_0021.png	pixel-alias	0	pixel-alias	dfe734050075b5ad44f1af1782cfc8c3433b88e9874d00bb629d97e6ef0b0326	e62f181ef63571bfc1b09adafa8ea78cde5e1d8926b5f501bf460d0a7d128179	pixels	col bin 2/rgb/col_blue_hi-grad07blk40-rotCCW.png
3362	result/ColBinSet_0022.png	pixel-alias	0	pixel-alias	893f34caf297f5537fd11b4f62829f5a9f8cdb8fb75fc89c9214c1a75c467f06	75b41979215f65e31c570137bba9d1c78db2dd1a70c774b698dadfc5dde1f3a4	pixels	col bin 2/rgb/col_blue_hi-grad07blk40.png
3363	result/ColBinSet_0023.png	pixel-alias	0	pixel-alias	6a81cb84cd3e1a0b9dd5a336aada4db5e15fe072f0f7e3c639bfec46f1ff64c4	258e7d6a3436b2d47da4ff893dd767803be70ad26bc3d38e3a4c515a1b6eee67	pixels	col bin 2/rgb/col_blue_hi-grad07wht-rotCCW.png
3364	result/ColBinSet_0024.png	pixel-alias	0	pixel-alias	88f16d0d3f6f43d8a8f1a2f132748584e85167f99ca2ccde3bee11649be4e42a	8ecf2dd2f97a327d2ef8938568f8013672bcd8c3425b290d7a18a0846c52cdd6	pixels	col bin 2/rgb/col_blue_hi-grad07wht.png
3365	result/ColBinSet_0025.png	pixel-alias	0	pixel-alias	127c2c6ee883b93e35aa9d7cf3d69e784247e06670243523a856b8cff956244b	6bee523639c03674d5ce1365b68f905b3c7d2a40d62a1bdc74811243a7609c80	pixels	col bin 2/rgb/col_blue_hi-grad08blk-rotCCW.png
3366	result/ColBinSet_0026.png	pixel-alias	0	pixel-alias	7d9a00f8ac9dc642dd759b631fc730240cccf29b7661e907ae7202e516d8234c	ed59c8d93d7e2267e9657657aa92025923bc16fbeb65aa0c4f652835d0a67e42	pixels	col bin 2/rgb/col_blue_hi-grad08blk.png
3367	result/ColBinSet_0027.png	pixel-alias	0	pixel-alias	60411cbf8c5250c0c8376cfee0528c97ee5ed7ee0c0362fe886ffce8e9b69011	694360a0d0943eb5e04f4a885c4dcbedee979928d10b9f3fbabe459c25a2fbc1	pixels	col bin 2/rgb/col_blue_hi-grad08blk50-rotCCW.png
3368	result/ColBinSet_0028.png	pixel-alias	0	pixel-alias	533ab82e1209fa7216de67aaab7bbcfaa72cfe636e1022d2f9af23295bdafc5c	5c5468398ec07c7820dd823b037a174462c271cac8bc5fd2b3cdeb5c59ca6e4a	pixels	col bin 2/rgb/col_blue_hi-grad08blk50.png
3369	result/ColBinSet_0029.png	pixel-alias	0	pixel-alias	029308c9467243b6c788c3d81226e689dee0f68295045d0abf755fb1f135c638	179092f2788a0b0cd788c22a2014d8ab1b869195d6cde5eeba8ff8a159ca8848	pixels	col bin 2/rgb/col_blue_hi-grad08wht100-rotCCW.png
3370	result/ColBinSet_0030.png	pixel-alias	0	pixel-alias	d20e9717013c9e6fe4c999037a29a8175a9b2b2afff2cb7e794e67fa524a0930	7994d657e800261ce2c802957246b9f597c56207b439219d79a85c189e9d7edc	pixels	col bin 2/rgb/col_blue_hi-grad08wht100.png
3371	result/ColBinSet_0031.png	pixel-alias	0	pixel-alias	761dad0f5665eeb5046f2abe0d642e1364095cb578949e6e8e269f8a469e208c	6543660bac9d17bb8512893e150d111799e64c53fe0b24234aad7b86506d288f	pixels	col bin 2/rgb/col_blue_hi-grad09blk-rotCCW.png
3372	result/ColBinSet_0032.png	pixel-alias	0	pixel-alias	7eb784458b4971f21bb8e6f4d258d9afc689b76469b4b7419684732b31220112	0d533d9277eaf882c64ab52d15abffd794d4563bd2299b673ca26ccd90e6cdf5	pixels	col bin 2/rgb/col_blue_hi-grad09blk.png
3373	result/ColBinSet_0033.png	pixel-alias	0	pixel-alias	21c7390e2fecc4e564ac70908bbfa08b2cb7e529b306ea3cb7bfdf67b4afcaac	116fc585cde559a8218240236b89a4d79ea5be35e3fd693b47149b1f880c483e	pixels	col bin 2/rgb/col_blue_hi-grad09wht-rotCCW.png
3374	result/ColBinSet_0034.png	pixel-alias	0	pixel-alias	fafe0fdda2c7400aeb46522a9c8484290dbb7566f7427e794658cd4bd6706210	737c4ef78814d049ba56e2e5cdd2bef472f9a09c6d292a80a9ec2e4eeb986edf	pixels	col bin 2/rgb/col_blue_hi-grad09wht.png
3375	result/ColBinSet_0035.png	pixel-alias	0	pixel-alias	4f479df4273ea9e93e9af6a5dd20ca5800763541deffd9426af815515c892e7f	31a1792169b047723eacbfb84687f467fb3f6f73ee485f46b592d1546ccc41a0	pixels	col bin 2/rgb/col_blue_hi-grad10blk-rotCCW.png
3376	result/ColBinSet_0036.png	pixel-alias	0	pixel-alias	c3fc6fc51b479c20e9bd1febc8c77c18280acccce62215d408dbe5dcd1cef083	795eba079ee4306c5ebcf661e62e902af6637d6b5fe8c862671085cb0790f443	pixels	col bin 2/rgb/col_blue_hi-grad10blk-rotCW.png
3377	result/ColBinSet_0037.png	pixel-alias	0	pixel-alias	56155749b42be663510606f94d8622667878d4041d8a733b21a599c7dd44fd50	2c243c7bc31f88635076a04269bc9134749e2ed58bee42c3ff28311ddc6cf924	pixels	col bin 2/rgb/col_blue_hi-grad10blk.png
3378	result/ColBinSet_0038.png	pixel-alias	0	pixel-alias	e02dd8c9381b00cb1024e761ed2656a269088b7ece5e8b1c89f0898cefad285b	ffed5c3b1d1e75105dea3d71cdbeff307583c61674952475c19c9c6e799011f8	pixels	col bin 2/rgb/col_blue_hi-grad10blk50-rotCCW.png
3379	result/ColBinSet_0039.png	pixel-alias	0	pixel-alias	221f2ce0ed5ca4f6a5daab172b692b6077ff121a62aee006e3e3b26e1abc9761	0d603b174aa19262ebe9f0a5a0caa6a22e8eb197691b643c422b748deabe34e9	pixels	col bin 2/rgb/col_blue_hi-grad10blk50-rotCW.png
3380	result/ColBinSet_0040.png	pixel-alias	0	pixel-alias	3eb92944b505880cf1dcfb5c1a67922028f00cd503cb72d4b3f91a1e10f0419b	eb12c4d5bf77c8981c20f65567d23cc30e1d85b70421e26da8a5a9aa62c65b8c	pixels	col bin 2/rgb/col_blue_hi-grad10blk50.png
3381	result/ColBinSet_0041.png	pixel-alias	0	pixel-alias	5b40660d0347a685cbf12f807a1744ba4983e922317a7af3ee39ee2ffb7a6217	39dfec90469926fc0efb09bf60b5b5d26253b721e7a8528c025f4f6448ec8e89	pixels	col bin 2/rgb/col_blue_hi-grad10wht70-rotCCW.png
3382	result/ColBinSet_0042.png	pixel-alias	0	pixel-alias	e334d38a7441c85ca786ff6aedff766e1f0a819c17027d34fb2fa6bbe88692e4	479a93e2546a7e2559e27bc04e15cfe3de59c5148aec2c515278eb4ced03ecf2	pixels	col bin 2/rgb/col_blue_hi-grad10wht70-rotCW.png
3383	result/ColBinSet_0043.png	pixel-alias	0	pixel-alias	7bdbb64cafca7b943b2e71c99b729864dd03422514015f1c3d0a60d85027a0cf	4f3578f0ae1b6754ae68dce43135321991508077149519006d7de7901c374103	pixels	col bin 2/rgb/col_blue_hi-grad10wht70.png
3384	result/ColBinSet_0044.png	pixel-alias	0	pixel-alias	b02275b2df631c038522858f8a3168357976e52c5ed5fce133411320f9aad51f	72d52ac7ab4f010d38eb2c8355b5d61dd7ed2c581b6f619c167f7b6e4d3979b6	pixels	col bin 2/rgb/col_blue_hi-grad10wht100-rotCCW.png
3385	result/ColBinSet_0045.png	pixel-alias	0	pixel-alias	fcbfa83cd5a769f610dff1e48fb63e350886aed065c89c86ffef3c54f27f6146	83036c305732ce49dfa9712d88b6531d40f2ed009b1e4bc18e4a1189fefbfbe8	pixels	col bin 2/rgb/col_blue_hi-grad10wht100-rotCW.png
3386	result/ColBinSet_0046.png	pixel-alias	0	pixel-alias	9f5380437ce776157ff24b828c83fda2b29265a9f3ad1c26791eea9c83a243bd	8a7134ed12e722a507d627d538e650def46e654e68d759c04f7c27a030e4c4a3	pixels	col bin 2/rgb/col_blue_hi-grad10wht100.png
3387	result/ColBinSet_0047.png	pixel-alias	0	pixel-alias	5a610c2244ee861c4443730cf61df5c1ec45427ea6c875f0b94d14a594b08aa6	7c6486bc8a8463363254837ec2b8eb56db952c94cd9f3aa425c02627b500b445	pixels	col bin 2/rgb/col_blue_hi-grad11blk-rotCCW.png
3388	result/ColBinSet_0048.png	pixel-alias	0	pixel-alias	3ef9f138dead3256ec932b4f43ca5be6261056739626f307a5ee10b74becc03d	da9d88467238a079f0a411e3de3f1de8150a2e4598377d59c85b6d20cfc38941	pixels	col bin 2/rgb/col_blue_hi-grad11blk-rotCW.png
3389	result/ColBinSet_0049.png	pixel-alias	0	pixel-alias	9e7f192c9c87b14f88b2dd12de933cb6f2483edae01d3023cb6c8eef24f90e93	31de5cf6bcbd83b170b1d95cc8b51479bced54c493fc9d5a859e4fa50ca5411e	pixels	col bin 2/rgb/col_blue_hi-grad11blk.png
3390	result/ColBinSet_0050.png	pixel-alias	0	pixel-alias	f5ec2a8973c1d0a03fdd2ded886771b5f6f897dfd2a3a41e67f3361d29cd764f	6cad8c698f80c289d077fb72d63214bb29393d711e1bc8942adbaa1e5158c921	pixels	col bin 2/rgb/col_blue_hi-grad11wht-rotCCW.png
3391	result/ColBinSet_0051.png	pixel-alias	0	pixel-alias	203b32cbfa6df0f8f03b822a0f5b8a184d073a7ac980dc66c54f46afbcde6e2e	51e47eed1f827add44bf61aecc076253997c33dcb36f593b66b10ff8eb254be3	pixels	col bin 2/rgb/col_blue_hi-grad11wht-rotCW.png
3392	result/ColBinSet_0052.png	pixel-alias	0	pixel-alias	2c38330cd627c27b39474dd1bff31cc2405ce542deb818d5131a8a3caf456fe6	283bdce49deb272f56f6aa7fdd4ec25ccb1c21904d96eab25b839dfee15b8864	pixels	col bin 2/rgb/col_blue_hi-grad11wht.png
3393	result/ColBinSet_0053.png	pixel-alias	0	pixel-alias	d4010f72b73ff262632a162183c22bbc58b1dd142e9a94bd4e5e705100d92406	407dcee7146469c41a8f17a4d112405d816cde918c1791ff21965744f81acbc4	pixels	col bin 2/rgb/col_blue_hi-grad11wht60-rotCCW.png
3394	result/ColBinSet_0054.png	pixel-alias	0	pixel-alias	68902482534190a330842e9e0e31daeca5579a373b672e3e5983ec2555982c94	9aa1ad73e829bb4e228b68cd890d466785e22b22190705470dd2f71e15b6bde6	pixels	col bin 2/rgb/col_blue_hi-grad11wht60-rotCW.png
3395	result/ColBinSet_0055.png	pixel-alias	0	pixel-alias	8bb175087c5c92aa67288c7adb5944f20a6755332c576c0e763e24498ad11e7f	33fa609ae203480218835822679e8bfec6dac3a74a8712c95a83cdeab0839268	pixels	col bin 2/rgb/col_blue_hi-grad11wht60.png
3396	result/ColBinSet_0056.png	pixel-alias	0	pixel-alias	f341f71ce7833d656f242339a5c99077e5b2b3780df75eb88f3742236f6e3f2b	4d274267841521692730bb89b807fe41c329c6247aa6c5779c3ffcb7a06a69da	pixels	col bin 2/rgb/col_blue_hi-grad12blk-rotCCW.png
3397	result/ColBinSet_0057.png	pixel-alias	0	pixel-alias	c5834fcab48d8ae7804fe466327757d6d477ec1a629484d9ccac9235acdbeeb0	f2efdf82c53b2d5ffeab7c36a37ed70424622a1c2f4a4bf106ce1beca9b604ca	pixels	col bin 2/rgb/col_blue_hi-grad12blk-rotCW.png
3398	result/ColBinSet_0058.png	pixel-alias	0	pixel-alias	b762d24f1a1f2935f36dd946c9a1813c15b80adc8ed42a3214f10bd95abc8daa	13677fe52466e41cffaa3b84f280b79b9f52172a4bf6b26aa9bf09a6ab84034e	pixels	col bin 2/rgb/col_blue_hi-grad12blk.png
3399	result/ColBinSet_0059.png	pixel-alias	0	pixel-alias	cf26714240a4601af0f5d2bfe8cdde078f05de9396e3d3358dbb9d41c851cf9b	e4f4bbe6e0f1f5b84da0d198f2e7d79619cb6eece4bec3cc0db58e03b5eaa411	pixels	col bin 2/rgb/col_blue_hi-grad12blk50-rotCCW.png
3400	result/ColBinSet_0060.png	pixel-alias	0	pixel-alias	35018286c8352027eb26d472955eda0c434eabec832527d2379389cccd3b5947	02005d06f490d62490e3da9d0bbfc796df0a5e8a023a97a7263b7a3877cf7c3f	pixels	col bin 2/rgb/col_blue_hi-grad12blk50-rotCW.png
3401	result/ColBinSet_0061.png	pixel-alias	0	pixel-alias	c06335c879569dafeba267649b435ff5d9af4d8ec8ee2832b0f359b0cf3d6f95	02612eb06af855b9f005c95bee62f0ff3f130fe5cfdac7383bced52efc077e5b	pixels	col bin 2/rgb/col_blue_hi-grad12blk50.png
3402	result/ColBinSet_0062.png	pixel-alias	0	pixel-alias	ae13fa8025fc1e0df8ff2859d5ed40e009b852acbc43f5bd0236053d16cd5367	66075165fea0765aeeebbf67097cdef1727966c4f31458512221f8496dd5feea	pixels	col bin 2/rgb/col_blue_hi-grad12wht-rotCCW.png
3403	result/ColBinSet_0063.png	pixel-alias	0	pixel-alias	d488c2059379d1679f5535781fe8c0ce42aa04999061150988c22f869fe5d19f	b0c9e8b5b293d384e5e4c05da7be6efb450dad59637bc140204d4300688442c1	pixels	col bin 2/rgb/col_blue_hi-grad12wht-rotCW.png
3404	result/ColBinSet_0064.png	pixel-alias	0	pixel-alias	1edd4c29a1c34e02ba085dc316611666f66445c107452910dace1bff5d975d9f	16c6670b7698e3dca69c8f99bcdd8ca17455b68ac1d11bc0cdc1c2fc8130630e	pixels	col bin 2/rgb/col_blue_hi-grad12wht.png
3405	result/ColBinSet_0065.png	pixel-alias	0	pixel-alias	d5bac2aca7459a1848bd3614b7e2b4caab86c5974d78acb9f1ffe6e9cd4a1625	bc0a2a67700c451331b626b9438c5496a2cc8192d7ccf292394ca6104f6c2aa8	pixels	col bin 2/rgb/col_blue_hi-grad13wht-rotCCW.png
3406	result/ColBinSet_0066.png	pixel-alias	0	pixel-alias	69041514acc7d308ad2a9f53b8788efab3a37bba61b924d26a852444165750d0	5ba61bfbb55596a36400a04761fbf4cd8d000c425c01f471f0a0adf87bcc7602	pixels	col bin 2/rgb/col_blue_hi-grad13wht-rotCW.png
3407	result/ColBinSet_0067.png	pixel-alias	0	pixel-alias	162a42fde836cc503ba2a9fce0aea2f1ef8457edd932ab23d117129ddec9c7db	bcfca441e674894814ec1327d7de709d76e136cc1b26a079f5f1d5d3ce0894da	pixels	col bin 2/rgb/col_blue_hi-grad13wht.png
3408	result/ColBinSet_0068.png	pixel-alias	0	pixel-alias	191135fe83b1e43d5404a673eade5df44454dd59f24b4cbf050477d50fa0d4aa	754cad77d8df1249099c56ab46974fa9cdebbbcc71fe93bdd39251ab9298b782	pixels	col bin 2/rgb/col_blue_hi-grad14blk25.png
3409	result/ColBinSet_0069.png	pixel-alias	0	pixel-alias	f7dd7063547ad2dcc8d5a7b4fbc1f55d662a8342ba32525a4953f951053d0cef	c83f2a47d7a6c3436c17a1d4a9ff15a18f43226a077068016eac0393a1890f9d	pixels	col bin 2/rgb/col_blue_hi-grad14blk50.png
3410	result/ColBinSet_0070.png	pixel-alias	0	pixel-alias	c6579c57ca204b8666d355ab23063baa302267c8c56f72bc9b7853cae4054912	516e660fe8b1c684320e0603d2e034dd5e63b3073fb0232596204e29e646fb74	pixels	col bin 2/rgb/col_blue_hi-grad14wht.png
3411	result/ColBinSet_0071.png	pixel-alias	0	pixel-alias	af97899466bd9ce66890c462339c615bc08d244c585c4c0e664783e6be67932a	64ba3afd8385004031c8bcfffb7ec29698c2c57041f5f418bde8e2c1acf13854	pixels	col bin 2/rgb/col_blue_hi-grad15blk25.png
3412	result/ColBinSet_0072.png	pixel-alias	0	pixel-alias	f5e5bdbf8e0215f115e2bdba2072cefd62db7d0e2c8e5e4fa594d557feb00b9e	d95b9c9c7eccceffb2f7cb529d02333feaa8c06fe3b5f71f2a4e1a13dff33b28	pixels	col bin 2/rgb/col_blue_hi-grad15blk50.png
3413	result/ColBinSet_0073.png	pixel-alias	0	pixel-alias	eb4b0c430689f024cfab538cebd405ef8e25de76b20e9712cd84ee423fcba707	7fcc6915be529c590f62f080f7a1add24b30fee3920ae1dc5b67260f6ddc660f	pixels	col bin 2/rgb/col_blue_hi-grad15blk100.png
3414	result/ColBinSet_0074.png	pixel-alias	0	pixel-alias	5cd98208d04f382815807881ef8c61254e447dbcd9977b33bf0a41e68b04f91b	5e3da2dd1c44955704e2174c8abebb34792115e8daea27b0b14072353a40ee45	pixels	col bin 2/rgb/col_blue_hi-grad15wht.png
3415	result/ColBinSet_0075.png	pixel-alias	0	pixel-alias	2a4e0dbdb8493bc2ea07af79ec2b6eb7a22e9cb07775e8cb81c328fdaa8abcc6	ca98de24987d9c1b42bf71e82441d6b599a243da4436c66fd66d7f49142de4b6	pixels	col bin 2/rgb/col_blue_hi-grad16blk20.png
3416	result/ColBinSet_0076.png	pixel-alias	0	pixel-alias	0a32147edede18b159b0d4139be5a92123d32990e2e268e08d37d8986c566fe8	8c3af56447330a99402984b577e8541e834380fd9de04f38f15d8e92e4442a39	pixels	col bin 2/rgb/col_blue_hi-grad16wht.png
3417	result/ColBinSet_0077.png	pixel-alias	0	pixel-alias	d60d3281d27c10b598f89ed45610cb18fee452e29b3d0acb616c06c94d73fefb	a84c7c0e0ebd549a80e6b098b9171e564aa24ad2a6a9f0a71299e8f33ab70810	pixels	col bin 2/rgb/col_blue_hi-grad17blk.png
3418	result/ColBinSet_0078.png	pixel-alias	0	pixel-alias	60cefaa43daafdd37e8d5c9e4e6af081b51c47ec1da0e608254348a8889013a2	dd7ed4cdf2533a597bd301a7d39bd6009f29ffba5d586e79fa912e1595b90fd1	pixels	col bin 2/rgb/col_blue_hi-grad17blk50.png
3419	result/ColBinSet_0079.png	pixel-alias	0	pixel-alias	4ea2fc2fe7b1dcd36cc812f967d820371d38cbf712a4e21427cb80560c2d7be5	778674851fe53298c9f3aa6c9b7facba14023d7d4752757c47cbd9f03b9f4e1f	pixels	col bin 2/rgb/col_blue_hi-grad17wht.png
3420	result/ColBinSet_0080.png	pixel-alias	0	pixel-alias	c34fb4331b2d031d7c644860b54a678424c66ef12352fc165a91dc09840d98fd	7618e36701a5b5ba37eb9e4adfd5bde92ac4c9e0b284fb69c02d39a1e4950528	pixels	col bin 2/rgb/col_blue_hi.png
3421	result/ColBinSet_0081.png	pixel-alias	0	pixel-alias	eafefa25df57a34f60d8d1b1e2b6a5550e054d2f4b253612d11d564d7f9760de	ede366f914fde99eb78b4646d59cc1d22487fe83a18ca23139baac8f72830b7d	pixels	col bin 2/rgb/col_blue_lo-grad00blk25.png
3422	result/ColBinSet_0082.png	pixel-alias	0	pixel-alias	cbe153af8f4c101fa37783bc267ba07a6c73daf9842228e8d3e6f562a60dbc69	8d8a7fa105cab869cc8b7a470dccdc8d13667991844c60125e6b87a369f74f0d	pixels	col bin 2/rgb/col_blue_lo-grad00blk100.png
3423	result/ColBinSet_0083.png	pixel-alias	0	pixel-alias	57c3b7b20c4ed459be72176e6c840bc2c955f7369655a1754883554b2df20ee6	98952b36964a7543357be01fe8e2aa8454ec90ef039f642c3a6f5bab420a8fde	pixels	col bin 2/rgb/col_blue_lo-grad00wht.png
3424	result/ColBinSet_0084.png	pixel-alias	0	pixel-alias	f6f01326958c1e2de3717ccdc9860afc610ecb6769374b878286ff714f9e5f8a	d3b80a0c73081efd081fe4aad10552dcd426f3f471cbdf84bb5a304ac73fc5f3	pixels	col bin 2/rgb/col_blue_lo-grad01blk25.png
3425	result/ColBinSet_0085.png	pixel-alias	0	pixel-alias	bbf85330b9e614ec90a8d37f0f27760a995aeddb10027155c8b46d9c104fc679	4ea7182a8fb19106935ff1cfb618e3d8ef2313231ea9be48dd6d01ad4ea294e5	pixels	col bin 2/rgb/col_blue_lo-grad01blk100.png
3426	result/ColBinSet_0086.png	pixel-alias	0	pixel-alias	690a80c5fa573ccb2a74a37e56ec6839f9fb8302b2ceafd946137aaf05866352	979bddaef36e7aa8209be88fe1d969949bc20b820d4570f0a1d29e7fe7b8239a	pixels	col bin 2/rgb/col_blue_lo-grad01wht.png
3427	result/ColBinSet_0087.png	pixel-alias	0	pixel-alias	0f0a7a1b2323dc120630b944465163dceaab1f814bd47238d892698d99dfb145	20802fd11ab6ec300730baa44a53f5f7a8b446b0baf9d972ab59b683e1c125c8	pixels	col bin 2/rgb/col_blue_lo-grad02blk50.png
3428	result/ColBinSet_0088.png	pixel-alias	0	pixel-alias	76b6c9f5cc2c05f8c67fe6b273fbca74a811b32819d2b5f04ae8e38beea03296	bf44131a0962ee8b8688ced4e9ffe6c9fb74896a80ee70dae2ac252a7f5ba9a3	pixels	col bin 2/rgb/col_blue_lo-grad02blk100.png
3429	result/ColBinSet_0089.png	pixel-alias	0	pixel-alias	8397c38d801c428ad515aafb8cb4d566cf458b34f36a0628756ecd42637f9b81	1d0ac7938aaa01f6eb90ddf9f75818b1713eb487adc98e63d18e2b552a90747f	pixels	col bin 2/rgb/col_blue_lo-grad02wht.png
3430	result/ColBinSet_0090.png	pixel-alias	0	pixel-alias	56abe625e94872b9cec2a5c0b00954d31581ec4d17d8411ef65b739577b6d064	693db262c4f43dea181ead67c4c9f3009026ce1215bac91dad0d3e0000e2a5dc	pixels	col bin 2/rgb/col_blue_lo-grad03blk25.png
3431	result/ColBinSet_0091.png	pixel-alias	0	pixel-alias	f1f936ebe73cf11d14b69339f2d3c6b57ecb07564beb07c231be042f4222d4b2	4965d71eca52b29422319730b69779619510e1191c886443936d32951c1e47c6	pixels	col bin 2/rgb/col_blue_lo-grad03blk50.png
3432	result/ColBinSet_0092.png	pixel-alias	0	pixel-alias	25fcb218b9f4a7de13b00a019541a84036eaa70985ec62eec80c0eca1eee268d	efea6a08a7099992401d68d69cc02da12bf3085f2627a73aff51f6bcc42b8f0f	pixels	col bin 2/rgb/col_blue_lo-grad03blk100.png
3433	result/ColBinSet_0093.png	pixel-alias	0	pixel-alias	3becf7ca04cec1f9011ec97177e835a17ef0e72d7a3c47a9096249852620ffac	8e6f74d546be7b8db8999e0f9db9dc89109463654d9fa58f36d9f86e2e4562d5	pixels	col bin 2/rgb/col_blue_lo-grad03wht100.png
3434	result/ColBinSet_0094.png	pixel-alias	0	pixel-alias	e1c0d3419d1412f12130e7357e437e6f03fc8bf4890639d9500cb88d20c975a9	aea1f22fb7bb4893cfe4ec4f6fecbff894f3aa930523d1eed7010f161d1f51e3	pixels	col bin 2/rgb/col_blue_lo-grad04blk50.png
3435	result/ColBinSet_0095.png	pixel-alias	0	pixel-alias	a4efdc919be169d6e1348f4639a56dde1683aabd3b8a5f8ff7221ca3ba0bb931	9f79f2af33128b9ffc3306f1350f76a4eda0056d725eb7af9db4725934036d8a	pixels	col bin 2/rgb/col_blue_lo-grad04blk100.png
3436	result/ColBinSet_0096.png	pixel-alias	0	pixel-alias	70b209adda898bc87f4c4e724ddfee6e4c49e2bfc9bcc56b4512592d8e7af4c7	966afd3b4f5583a5294704ecf0d12d2bea60db6412d9983c56f5c73bd12ee8bb	pixels	col bin 2/rgb/col_blue_lo-grad04wht.png
3437	result/ColBinSet_0097.png	pixel-alias	0	pixel-alias	4d5e9bf1737eefc85eb3a3aef18d1de69ace3c839e21e5c557e7d81c4139545c	346cc254bdd1ffd0c701ae62146f8760cf998d4ca81366ea81c6beee70d8bb7d	pixels	col bin 2/rgb/col_blue_lo-grad05blk50.png
3438	result/ColBinSet_0098.png	pixel-alias	0	pixel-alias	2fc05384a94b86edf8b909d14bb251effffc99f7c209cec0c150a2ddea38def6	e74dc179170810489ee5a1f5e93de6248299d519b4845aa13050fd9daaeae6f6	pixels	col bin 2/rgb/col_blue_lo-grad05blk100.png
3439	result/ColBinSet_0099.png	pixel-alias	0	pixel-alias	efa2b91e7668f5cef399c54e3c4dbac40795f3cd4399784e35a98adf98980016	81b1bcaf4f04f186e5b81749a001525043307bfa2cd6c76d4f9dd3c313b1ead3	pixels	col bin 2/rgb/col_blue_lo-grad05wht50.png
3440	result/ColBinSet_0100.png	pixel-alias	0	pixel-alias	33932e059edba2828f80d7de0b861b517ad86e0984822aebfaa5000fe08b5fd5	1e39117e2b16c5e6ea6ae5a750004a76e64f2a42913d64b4c893188581f0491b	pixels	col bin 2/rgb/col_blue_lo-grad06blk40.png
3441	result/ColBinSet_0101.png	raster-fallback	0	raster-asset	9069cd5195a0b069b0a06ebfeb44917b5a0745bba3fbd1cbebd3118ff44536b2	d7f1deb68d53203b160a1f7fd80797c07369a3e42846c14be8a07ec5c42958ab		
3442	result/ColBinSet_0102.png	pixel-alias	0	pixel-alias	b590ce1ff22f74bdf4c090e02573dc22a508e880449608bf147d92f0305cf84e	f5626e8b5225e32cc27b1ff6fdf6aff4110336a6cee29688746a0539497482b9	pixels	col bin 2/rgb/col_blue_lo-grad07blk40-rotCCW.png
3443	result/ColBinSet_0103.png	pixel-alias	0	pixel-alias	b4c364d836e725faba2d745a9c3443041c245296564ef0df3fcee6f3aee65f4e	ade3316c492d30a07d80f4699a939fdb70bb7cb7e195727a78336b2bff9f06e5	pixels	col bin 2/rgb/col_blue_lo-grad07blk40.png
3444	result/ColBinSet_0104.png	pixel-alias	0	pixel-alias	b2ab055053d4b637765a0c47371fbea849f44e319468341163ccc0ac052a20b9	594fdb5dd2845516603b549d373724b98ccde8464a12ccb1054fbdb8604ce0a4	pixels	col bin 2/rgb/col_blue_lo-grad07wht-rotCCW.png
3445	result/ColBinSet_0105.png	pixel-alias	0	pixel-alias	555ef80d0b312c4fc5009124a1f58107638de83a5255c2b13e4ac0990c9cd95f	b004811f4f925ea9ab259ed34796a25b3a4968fd5b09f49c9edb9f342076f94f	pixels	col bin 2/rgb/col_blue_lo-grad07wht.png
3446	result/ColBinSet_0106.png	pixel-alias	0	pixel-alias	a26ec33c8ea2f7420a7941f9c219f57c40963d3cbddc7b77010e3e3e442bfb3b	e76c082617cb646ca651a30dd25b0b709c1a887dae9b2b6f63e32a2864637afc	pixels	col bin 2/rgb/col_blue_lo-grad08blk-rotCCW.png
3447	result/ColBinSet_0107.png	pixel-alias	0	pixel-alias	c0de48d2e4b2f60c9fd854ba874b9785345dbf144007fc18ab065f0c5f3eedad	69f44c7c8fa0a8037a583b10e792a21f40b4145fd2fc16043d38cdd7db38dd98	pixels	col bin 2/rgb/col_blue_lo-grad08blk.png
3448	result/ColBinSet_0108.png	pixel-alias	0	pixel-alias	abd7fe83c6fe2255e4a4c82b655b4ce5fb1efec8a3b6c88a5769e0a9b5198f6e	6f33f43e8c18b973c538ef9f80444cf3db6676391441eb102d9e694bc9c742a7	pixels	col bin 2/rgb/col_blue_lo-grad08blk50-rotCCW.png
3449	result/ColBinSet_0109.png	pixel-alias	0	pixel-alias	f205ccb92d923ac912e10148074fc2ca4bd1808f494778c39c99226bdcfa1983	e46f7775cba961b23a01561be7d3d1233366b7ebe4b70d34e76f62989a72b8e7	pixels	col bin 2/rgb/col_blue_lo-grad08blk50.png
3450	result/ColBinSet_0110.png	pixel-alias	0	pixel-alias	bc02d1960b8b9e76c264456558105899fc0d6e872c039b071b80c99f61054d0f	68112150d72af8c8fe8a2e1b7cda439f09ff19df343bee232c9789927ce0163a	pixels	col bin 2/rgb/col_blue_lo-grad08wht100-rotCCW.png
3451	result/ColBinSet_0111.png	pixel-alias	0	pixel-alias	0d6e09a47fee5efbe0c93f251bc1a23e78ff851f5fccd7644a3e0702fe4ceecb	1664a6bc2f96bfa1714814405fcdca9d61a4a660a8ace523c131e0bab6b4ec07	pixels	col bin 2/rgb/col_blue_lo-grad08wht100.png
3452	result/ColBinSet_0112.png	pixel-alias	0	pixel-alias	4074de6021f1217e17f42b20c4192696e9f43ac0753c54c94b95099694cc2697	5047eafe753c8ce0ed200adcfd400ebab156abecfb0ca1a0f48db67eecefee34	pixels	col bin 2/rgb/col_blue_lo-grad09blk-rotCCW.png
3453	result/ColBinSet_0113.png	pixel-alias	0	pixel-alias	fbedcea3c60ae71763e5650a84cd36678a8cd6b659ffb87df4f2e6e8ee2c0fb3	9a78babb8ba79108abfbe0a05e212490b968ed561ed503cf344fa5c1d87a5995	pixels	col bin 2/rgb/col_blue_lo-grad09blk.png
3454	result/ColBinSet_0114.png	pixel-alias	0	pixel-alias	b46595ef8939c67fb380a097887ad61d0830d9253e76bd704529530c24e1e7fe	4cb332684f4482124595c02b0a686431dab5a7f6b8c56fd23e8a8318cb7bb6e6	pixels	col bin 2/rgb/col_blue_lo-grad09wht-rotCCW.png
3455	result/ColBinSet_0115.png	pixel-alias	0	pixel-alias	8767b427ffc707176b8467f5e311683ee745159a185dcf095b5d9cc3ef85b527	094bbe11e780c0a3fdf14aed5ead26408f8fd224dd70b23f73258ef7dd847a75	pixels	col bin 2/rgb/col_blue_lo-grad09wht.png
3456	result/ColBinSet_0116.png	pixel-alias	0	pixel-alias	f03bf6b64c2bb2e4aa6c55f2b7233745505340bb4ebdd0acef7bfcc5c6bed407	76dc894677adb39783e84f872e819937500641e59099c264b77e48f10340c31e	pixels	col bin 2/rgb/col_blue_lo-grad10blk-rotCCW.png
3457	result/ColBinSet_0117.png	pixel-alias	0	pixel-alias	b7ebc696973b9de5dcb70be1d6a20f501a2122416ee50d6a1acb0f427d038bd5	6573bea24b9ca0bc2aacc9a154f5972cd108d9fa4461317cd604ad80ec6ef222	pixels	col bin 2/rgb/col_blue_lo-grad10blk-rotCW.png
3458	result/ColBinSet_0118.png	pixel-alias	0	pixel-alias	e9c952f098346c217ba512ae803ab6f2eff5b8a80363cf1698350c5d3bfdbac1	a617fb65a3e2c41b5056eadc8b95b48c9ac41835e458a89649fadc6c8b194cc6	pixels	col bin 2/rgb/col_blue_lo-grad10blk.png
3459	result/ColBinSet_0119.png	pixel-alias	0	pixel-alias	dc09eab37392bcd9a83a72622dab087e956653cbc9fd2b6251304983e82c3966	f0c74e9f6b90c59b683dbc4c487f10c07f904236737eb86ca44aee17ea1deda9	pixels	col bin 2/rgb/col_blue_lo-grad10blk50-rotCCW.png
3460	result/ColBinSet_0120.png	pixel-alias	0	pixel-alias	d7e18d8dab5dc921de64cc93fbba99f689c1572f649c19b671e7d95ce58faed5	271e29208409875eefddd5bb6079912f938e8b4108685193c57b6207e01ae177	pixels	col bin 2/rgb/col_blue_lo-grad10blk50-rotCW.png
3461	result/ColBinSet_0121.png	pixel-alias	0	pixel-alias	cb3195255fdbc27a1944be51656a9ce197a07b239a81377682f7b1f18a28b24b	d4e6ad062160af3554917102ca63a5a84dc8743b047170c91be08e7e15780e32	pixels	col bin 2/rgb/col_blue_lo-grad10blk50.png
3462	result/ColBinSet_0122.png	pixel-alias	0	pixel-alias	e5b42adb22e63b36b40bc55ef79d2c79403b4724b02df8c130f1fa7ce79d2073	1a57861d846fc11a7b78552b8008006791c39c5b5add936de1ea0fae18792438	pixels	col bin 2/rgb/col_blue_lo-grad10wht70-rotCCW.png
3463	result/ColBinSet_0123.png	pixel-alias	0	pixel-alias	c580be7a16269e32de46c034112654d17240ff3660d1627d3def87ff50ede410	463c607a08e80066f10d1592cef9c3c87b1fa2565f7daba57a792dbd85517ec3	pixels	col bin 2/rgb/col_blue_lo-grad10wht70-rotCW.png
3464	result/ColBinSet_0124.png	pixel-alias	0	pixel-alias	302d464fbe878bdac3bb3afb067ed961ce8c12d91a35a2024093b218b465406f	88cdca927d382a4aa0500272756e6331358ee999aa0e7b611515b16019eb1d64	pixels	col bin 2/rgb/col_blue_lo-grad10wht70.png
3465	result/ColBinSet_0125.png	pixel-alias	0	pixel-alias	ee042871f630f9f92ff6b31e5fd8418cbeeb42be2bf22e15a1a1016b15f04818	a202dd0ae97daedd814ca8348101affa1fa7fbd43cf9a1649bda1794b03a80f7	pixels	col bin 2/rgb/col_blue_lo-grad10wht100-rotCCW.png
3466	result/ColBinSet_0126.png	pixel-alias	0	pixel-alias	8fd31a2134b89de651ae850794157ba64ef1e1f6a5e04de55339da8a35a6a11e	368907339c01c65bbf03b6623a6a227bf43b038cd3ccd5e92f203e99c6bb6a3c	pixels	col bin 2/rgb/col_blue_lo-grad10wht100-rotCW.png
3467	result/ColBinSet_0127.png	pixel-alias	0	pixel-alias	7e6d5f5dfd54ada4521faf8e4f258b5ed8774f54c40b22960d1d53af979ab234	f0ff268929a9d9eea8f9f62218783be61da95e1094cd5f1a91105ae20b347b6d	pixels	col bin 2/rgb/col_blue_lo-grad10wht100.png
3468	result/ColBinSet_0128.png	pixel-alias	0	pixel-alias	1a78ee148061992c3ecd46527a1179cd38880b2fca51058f3fc834a816e28201	7e5e5542293c81edffe59afc6c0ab9349ece83e64d7d6246c61dccc1d7e5ef42	pixels	col bin 2/rgb/col_blue_lo-grad11blk-rotCCW.png
3469	result/ColBinSet_0129.png	pixel-alias	0	pixel-alias	6b4fdaa4cd7175048ec19c225ee2ed58c12bbf3ba8bfd228351dbddcf28a70db	48521bd426d875f987803192750376729b6bb44d44f3378ddf11e430d9a43e96	pixels	col bin 2/rgb/col_blue_lo-grad11blk-rotCW.png
3470	result/ColBinSet_0130.png	pixel-alias	0	pixel-alias	339e620244370ed2e67226082f8db670cf476ce70704062afbe555440b877282	4b6ea703ebca1d4d80b0c2cc2ec867d875c314386a4c49934858cddfbed61fca	pixels	col bin 2/rgb/col_blue_lo-grad11blk.png
3471	result/ColBinSet_0131.png	pixel-alias	0	pixel-alias	7fdfd26f61c90bd5bfdc799808cbf929e342123d34347dd4ca86881032b24efc	8fa97956d229b7f552be1664f926c232b3666e25f2fd2c80658f1682c76701c7	pixels	col bin 2/rgb/col_blue_lo-grad11wht-rotCCW.png
3472	result/ColBinSet_0132.png	pixel-alias	0	pixel-alias	7720738a09581f67a9c47e5dcf1df7e10759da3ca33b8f6ba6feefbe11a3bd32	0429f692a2b23c18aa35f809d87178b977eb51115cce709a375dd6f94766147c	pixels	col bin 2/rgb/col_blue_lo-grad11wht-rotCW.png
3473	result/ColBinSet_0133.png	pixel-alias	0	pixel-alias	ee1dc08e3fddf7940be1857e135fe1dcf41de7ab6d76db77736e49f9c8123242	202fa6983a15f3169801559b731f08277d426180fad353748e523c668e2feca8	pixels	col bin 2/rgb/col_blue_lo-grad11wht.png
3474	result/ColBinSet_0134.png	pixel-alias	0	pixel-alias	85963e81c30c92852aa6a4ec09294f63bec377ca229190db1440507c2033a611	d8122e854f15ad803ff5d176e1a53f8b68c1eafd48fcd604c7f1d714f87bc976	pixels	col bin 2/rgb/col_blue_lo-grad11wht60-rotCCW.png
3475	result/ColBinSet_0135.png	pixel-alias	0	pixel-alias	c85fd9304866024d726894f3ea17595d149b643f7b8719905ae83a032d21ec60	1667bdfa48ae055ed3161497b51b915ee0de9ff6b081774aa749125228e562fb	pixels	col bin 2/rgb/col_blue_lo-grad11wht60-rotCW.png
3476	result/ColBinSet_0136.png	pixel-alias	0	pixel-alias	e0c0055c820b0e9aa0d8366f132be115d106ceb94a2578eb691c4a8bcba02099	85e59e5ed36e5348dadc2b29cba3ad72efd287245446d8a0f208db95243d2255	pixels	col bin 2/rgb/col_blue_lo-grad11wht60.png
3477	result/ColBinSet_0137.png	pixel-alias	0	pixel-alias	7351461f39f9abbf1ea733e76cd82a6d619c001a42f93decc9155c63f3179931	91dda2c0b0df12cc9bdcb462c96a6e50947c002210ac3fb1de811979108a0589	pixels	col bin 2/rgb/col_blue_lo-grad12blk-rotCCW.png
3478	result/ColBinSet_0138.png	pixel-alias	0	pixel-alias	dcc35104619e2af668a8aac1902f722661be86f52cc6a8c8885bf7e860742580	98e122febfb16d5cb4cc0463364a6753b27d24011aeb466a54bdad4ba865ce43	pixels	col bin 2/rgb/col_blue_lo-grad12blk-rotCW.png
3479	result/ColBinSet_0139.png	pixel-alias	0	pixel-alias	e20e1fd761520c03af4fed4cadc8bcc0fdc71770c3a84ce53ca9385e6cb495b0	a35033ea12acab02b6a609fca497f2f51658df9368fa629f6f22dff3ffbde105	pixels	col bin 2/rgb/col_blue_lo-grad12blk.png
3480	result/ColBinSet_0140.png	pixel-alias	0	pixel-alias	6ea552312db499a38ca0537cb5a4096fb2ee244187e2a86dd30be6236dd5acb0	4457ca9b96863bb89945cbbabb45e342426718aad73a0f6fd6e605c5cdb53820	pixels	col bin 2/rgb/col_blue_lo-grad12blk50-rotCCW.png
3481	result/ColBinSet_0141.png	pixel-alias	0	pixel-alias	7a7025ab0b2490d357c6b9eabcb8c94ace40aa51f40d90b1bed209ba7fcdb12c	39e2adb3cfffd304d2a2ac03127678d5a932d25baec3ebf414ba7f210dffe193	pixels	col bin 2/rgb/col_blue_lo-grad12blk50-rotCW.png
3482	result/ColBinSet_0142.png	pixel-alias	0	pixel-alias	07e6479fbbf93e29bedae2f6a55e792bf44a35ff60305d6a065d76cbe725ce3d	c2a4820ecdcf30a67293122453035164066b0cc76df204d5864435764d0774f7	pixels	col bin 2/rgb/col_blue_lo-grad12blk50.png
3483	result/ColBinSet_0143.png	pixel-alias	0	pixel-alias	5c787a4813721ec02bf5f3ada19203c8aa1ec297b1aeb4841ba5e315d6475c9b	809abb5af63d53b875ce4fb776a9bff8064a93f71710a5ca489a67ed88a714bb	pixels	col bin 2/rgb/col_blue_lo-grad12wht-rotCCW.png
3484	result/ColBinSet_0144.png	pixel-alias	0	pixel-alias	59f1c5d958364dae2c497ccde35e938e69540b8251a203fc4830949d17a81069	b403534fe66ef93645ab15d06a19364d4e6275fa3ac14ac7fc6b1d490a5baecb	pixels	col bin 2/rgb/col_blue_lo-grad12wht-rotCW.png
3485	result/ColBinSet_0145.png	pixel-alias	0	pixel-alias	544d0dc022249a6b8bc6c0cda94e0a82b0d1d18ad37f4bdb95b3689cc95c5134	5f6e99e037d830b6338fed8a373b4765cc360491d1a7f3d407a3653cf94461fb	pixels	col bin 2/rgb/col_blue_lo-grad12wht.png
3486	result/ColBinSet_0146.png	pixel-alias	0	pixel-alias	39784b5daa696ad49026b1b2b9d893bc2e2b5339d0f064710576c7d0efa86c0e	a887aec42bdc0b4421ee50d9ff47f6fab96935210abe1a0e10f0cc4c3ea25a61	pixels	col bin 2/rgb/col_blue_lo-grad13wht-rotCCW.png
3487	result/ColBinSet_0147.png	pixel-alias	0	pixel-alias	149699ce22b988ddd1863dc91fec30c2f9855c3b96e325c5f2616b053c53b873	ddb2ce46eb0feab98a2fe39c749e89dece34875f43b3026893b54cc264ba9695	pixels	col bin 2/rgb/col_blue_lo-grad13wht-rotCW.png
3488	result/ColBinSet_0148.png	pixel-alias	0	pixel-alias	ee59cae0843f4ba10a9b6427615977decf4913b1f8aa7ea7a07b5f4011d4cd19	4491b165dd0478b57de95b590b15e7798b28e9c15a2e2316a66ccae35aa35fa9	pixels	col bin 2/rgb/col_blue_lo-grad13wht.png
3489	result/ColBinSet_0149.png	pixel-alias	0	pixel-alias	d8fc7c9d6818a540475847f49b823c559cf222f8cf316dfe57b60f5dbda5f6e2	1e9ed63aede0272ef3708fa9fe445e34f3e7257bd1711be88559462ed6fbbfea	pixels	col bin 2/rgb/col_blue_lo-grad14blk25.png
3490	result/ColBinSet_0150.png	pixel-alias	0	pixel-alias	462bf3a0b3d1074d1917e29cad3b0ad6aeb912f15e3b21da1b70e0d7d92fe3c4	dbedf99ca68ee24503e2583518877fdd813b5df5e2a987ecd03c1147b0bf47e7	pixels	col bin 2/rgb/col_blue_lo-grad14blk50.png
3491	result/ColBinSet_0151.png	pixel-alias	0	pixel-alias	f59de688f080a70fb9dfc4b35e88a403b7b459e8c3c9df6f3f792c592406fef2	0ca9ed2a9c11c82ee4fccd054f67a62233120accb7d1490e8fab1751cafc4732	pixels	col bin 2/rgb/col_blue_lo-grad14wht.png
3492	result/ColBinSet_0152.png	pixel-alias	0	pixel-alias	96f4243a9c6daa5d42596add465cc73269c25ca397121f33b5dec86dc238052f	5691014d4e4a16cfe76cc7b9188102571fc1c6d809825b3775b54335a44e8e27	pixels	col bin 2/rgb/col_blue_lo-grad15blk25.png
3493	result/ColBinSet_0153.png	pixel-alias	0	pixel-alias	8abf6c8649fcc06bb4f33b0801daff0e0ae901a7ae542188b390eb24a692daf4	0ae50b5d545bf94e72348abe72218ce3fca41510632b23c4278c0382b32e1ace	pixels	col bin 2/rgb/col_blue_lo-grad15blk50.png
3494	result/ColBinSet_0154.png	pixel-alias	0	pixel-alias	b9ed3d3864677d59bf45220782c17c7b3e3f556a38910ac41f69115cbc05d733	cad653a4179e7b1ba678b331028a5cd4eadcb3ae9be4bb9f58460852de4581c3	pixels	col bin 2/rgb/col_blue_lo-grad15blk100.png
3495	result/ColBinSet_0155.png	pixel-alias	0	pixel-alias	190df575e025b7fd1ec189bfe847db919fffa91f119138469cf86ed8e6d8d694	6faf8ea611aee5573b49b5a90d5a548672b55003517b77b395a5f9f4ef392b13	pixels	col bin 2/rgb/col_blue_lo-grad15wht.png
3496	result/ColBinSet_0156.png	pixel-alias	0	pixel-alias	f7c3b05d2c8c0d02eccf1812736f5802cea6072f033bb1ea64c52aa7b98a1fe3	a114204aa103e0e1373ebf76695d5dbbd235dce8056177cee25a66de5db91da0	pixels	col bin 2/rgb/col_blue_lo-grad16blk20.png
3497	result/ColBinSet_0157.png	pixel-alias	0	pixel-alias	46feeb625fff2e718fceeb5746f46bd1abf779d670bd8669245b0df5411a9a7c	0636d3d64e144338e223268ae04c1b75af9b1ca05a095ca5159e22d25d27a1d2	pixels	col bin 2/rgb/col_blue_lo-grad16wht.png
3498	result/ColBinSet_0158.png	pixel-alias	0	pixel-alias	2e2950377559bcb959b8cfcd29301848a786cfa68a161ea28c5946aab613c3a7	e2673a1d0537ee52dfff08444fa33e69a0a58862ffb7f9c51e8e4a290204dd8f	pixels	col bin 2/rgb/col_blue_lo-grad17blk.png
3499	result/ColBinSet_0159.png	pixel-alias	0	pixel-alias	cb3ca3b27e885b84bdd6f845c40fffd7b0e36782257bf37486d856cffe42235e	5b439dbcc823176d0531c3f64079a339d10a2df9f3ac5990d4829f444f94262c	pixels	col bin 2/rgb/col_blue_lo-grad17blk50.png
3500	result/ColBinSet_0160.png	pixel-alias	0	pixel-alias	c910ec7c7cbd49a0ba0c3dc76ea43aee42946d641fdeae831363d7c62810a809	fbce2171afd239c541f25e5b40666f0864912bb6e7d733d8da3332c84b61093d	pixels	col bin 2/rgb/col_blue_lo-grad17wht.png
3501	result/ColBinSet_0161.png	pixel-alias	0	pixel-alias	b2e50d5d7f3e1936da75a863f0c00e2e5b665550b4b26b298052e843d2dbb640	3b99251374791660e1f1e9ea29443a05ef7883e0550084224ce356976d64a0ab	pixels	col bin 2/rgb/col_blue_lo.png
3502	result/ColBinSet_0162.png	pixel-alias	0	pixel-alias	a7100bb49a58577660de06fa6b4cc4fcb560dfcde30ecc8779210c03faa284af	87a056eb169868780616f1affbc2e446314832a6000e115f0c5b4e37dc497122	pixels	col bin 2/rgb/col_cyan_hi-grad00blk25.png
3503	result/ColBinSet_0163.png	pixel-alias	0	pixel-alias	a81ee82665f382842d46c872e68584dc162e1a1d230766fa09808b022ef98829	2a55658ea06cdfbfcd721cfd8df4c63aa1b27b91bfaa7162df8b83bde0e41fe9	pixels	col bin 2/rgb/col_cyan_hi-grad00blk100.png
3504	result/ColBinSet_0164.png	pixel-alias	0	pixel-alias	ea979cb27ead65af17e8f81e932d7fbe3ab14a91223ae02e4dadd35199ba8e05	b52c096a3c94fd67326d0c6ae2c2b17b8078a219fb77ff4a6d0c1c57dea2e65b	pixels	col bin 2/rgb/col_cyan_hi-grad00wht.png
3505	result/ColBinSet_0165.png	pixel-alias	0	pixel-alias	8039a2e07ca5f00843a4f1f9a81a3f9baa781ff733620e8adccd9a1e699f4fe0	4ea46c9407ed0b7c675d6a2b07108e87c70f695b91c794d3d779bd4e9ebfc5d8	pixels	col bin 2/rgb/col_cyan_hi-grad01blk25.png
3506	result/ColBinSet_0166.png	pixel-alias	0	pixel-alias	1cd33b9bf3afc037b58c4dc182ec333c364d63eb836a74819c1c12832ab8b68d	06f3941e269c00894299e88ca2f8f1d960d4b37f2a5a6a8d8cfcc62d683eb9ba	pixels	col bin 2/rgb/col_cyan_hi-grad01blk100.png
3507	result/ColBinSet_0167.png	pixel-alias	0	pixel-alias	cb4b7e4256e4c789d63ae395ca4042a9b973a19a7b033d1be445f9954d5114e4	662678880794e478b0707680aa162e6d196e36a260ca99dd1f119c8469f34db1	pixels	col bin 2/rgb/col_cyan_hi-grad01wht.png
3508	result/ColBinSet_0168.png	pixel-alias	0	pixel-alias	a956b3fdbaa4890ea3f7e510801eb3d677adb523efc647d2076f9e58b782adb6	997d8b529f22661499b62df69b6a86533d931f6066dc2f0c7f1f0d8844c4975a	pixels	col bin 2/rgb/col_cyan_hi-grad02blk50.png
3509	result/ColBinSet_0169.png	pixel-alias	0	pixel-alias	52298e6d51f970918e731d0e3d4bb33961c67f73cc2d777df119421a3cb24948	f94c78651e57946cdbfc73f03a9d5a9ebfc758471f205d5e0501c705cc4e38cc	pixels	col bin 2/rgb/col_cyan_hi-grad02blk100.png
3510	result/ColBinSet_0170.png	pixel-alias	0	pixel-alias	fa2912adc1df0f83dd0ce936fe063e2093888656ae38955c3945647546dcaf64	0851ce40a521185c55bdca8b3b76298f8f6f1e74aee786ae3643f748ab99536e	pixels	col bin 2/rgb/col_cyan_hi-grad02wht.png
3511	result/ColBinSet_0171.png	pixel-alias	0	pixel-alias	82fe81b8ff32f7a05d5d26bd435011ab170e40e4ee54656faddfafe4f18cd044	eb72c6a9bd9d418fa2f3333ff1cda814edc7f071698bf14cf930af12bd7752d8	pixels	col bin 2/rgb/col_cyan_hi-grad03blk25.png
3512	result/ColBinSet_0172.png	pixel-alias	0	pixel-alias	340558dbd945aeea927facc93e6e807f4b81953bef32dfe4cd09d74100f5d447	fddaceaf26be17aa44e906e8956873508d8a643733648b452b93511f2ab449e7	pixels	col bin 2/rgb/col_cyan_hi-grad03blk50.png
3513	result/ColBinSet_0173.png	pixel-alias	0	pixel-alias	bc8d6700bb12f0c3fbc6154a02648041871a2c74b8f850bb260f81136ecf99df	b1efd38a33da25579a9a6aaddf733e43cf7f2c201b17213d8a46cf69080de43e	pixels	col bin 2/rgb/col_cyan_hi-grad03blk100.png
3514	result/ColBinSet_0174.png	pixel-alias	0	pixel-alias	ead0faa018195a75291f9a0584eda4936ab2bbfbca2c925cd87448c67f9b3e3e	58c850a28dc1499f1bb1ceeaa9d76435f1e6f0cb74dff36d5097567da83ea3cd	pixels	col bin 2/rgb/col_cyan_hi-grad03wht100.png
3515	result/ColBinSet_0175.png	pixel-alias	0	pixel-alias	3db57c33873f5f20767c8c9760b3da2f37691766c11bcd75d58c661663a833b0	168d86ac6532e4b3265491aa42fa4a895a839c9803e11f5831ad410447c7402d	pixels	col bin 2/rgb/col_cyan_hi-grad04blk50.png
3516	result/ColBinSet_0176.png	pixel-alias	0	pixel-alias	83119a605dd1e076e870fc1140712047987d00439d2c3ee0e14d854d3bf30268	4904669b4f52e66e28ed4c74a9c1e22f4c6fe053d2cc1388a9b14e42653eacc8	pixels	col bin 2/rgb/col_cyan_hi-grad04blk100.png
3517	result/ColBinSet_0177.png	pixel-alias	0	pixel-alias	f83c7f415cdf416540a6cc0358b6913b43908dfff099410992b0b81ca01a226a	6cf51414453cd5ea61ced0f5137e9eca71af9590bd8a12519e58ed945fa8135d	pixels	col bin 2/rgb/col_cyan_hi-grad04wht.png
3518	result/ColBinSet_0178.png	pixel-alias	0	pixel-alias	53bc17ec7f43576b7b107d73f76603c2c6f49061845f1efd1513f25b875ac437	271b1b467c2f3d82cedc0eb241b01ca9605942cee1b1e8be32f97061f044acbd	pixels	col bin 2/rgb/col_cyan_hi-grad05blk50.png
3519	result/ColBinSet_0179.png	pixel-alias	0	pixel-alias	af38900251dfb383de54bf9b6411200d8c408ed70c004caab36b2a06a8334d5f	3fc58b29de2d32132e32d52beba9803a6f844e2f0171a26da9bc57c504d23f4e	pixels	col bin 2/rgb/col_cyan_hi-grad05blk100.png
3520	result/ColBinSet_0180.png	pixel-alias	0	pixel-alias	6f6391e84760dbfca5d5cdeb440b3b2213947fa9f72aa663226fbdb515263994	d804ed466e97fa3621d10de559ca30ca0213a6b5305f7e1e8051f3ddc0980bd2	pixels	col bin 2/rgb/col_cyan_hi-grad05wht50.png
3521	result/ColBinSet_0181.png	pixel-alias	0	pixel-alias	0a707053057e7c0ae1db37e121d2c804d8366e093b921e5dafd30b9c6ff52abd	d037161c674a20de1bf775e3902102e02916da88b6645b6c19c7cbf1a9801d41	pixels	col bin 2/rgb/col_cyan_hi-grad06blk40.png
3522	result/ColBinSet_0182.png	raster-fallback	0	raster-asset	9b99aa6db08cdf74f3337b2fb61f08d477cdb392f07b0804ae3e25ef70109e30	61bd0d84c3cb0d8b28d0252b5ac9a5bd50180a87c6cc551e0a81d78adb511375		
3523	result/ColBinSet_0183.png	pixel-alias	0	pixel-alias	8090d3d7a0cabf71d7308e2e1e260a7bf8b135ce0a9a1a2def7d62f542631dfc	74d66e41fc1280f27abdc6fc85b5c6f2a96b0cc364737d2665dc0c1b7d1f7a53	pixels	col bin 2/rgb/col_cyan_hi-grad07blk40-rotCCW.png
3524	result/ColBinSet_0184.png	pixel-alias	0	pixel-alias	dd6ffcf08ac84bf56011b6dbab0b781ff3ad8fa9088efa9f90672bf6a1313cc1	e11262bc3c343521d3d47df4db654845b0cec89b07d60772b85bbfbd57210a71	pixels	col bin 2/rgb/col_cyan_hi-grad07blk40.png
3525	result/ColBinSet_0185.png	pixel-alias	0	pixel-alias	0a120deb7d4d43e94776b8178390109816921dfb04df54a4340a2de27e6fb09c	b1908cc66923e98e6aad113145d9d9e555b9c3e578171aa530075f6eece5c69a	pixels	col bin 2/rgb/col_cyan_hi-grad07wht-rotCCW.png
3526	result/ColBinSet_0186.png	pixel-alias	0	pixel-alias	4b9b9abf4c8f24d24f4cedd3403142ae66ded63db93ca89e6b588429be282669	15dc9ea700d1e36ed4ceb87b03ab22e9790f7e5351c376e08dd644a4f9fcd727	pixels	col bin 2/rgb/col_cyan_hi-grad07wht.png
3527	result/ColBinSet_0187.png	pixel-alias	0	pixel-alias	dbf30738905b935e9a87ece2ac90e17d6a80185a66d8a05318749f1f536b9671	04496994f778e404725ee3a930009b91b9b92ab49905a349b7245d31b169f51b	pixels	col bin 2/rgb/col_cyan_hi-grad08blk-rotCCW.png
3528	result/ColBinSet_0188.png	pixel-alias	0	pixel-alias	e6effc581a4871337081b88ae3c2fe4faafa6e0e65506a6f767bbdacd7eca614	ae90aa6c98fbf14ca213bf87779930353dc44527e076203de3da85789a7a512c	pixels	col bin 2/rgb/col_cyan_hi-grad08blk.png
3529	result/ColBinSet_0189.png	pixel-alias	0	pixel-alias	46341d5ddbadb3249d10ae5bcceb13aa42c30df2572716b81ef3c18a39519fce	00a84ece4fa51e53708ca42e6a808bdfed836213caf129d2a18d0a46bef33937	pixels	col bin 2/rgb/col_cyan_hi-grad08blk50-rotCCW.png
3530	result/ColBinSet_0190.png	pixel-alias	0	pixel-alias	2887d81a81143d29fb50cfb20c82233bd1cc5bfa5b9ed0f54fb78a240bbb92d3	116ad393d6eb7c4e5fb64e14fc2b3bd94287fc8403be027f54d172231af9cba9	pixels	col bin 2/rgb/col_cyan_hi-grad08blk50.png
3531	result/ColBinSet_0191.png	pixel-alias	0	pixel-alias	1fa60ed6a99da5f4678c96d648bd3e6301a816da22165f078c60d7b9bb3bdcdd	781d12b1f8fbf77094e3c3812344c1bf3329027855dc43c03a289c76cc25c671	pixels	col bin 2/rgb/col_cyan_hi-grad08wht100-rotCCW.png
3532	result/ColBinSet_0192.png	pixel-alias	0	pixel-alias	e5bbb8df3e37c64d4bed0a2b364d8be3f62fa814d6fa4b781b09e9a8f1ec2256	0b546704fc0832538ac2ad0c8bbb5d0f0ca0492a40dafe5b5c408cbebdd4bf58	pixels	col bin 2/rgb/col_cyan_hi-grad08wht100.png
3533	result/ColBinSet_0193.png	pixel-alias	0	pixel-alias	ea4587ce0389d72c9e389da5d92e1f0938f05a9b696615ef360cbb1cd5a58985	6bf671d8983d42e7e11026f9de19d87384884a1033e0617e320bedcea01aecdf	pixels	col bin 2/rgb/col_cyan_hi-grad09blk-rotCCW.png
3534	result/ColBinSet_0194.png	pixel-alias	0	pixel-alias	65f9ca26a9e5a511eb2b81889606e6705ebad1caeb16c136ce39062c3f0c2584	75aec605a7c22ea2f743dc24fc0bf8c32e62f02d1d7de27b3283c11d2ee69a39	pixels	col bin 2/rgb/col_cyan_hi-grad09blk.png
3535	result/ColBinSet_0195.png	pixel-alias	0	pixel-alias	aa349452db800429bed243e84d1dd1ec5bffc1e4f27ac038546f86386eef75f8	f2cf0c65df601dfc09e6b7eea51edbd4fa7b1eb7eb0ec87a11eb321ad351746d	pixels	col bin 2/rgb/col_cyan_hi-grad09wht-rotCCW.png
3536	result/ColBinSet_0196.png	pixel-alias	0	pixel-alias	c6737d854b7cc4acb6672b1168b0051681f3c250c8fd91f7b7fea802154e143f	afb809584e94533b4d5c131944146c5fdf109754d179e4bb974fd1b85d807e6e	pixels	col bin 2/rgb/col_cyan_hi-grad09wht.png
3537	result/ColBinSet_0197.png	pixel-alias	0	pixel-alias	fff6080c57a43e604b63cd34234ed3d4a6f524c8d0764e96928e11fcc3292ad0	284fcdd5886aaf0db18c641c738edf513cf1897322b76dde6408eeed6ffa5205	pixels	col bin 2/rgb/col_cyan_hi-grad10blk-rotCCW.png
3538	result/ColBinSet_0198.png	pixel-alias	0	pixel-alias	d5b5fd795637f52d21227aa3269115b8ea1cf2cad21a933f937002bf44548f9d	b5002ded5a36f85772bfd6e9f6f23bb85b55374c3e9b962768346022b642dafc	pixels	col bin 2/rgb/col_cyan_hi-grad10blk-rotCW.png
3539	result/ColBinSet_0199.png	pixel-alias	0	pixel-alias	1f7bcacc07e5a72a049e315e3a4895f1fc6a8d143c277cd56f2e06bcdefca7d0	ce0444d68382b8a7d018bf0c6f3aebe9431634da804cdd20abea73fe66588aa0	pixels	col bin 2/rgb/col_cyan_hi-grad10blk.png
3540	result/ColBinSet_0200.png	pixel-alias	0	pixel-alias	7fb9fde5ac6d3f5fc5b578bcbac048ab873c5f66a97b617504c4d181116ce644	c989b264b9ee8b235e98d2c01f6e4b5127a9c08f26c2c9a7e5099ee242e1b8d9	pixels	col bin 2/rgb/col_cyan_hi-grad10blk50-rotCCW.png
3541	result/ColBinSet_0201.png	pixel-alias	0	pixel-alias	c99c409a94a0123d1132b0066c6d77ca9879e679ab97cf35fddb32e0e8c8fccd	f0f4687bc92665b0cfb4472d378e65527e1d1fb2529c643c7d81e1dc12c41f47	pixels	col bin 2/rgb/col_cyan_hi-grad10blk50-rotCW.png
3542	result/ColBinSet_0202.png	pixel-alias	0	pixel-alias	42a61ca3bd39edb96024412fe23885ebff986f5a649460d1c7c43f8c631507b1	de2497c56557bcb75ceb5d4af588818841a25e318ea486daf5aff0a0ce104e82	pixels	col bin 2/rgb/col_cyan_hi-grad10blk50.png
3543	result/ColBinSet_0203.png	pixel-alias	0	pixel-alias	12a9f9d84f631c1d3c704056f8e1b8f27a027d7552b57cf9c804a5c82c85a4c5	a080710a08e1b1ef0d65ab60b96ee722360363e500be670fb9645d0769f84bf3	pixels	col bin 2/rgb/col_cyan_hi-grad10wht70-rotCCW.png
3544	result/ColBinSet_0204.png	pixel-alias	0	pixel-alias	c06efd2f520e68e325a1b04c98abc303a885914a0f1a56ca504f4c2764cf2845	c35856ac043845329e97d905db314fbec6ba282eb35bd78148ec75ca18c11a33	pixels	col bin 2/rgb/col_cyan_hi-grad10wht70-rotCW.png
3545	result/ColBinSet_0205.png	pixel-alias	0	pixel-alias	953e395461b8e8328c46628371a8e88808c47c76b54bc2967827db4c3087fa04	46bb66c57166a4ea4f92ef398ddfe53810fb117ca55cc2bb8b1b3b68220eef1f	pixels	col bin 2/rgb/col_cyan_hi-grad10wht70.png
3546	result/ColBinSet_0206.png	pixel-alias	0	pixel-alias	3c15dc74725aefc26883763e6e480447da5edd2b82817943d37f5af90a30dfb1	4f244c6b21943c21f5e3535c276b062dba57b4f1a02b52eee25a1afd1b10af2f	pixels	col bin 2/rgb/col_cyan_hi-grad10wht100-rotCCW.png
3547	result/ColBinSet_0207.png	pixel-alias	0	pixel-alias	f95debcc5f49a40a54905aa5b77d5c8a6b35c1da83db8922449e77d02fe0cd4e	ec7d99fca9fb3fcd24dac8f436df6302300a49a4edcfea2e34629e57af6a5433	pixels	col bin 2/rgb/col_cyan_hi-grad10wht100-rotCW.png
3548	result/ColBinSet_0208.png	pixel-alias	0	pixel-alias	f3697268ec1f12534889b7c5f881173697caf4686955838adc3e8f2b7e2a522c	a1c07c4d4efd8af027fd5a8afaabfc1149b5e36b9cee1c631f883a6f973935eb	pixels	col bin 2/rgb/col_cyan_hi-grad10wht100.png
3549	result/ColBinSet_0209.png	pixel-alias	0	pixel-alias	11625f798057da9bd186c8777170f048f2361cfcf806c1b64c6c4f60f449707b	166a175cd889a0b95e2e3f32084527ca2eea6b5836e0ca298388b0e0352b0747	pixels	col bin 2/rgb/col_cyan_hi-grad11blk-rotCCW.png
3550	result/ColBinSet_0210.png	pixel-alias	0	pixel-alias	7520a9602d09304f67f676e7d89c01a6be39ae20e780c0ab5c0e5d6d5ab4d3f0	27b4c7b6f9a60bf4161d0b327bdbe35d9c181ca07298e2f0d8628daa30e0e233	pixels	col bin 2/rgb/col_cyan_hi-grad11blk-rotCW.png
3551	result/ColBinSet_0211.png	pixel-alias	0	pixel-alias	86b30771d4d7d19f3078b3b7da7336a488cd2c9a2e6bf20d09a1b83d2d21501e	a0bca8dcd1db5f644db4b13dfcde38c8f05ad84982d50ac4d441cf57d2d509b7	pixels	col bin 2/rgb/col_cyan_hi-grad11blk.png
3552	result/ColBinSet_0212.png	pixel-alias	0	pixel-alias	0f57f49da265cae3f5485a51e339a292853d44a91955ea478a5b49bdb1e84ab2	fbd88d3a3b4216d4c353fdce35bb70cfa6a74f2f25e1d062e8feea64d7d33a0d	pixels	col bin 2/rgb/col_cyan_hi-grad11wht-rotCCW.png
3553	result/ColBinSet_0213.png	pixel-alias	0	pixel-alias	b49826434adaa1628a58d49289ab0048df4ded35e13c4801b450b2e9dcfe7d51	1ac0175185ccdd70806c38ffa0c97fa5bea9a44c6e37580e8b3d29d5eef9cb1d	pixels	col bin 2/rgb/col_cyan_hi-grad11wht-rotCW.png
3554	result/ColBinSet_0214.png	pixel-alias	0	pixel-alias	13c33c7f5006eb5d90603d842860751dff12e175c84203ab6e8cd9a8dc82ab3a	974235b5b0dcd8f4cd5e133404b7b89be9ba4bce04c47d8a94b4cc7e5c3463fd	pixels	col bin 2/rgb/col_cyan_hi-grad11wht.png
3555	result/ColBinSet_0215.png	pixel-alias	0	pixel-alias	e9bdfff7df42e7cf3c4ed7fcb806e90e17cfbddb7cc7d38ee08b761a4a61e0fa	89a5bd9b0dc9bb62a932ae61bafe0190588831973ab9d6da494e8ea1fde4f34b	pixels	col bin 2/rgb/col_cyan_hi-grad11wht60-rotCCW.png
3556	result/ColBinSet_0216.png	pixel-alias	0	pixel-alias	7bcf7d8e7e8b7bfc476652f77f02c8011a34831382e2a169b815c0f397e0d243	0a8bec2dcc3e8ccb41a25fa7208b3b8683d9fd399751b7b97840e8af8c8c4474	pixels	col bin 2/rgb/col_cyan_hi-grad11wht60-rotCW.png
3557	result/ColBinSet_0217.png	pixel-alias	0	pixel-alias	f100c95721b23aab5abf2f394f41439417fe8c015a2548440236e9b186000f21	fd6f135831f7971bf4d79b6a46c71441e0cdc5f842e647376b95edd6738a519c	pixels	col bin 2/rgb/col_cyan_hi-grad11wht60.png
3558	result/ColBinSet_0218.png	pixel-alias	0	pixel-alias	1fbfa110b09776359b5bf3bcf7ee712935e800b275b8b2421e4c629dd8493cff	924b40c3f85377a88d6372174a7c244eb4f281b322ae720d1bdcfa5aa77aa348	pixels	col bin 2/rgb/col_cyan_hi-grad12blk-rotCCW.png
3559	result/ColBinSet_0219.png	pixel-alias	0	pixel-alias	3e1d80d6e89b551c5b00f9977e993965e9dfcf94d2a999a541094b9bb4717f03	5b32114e8c106ac92e663ad80e0ee055e4437ea693135c69178f9847d4dafa08	pixels	col bin 2/rgb/col_cyan_hi-grad12blk-rotCW.png
3560	result/ColBinSet_0220.png	pixel-alias	0	pixel-alias	71e78500a384263fbb6d9ceb8ded95623c518c8249b9e345a07ea4e2e89056b1	4e7478ebe2e9dc65ba3c9c766aaeb688ecfef711297d30a71bac2148de8f714f	pixels	col bin 2/rgb/col_cyan_hi-grad12blk.png
3561	result/ColBinSet_0221.png	pixel-alias	0	pixel-alias	ac816955ba8af5875c73de1b6241771bc7cbbb611a4bad7bbed79e41250d336b	97b10ffaf303254bd221bb51d6e525aba30d0ac44cf0e0aa478fe58481dbaa0a	pixels	col bin 2/rgb/col_cyan_hi-grad12blk50-rotCCW.png
3562	result/ColBinSet_0222.png	pixel-alias	0	pixel-alias	0d1634c821948271a5e1c9e6833750b7af75fb0c6d72398b909b09d06c9bb310	4eb4b32177bf042faff80e62239feb63e73e433a186f938859c9a1ed9c9ccc57	pixels	col bin 2/rgb/col_cyan_hi-grad12blk50-rotCW.png
3563	result/ColBinSet_0223.png	pixel-alias	0	pixel-alias	f1bafe97089501c4809fff1bfe06582601a1617ef4d6d0ad4207aaab13413abd	dfb7c67d519ea6caed19110911f759726656e94439b48f5331c06dfaecd2832f	pixels	col bin 2/rgb/col_cyan_hi-grad12blk50.png
3564	result/ColBinSet_0224.png	pixel-alias	0	pixel-alias	5d4375d03fda27ac505d21fa8b8d0f5a88b097408ff097251a630bf9ebd50770	5132b29bfbb2a34beae3b4256069fd509b541d1ef48700ade13ecb3ff798dd3b	pixels	col bin 2/rgb/col_cyan_hi-grad12wht-rotCCW.png
3565	result/ColBinSet_0225.png	pixel-alias	0	pixel-alias	0e2a96b4598038c87b134b7fd299bf03c6afe358c6567eacab413cc049b7c026	71a0239bb01f14442351ebc765627ab5edbb1d2ab81109e1ce206edf0264ae9a	pixels	col bin 2/rgb/col_cyan_hi-grad12wht-rotCW.png
3566	result/ColBinSet_0226.png	pixel-alias	0	pixel-alias	e3e08380dd24c5e7d049bb9d7c3d5f2622b6b17020c4b66226fc29ee773efee6	0a2c67a289007a0bc3e6751b412742958f346e9d9c209eb419d633a48f00fd96	pixels	col bin 2/rgb/col_cyan_hi-grad12wht.png
3567	result/ColBinSet_0227.png	pixel-alias	0	pixel-alias	a2a3522f5aa57e2f823718e7bcd067540b4ecd206c42c6e2ed6a99d5253da6b7	d27ddc011ab2a0513776f09d388790e820248c3962529739c93f8a3c3fb8c180	pixels	col bin 2/rgb/col_cyan_hi-grad13wht-rotCCW.png
3568	result/ColBinSet_0228.png	pixel-alias	0	pixel-alias	0413562299fee188b7f43ce7507c8d133139486f0d615370f6e427e16900fbf3	9b6c019a14c1054a84cbfe8b0dfe9674c6ba79ca4b165e9bcfd58327b6f64100	pixels	col bin 2/rgb/col_cyan_hi-grad13wht-rotCW.png
3569	result/ColBinSet_0229.png	pixel-alias	0	pixel-alias	64da2a4a2106d1ec583080e31931d34725ae9d7fe1742347589c06bb457e5e07	87ced2dd6bee6a357c5ce28707c4109b584af9dcc49eaf99eefb52522024fb7e	pixels	col bin 2/rgb/col_cyan_hi-grad13wht.png
3570	result/ColBinSet_0230.png	pixel-alias	0	pixel-alias	fc965e26ca1925a37d39c61a596c43661499dbf6d84b31c0f9aa02420a0d39fb	55e35e1a8b553149810f28eff93a5cb814b414f6880d0b5b62926b969adff296	pixels	col bin 2/rgb/col_cyan_hi-grad14blk25.png
3571	result/ColBinSet_0231.png	pixel-alias	0	pixel-alias	68bd56d692d18b96286e59e3ea5e2a65bb1e7f260fa6da0d8699d7208e10a356	822ec47d6ae70ac2735d18a4b53ab6f9fe5afdf04e7ef067bf614bfb8140a7f2	pixels	col bin 2/rgb/col_cyan_hi-grad14blk50.png
3572	result/ColBinSet_0232.png	pixel-alias	0	pixel-alias	a9583800ee5af896ee520b5c97b0686e71809ffc2d8e74310a7500d8191ce2e9	233cd04af857d121eeacc3d242200bdd0fef0da6130ecff02d894db231c33497	pixels	col bin 2/rgb/col_cyan_hi-grad14wht.png
3573	result/ColBinSet_0233.png	pixel-alias	0	pixel-alias	ee030ed263fb402d6eb9d72200b73bc7180966b272e70bb86c88b2575963017a	7a583410ccfa3944f658798ff5ea505d25bd5d2527a81c68958539ee8a2a9b23	pixels	col bin 2/rgb/col_cyan_hi-grad15blk25.png
3574	result/ColBinSet_0234.png	pixel-alias	0	pixel-alias	6f2a75b7573c8cc186e30bf838b20ff9341fb70109d1a049bd1f511c1964ce55	327fa136f3dfa7d41970ee29eb126ac65a8eb4b82dd0e808a14d323ad873815b	pixels	col bin 2/rgb/col_cyan_hi-grad15blk50.png
3575	result/ColBinSet_0235.png	pixel-alias	0	pixel-alias	a6b210f2a2d101263e8b6b3f429adf3a177784fe40577ef8fbcf15fe87cd0336	f27d463fc9c3bb10b0aba9e89329fa984e68ce52db044c7c76d160320630dc25	pixels	col bin 2/rgb/col_cyan_hi-grad15blk100.png
3576	result/ColBinSet_0236.png	pixel-alias	0	pixel-alias	4d80e4f516b8306d9ee1e50de31d6240eca4d169c6b21f3b359885d6d50d155f	bbe683188d6b7a1dc02813841650ab02502ae285bc24dfddc1ceb715c46bec11	pixels	col bin 2/rgb/col_cyan_hi-grad15wht.png
3577	result/ColBinSet_0237.png	pixel-alias	0	pixel-alias	07be7cafc137785917d0ced149a2020de2cbe987bea720230e849549779cf209	2203ecbf45557ec49d3556e06b0f9bc281646bdde462a89da9733b40a9695fd9	pixels	col bin 2/rgb/col_cyan_hi-grad16blk20.png
3578	result/ColBinSet_0238.png	pixel-alias	0	pixel-alias	b14386cc60a91ebf267d3c93b0efd4ec9002c97363246e64c23fcccc0f005ce5	4350273fbcd60f337fe45be0b71b465fdeb77a6614e8d048152f9fdea9253378	pixels	col bin 2/rgb/col_cyan_hi-grad16wht.png
3579	result/ColBinSet_0239.png	pixel-alias	0	pixel-alias	ab44ef95ce2814e1a4087b9b42d9c2394a8843939a242c524ea89212537eac2a	9aa46b525ca66dc6a6aa55167912df66417d3b07467e750479d6060a094a374a	pixels	col bin 2/rgb/col_cyan_hi-grad17blk.png
3580	result/ColBinSet_0240.png	pixel-alias	0	pixel-alias	b884e741fa464c32b0c0cc2e36883d2f1bf9de96dd8733060db26738a308c3c9	b2498d7688fffe8a5c21b45f96629cde91bd17de01505008d563a25ce4e346a9	pixels	col bin 2/rgb/col_cyan_hi-grad17blk50.png
3581	result/ColBinSet_0241.png	pixel-alias	0	pixel-alias	ce7a6163d31df3aa4e74edf55ad1ee9ca573c91195a6645b1e86503239291957	16ccffafb49e1826f53870acfb877097acc7c07bc5f3f22e3903c7a51c97562b	pixels	col bin 2/rgb/col_cyan_hi-grad17wht.png
3582	result/ColBinSet_0242.png	pixel-alias	0	pixel-alias	85d8b62ded901c24b4abd09d1a5a46cb79f1ff0dfd1008f85310f0c3c685d683	a611f0653d7c13f7625baff203d06ff4987c5bf2edc2742b1da30eb0d8e78292	pixels	col bin 2/rgb/col_cyan_hi.png
3583	result/ColBinSet_0243.png	pixel-alias	0	pixel-alias	1e49ae6a6e19ba8dded454731fe64cc46ce151f3bc58db25d52e11686a220fe3	cd94f35fc21063db9d194d129cd0b5790db18a5c8d4b96b06713374340bdc0bd	pixels	col bin 2/rgb/col_cyan_lo-grad00blk25.png
3584	result/ColBinSet_0244.png	pixel-alias	0	pixel-alias	d4da08d3ee60a16ae124f0ae96c45c96101849d9a74eaa6cf6b17e50d67df247	912b84a5af5738c9ace3054c8c38a09c5103a42ada32e98cd7f1a6b76d414793	pixels	col bin 2/rgb/col_cyan_lo-grad00blk100.png
3585	result/ColBinSet_0245.png	pixel-alias	0	pixel-alias	3e2f0333b14a7964c23100551f90697cd72f8518da66684eec3836a8150261e5	26d6cebadbc380910f6c5d54c41600b8fc6ea1941cafc11b348770ec25c47661	pixels	col bin 2/rgb/col_cyan_lo-grad00wht.png
3586	result/ColBinSet_0246.png	pixel-alias	0	pixel-alias	e8948a354e1e49c9ba12f54567c9b1f8d46bb884051d08503c6b567b86136706	520d2324426cde20e1899aabe791eea96679e92343c56da80ac9d02107fbc93a	pixels	col bin 2/rgb/col_cyan_lo-grad01blk25.png
3587	result/ColBinSet_0247.png	pixel-alias	0	pixel-alias	272cbe0bc3a198fddc6a6ce481f1f95ba8c49f6cbd28b4e9c45c52732da0bcff	f222ad4a4d41d5ebab93bd5b3343de440cc86f37f1d0e57368529d09d08d5f34	pixels	col bin 2/rgb/col_cyan_lo-grad01blk100.png
3588	result/ColBinSet_0248.png	pixel-alias	0	pixel-alias	377609d6044a6837ebdf8d5c4858c1463156e98fd15092c907410a4179ac5b78	ff9ba94d05288185323640efcbe28083324892bb350410f5e054a90f562b3270	pixels	col bin 2/rgb/col_cyan_lo-grad01wht.png
3589	result/ColBinSet_0249.png	pixel-alias	0	pixel-alias	b05499a19031f4cd1237e7e6bacff66b3cca7afe5338acc77998d6f51cde1af5	673ff382d44488cfbc13eddb34ac507d2a3b0c1fe7d1020d7c6df50352dd0976	pixels	col bin 2/rgb/col_cyan_lo-grad02blk50.png
3590	result/ColBinSet_0250.png	pixel-alias	0	pixel-alias	1ccab5ab9575f1acb3dd62aca2a5042b7e4a5e29fe4ce519764edc05a5a8c641	a7223aaa7d91a0682571faaa97fec5a4e6afba7788d252452acd8b3ee93cc953	pixels	col bin 2/rgb/col_cyan_lo-grad02blk100.png
3591	result/ColBinSet_0251.png	pixel-alias	0	pixel-alias	41e267ed110fb7514052a24c8c243e2c2a0986448b2f2082473fc225d4cbaecc	1fa1a9ba363ba4680613be835923156ed7baff58d47cb6a932a1c4223acd3b3d	pixels	col bin 2/rgb/col_cyan_lo-grad02wht.png
3592	result/ColBinSet_0252.png	pixel-alias	0	pixel-alias	e79a30e8f8a446e8763787304fc18562157cdde28b321fc6758c66584010b889	58686f2f9e434e5e7cef9df57524b2a5ad8781e2d56efed7799170608cdea6f5	pixels	col bin 2/rgb/col_cyan_lo-grad03blk25.png
3593	result/ColBinSet_0253.png	pixel-alias	0	pixel-alias	7a17e84cf53668bfa7c8925e1a9db0e1b35f9f266328952f3a22f37f784ba207	2d20d972ad158ccdc5c02da1b44e0ccfec3349a012be4c52237cf6a3a4f22220	pixels	col bin 2/rgb/col_cyan_lo-grad03blk50.png
3594	result/ColBinSet_0254.png	pixel-alias	0	pixel-alias	c18b6f7b08a55d6e1c4bee974c0baa1b0a6504ce6d5692fe51972b9317c875c1	25b6326051e6b15208e33cd0c655db37ed71e3729383701763ccdb9da1a88909	pixels	col bin 2/rgb/col_cyan_lo-grad03blk100.png
3595	result/ColBinSet_0255.png	pixel-alias	0	pixel-alias	0e711839c3c26d8baf228e7436b0349830ebf0aee1a3cbba33265a69413becce	d68d0b5140f19454fb460781878cd3221a0ccd738a566c9f27a5280fe715a1fc	pixels	col bin 2/rgb/col_cyan_lo-grad03wht100.png
3596	result/ColBinSet_0256.png	pixel-alias	0	pixel-alias	f15ca654dbff8bff72e31c87bc911f091153dfcb48d7bd301306442326795d66	33cdef8565f6834f4883a70b3a1b124d1079505a9995e50007999414b101cfef	pixels	col bin 2/rgb/col_cyan_lo-grad04blk50.png
3597	result/ColBinSet_0257.png	pixel-alias	0	pixel-alias	fd1eac9077a14b4a26100d844b713c9423fafe7fc1636351ec0c2ad39c273221	cd6ddd618c969749dd78f30731ef0db9df55937a401195b1a240fd15f143e53a	pixels	col bin 2/rgb/col_cyan_lo-grad04blk100.png
3598	result/ColBinSet_0258.png	pixel-alias	0	pixel-alias	f6d319c4aaf02217fad3db850ae8e81c63410a68135bfcd26fe8aa76c630fbac	52e98af0af467cbdc8572ebf80cb4ed9795e52b3cdfacf25bf9aefef497e1bf3	pixels	col bin 2/rgb/col_cyan_lo-grad04wht.png
3599	result/ColBinSet_0259.png	pixel-alias	0	pixel-alias	f246a1424b04da6073e1195bac22fbdfb73619f705fb1ef242158dca6ab19175	07da238a3bca130067e61e2b52abb58147e3ed5fb30dee77f4c004d87e328892	pixels	col bin 2/rgb/col_cyan_lo-grad05blk50.png
3600	result/ColBinSet_0260.png	pixel-alias	0	pixel-alias	37d6b65c8c68ce2c3ec2825b82f00b11c7c6fe57515a419fca0d63449272114e	d66b629f05ca7dd8f7594c1b6bcd466ae92207fadca93373f28f538439ba364c	pixels	col bin 2/rgb/col_cyan_lo-grad05blk100.png
3601	result/ColBinSet_0261.png	pixel-alias	0	pixel-alias	3e24246aed600f3faa1d5f95ffed2b8a24abe62ac98fff75c5de4719e2f4cac0	49fab2c01d6f690e728c766fe45980f496e3e8d48b5b0f0f96b54d33e69a0661	pixels	col bin 2/rgb/col_cyan_lo-grad05wht50.png
3602	result/ColBinSet_0262.png	pixel-alias	0	pixel-alias	45c962ef57f4ed991b7634340c7f9eed8cb7ad66721bdef304c471d9c1261ddd	39483f7bbac2db3524ba982d2e4b3bed5a4437221001a759ef27420c620f3c74	pixels	col bin 2/rgb/col_cyan_lo-grad06blk40.png
3603	result/ColBinSet_0263.png	raster-fallback	0	raster-asset	3d3775fc74cc360c59e8c579bce9a401e9bb5c2b8df8cf16a858805d0e2287f3	3974cda4d26934b1c3c32e03296d59025feb8036f78ffe4902cf42e6c49ea1df		
3604	result/ColBinSet_0264.png	pixel-alias	0	pixel-alias	87384dd82897c74455e3346aa2e6c5cb01d1e26b504dd024523e788586cd6f4f	455aaa501309873225d9268e81bfbdff93355979f07b138a987b3145c206a534	pixels	col bin 2/rgb/col_cyan_lo-grad07blk40-rotCCW.png
3605	result/ColBinSet_0265.png	pixel-alias	0	pixel-alias	14dfd796975df6b68fb6c341bf21e1a6f77b8705215187c5b06d06b2f1abff08	51702f092a23d4df787bd194fc54b6e2685a2f028ea5724e42a3a97c6cdc1e01	pixels	col bin 2/rgb/col_cyan_lo-grad07blk40.png
3606	result/ColBinSet_0266.png	pixel-alias	0	pixel-alias	a750691aebf339e3c11e47ac634d7f700444104e4a2919473fc5a2e24bb0773a	2f67da0ae04a88cbe143112aa14a6733e5b16d2c3f1c874e2f9914e3dab830c8	pixels	col bin 2/rgb/col_cyan_lo-grad07wht-rotCCW.png
3607	result/ColBinSet_0267.png	pixel-alias	0	pixel-alias	d84fd0fac7f85809fd6c4dba117b193442398731a44bbd924f0d111683d1aa91	4d312dfeec0acf85991f689637e5738be65533814363dd9f47be6e71898f891a	pixels	col bin 2/rgb/col_cyan_lo-grad07wht.png
3608	result/ColBinSet_0268.png	pixel-alias	0	pixel-alias	e6859918355c3c64b6477432c7e8487ceb474fad9bc329d2f954d55291fbeb42	355d0cad5c54360267f561e475cafec26db8e49750a490491196d73bc8812e07	pixels	col bin 2/rgb/col_cyan_lo-grad08blk-rotCCW.png
3609	result/ColBinSet_0269.png	pixel-alias	0	pixel-alias	31a9bb0955ebd0794f180573c8be36f272264954bb9ed1dec05c2f76538ea45b	c9331fa82655d92c830d24588d320a9f7b0f31c99b13f3c13d46ee689122b362	pixels	col bin 2/rgb/col_cyan_lo-grad08blk.png
3610	result/ColBinSet_0270.png	pixel-alias	0	pixel-alias	0eeb307e63faa880912aaf97d1620645ede4928670f2a697a95397766f687c94	865fd4a6b5e1afe29a33dac55b058b12ff7ac3e25ceaa1c411ebf7edd5846b80	pixels	col bin 2/rgb/col_cyan_lo-grad08blk50-rotCCW.png
3611	result/ColBinSet_0271.png	pixel-alias	0	pixel-alias	b3d3fd51b83f7ae50dac2746ee9f9d7fef367e1fce73ee9055e01b1911567cec	0ab7d784b206088c3fb949bfe956ab87006d57d913f270d7202c21f20cab78a4	pixels	col bin 2/rgb/col_cyan_lo-grad08blk50.png
3612	result/ColBinSet_0272.png	pixel-alias	0	pixel-alias	b113a15ea647b8570adb0be456fa708cea1df84758c8e5aefd8f9ea76108c35d	f458d920305541df6d7fcfa4c19ce086b3009078618c43c7ccf05b21db968c86	pixels	col bin 2/rgb/col_cyan_lo-grad08wht100-rotCCW.png
3613	result/ColBinSet_0273.png	pixel-alias	0	pixel-alias	67e1e52aa91a2b12bb6e022fa5af8fc3dd0f2a8f8853ae8e7979247f25da6426	3fcb22db38360500a0b9b64261c7a5093c163a41d8af19ba47e82e0ca3d457fd	pixels	col bin 2/rgb/col_cyan_lo-grad08wht100.png
3614	result/ColBinSet_0274.png	pixel-alias	0	pixel-alias	813a47582ebc844da784517ca372a751a5ff3c0891717378d76e4a3e8589c0d9	ce587213c4661d4a31bdbf3913a94d363077c81bf316ec425089f8fd26fccbb0	pixels	col bin 2/rgb/col_cyan_lo-grad09blk-rotCCW.png
3615	result/ColBinSet_0275.png	pixel-alias	0	pixel-alias	50a2fbfb6c9fdfc3629e14144795fb015ead3c5fbbddb8fdbcb3f51273df3687	e120b46f861acfeb038e327ce6ab380ac6be3ac7c4de334ff89345c19943e349	pixels	col bin 2/rgb/col_cyan_lo-grad09blk.png
3616	result/ColBinSet_0276.png	pixel-alias	0	pixel-alias	90bf4d31f54d2c12d6e21d56948fe6eee48dec3d4a7cabcf7d7b9d1ac9505b93	2a15a5466ac85f56609d80f58c4831e983d7ce68677a3cb7b614c1fdcb1cb3b6	pixels	col bin 2/rgb/col_cyan_lo-grad09wht-rotCCW.png
3617	result/ColBinSet_0277.png	pixel-alias	0	pixel-alias	e779c1ffdd636c853857bbac4ac07a7204ff2bdd8c0ac71dcd8fa8b4759528de	ff20725ab070b9feaa2db62465dff728dae8affc57e85a5db3c9d70e0dc3d92a	pixels	col bin 2/rgb/col_cyan_lo-grad09wht.png
3618	result/ColBinSet_0278.png	pixel-alias	0	pixel-alias	0793d9526787c3cb1670975cde2d5bcd3876dd416a3792fba54c0b3af68246aa	40c66400f6cebd5c5b40a8df0ecc6b0533ce49bf0eecf1d72df9e7accfbd0047	pixels	col bin 2/rgb/col_cyan_lo-grad10blk-rotCCW.png
3619	result/ColBinSet_0279.png	pixel-alias	0	pixel-alias	7ce10c880adeb955af720051ab651775e5df5ef52ff1705f9777e2a9c32a080e	7f0de467dd65d993019053b7fddfa828d0a1fc426068d2cf5773ac423b77ed2a	pixels	col bin 2/rgb/col_cyan_lo-grad10blk-rotCW.png
3620	result/ColBinSet_0280.png	pixel-alias	0	pixel-alias	f5974272aba030f994893419bfae5945d74a36d6f3e6124ecd763f1f33fdf779	a0cde92559d3d639460a59d34eed9e20400a27e2369be1e4e4c625420de9d79c	pixels	col bin 2/rgb/col_cyan_lo-grad10blk.png
3621	result/ColBinSet_0281.png	pixel-alias	0	pixel-alias	9d2c927f79e98541f969d277393c2797b87788ab54b0955d7c02b81aac550dd4	79d351b4d464a2f70854ae21edeca884c9059bd93652b093b6c38f627ca9ef0f	pixels	col bin 2/rgb/col_cyan_lo-grad10blk50-rotCCW.png
3622	result/ColBinSet_0282.png	pixel-alias	0	pixel-alias	2fd3625169ea9a0dd5590648190aed97e83f884c4ff0b1c7d6d524d0c850a75b	6792f41c7e5718160d6e4c680bf7ac34db3cda5b7d048323c4df590491d8cf79	pixels	col bin 2/rgb/col_cyan_lo-grad10blk50-rotCW.png
3623	result/ColBinSet_0283.png	pixel-alias	0	pixel-alias	0d45a15c0e51230c7568bb8104e55349919e1add3eef6ed9c48063d07efeafac	9b37c5d37de483967ef2f76ebb2e08cc8a1da903dabdd3f90aebd932a1edcbe1	pixels	col bin 2/rgb/col_cyan_lo-grad10blk50.png
3624	result/ColBinSet_0284.png	pixel-alias	0	pixel-alias	8cde734b85d75d49a14d8de53bb5e87094ee70963c34491355ce01e5677d8030	e5278ef44fbd85292ef3a81c9a163d969ccc2f89f5ebaf1a2c74c8bb0f223488	pixels	col bin 2/rgb/col_cyan_lo-grad10wht70-rotCCW.png
3625	result/ColBinSet_0285.png	pixel-alias	0	pixel-alias	54cb6949473e353efe13c552482bc75f0fc3acced0b7641dd97cdde42e9d66dd	bc66d77987ae9bda3e05335e2bd8c1a8545c2926e020db9910df4f780fb5f461	pixels	col bin 2/rgb/col_cyan_lo-grad10wht70-rotCW.png
3626	result/ColBinSet_0286.png	pixel-alias	0	pixel-alias	91ca2bbc315587446c0009725cd917de55d4202ef6936fc01783f51d6287ee38	ef1e783d982723ae9aaa3d5e55ae85c7c5678fcfcf30dc091713c77096660b61	pixels	col bin 2/rgb/col_cyan_lo-grad10wht70.png
3627	result/ColBinSet_0287.png	pixel-alias	0	pixel-alias	099a7c404265038e69ccecb994bba2435373bbf9e5b8d9b778c47a760a4c2520	5ad0220fa6fad1831a7d2e889e7ca04b01d6b417b409eef5951c3f0b4400c9ee	pixels	col bin 2/rgb/col_cyan_lo-grad10wht100-rotCCW.png
3628	result/ColBinSet_0288.png	pixel-alias	0	pixel-alias	7da7c8fd262beb082abd256f05e68c17b052e85407cf63bec4decf727de225d8	7d418a1d6b172115e3256f5a39178f7feb9dc934e3d255f258be9d1b414f6ab0	pixels	col bin 2/rgb/col_cyan_lo-grad10wht100-rotCW.png
3629	result/ColBinSet_0289.png	pixel-alias	0	pixel-alias	01eedb7ee06286f3a0ea8871b1b55a672d61eef9df3ec2430e23bcdd4b23d77c	a908a72cab544e9947da8863cfbf747ee2dcc83e2e256d5d0c31e09e41191abb	pixels	col bin 2/rgb/col_cyan_lo-grad10wht100.png
3630	result/ColBinSet_0290.png	pixel-alias	0	pixel-alias	4a8425410605f2ecccb0e1764ec32a27381e08585c6f70880643a42f23b3fa28	6ebfd4a6899fd3b262e1b1c46c631e882943acfcaa9751b73ac8e53d6e5e75fb	pixels	col bin 2/rgb/col_cyan_lo-grad11blk-rotCCW.png
3631	result/ColBinSet_0291.png	pixel-alias	0	pixel-alias	a6f7e3a839a26b0c508d134c249b9c79f75a334c0f4d2b460080d9c831f90342	46366736328252bfba60828b52d5d4f8dc5f200a682960bb6837febf65d75f22	pixels	col bin 2/rgb/col_cyan_lo-grad11blk-rotCW.png
3632	result/ColBinSet_0292.png	pixel-alias	0	pixel-alias	a867cca89ba83506ff6a1d371fc8f0a1b769ba8bd864076d773bc6fc879a74bd	231849ac755c735dc4fde25afe67d98e7cdcf002586e43a036c26cddfb5f559f	pixels	col bin 2/rgb/col_cyan_lo-grad11blk.png
3633	result/ColBinSet_0293.png	pixel-alias	0	pixel-alias	5d024276ef83bd1858f9f61afcf059367218ecb3f339fd6e3b924bbc6d9bdaef	6c7eb9375fc89c4c3dd1d0964b36f35e59ae00ee781f79a593f616ed21699521	pixels	col bin 2/rgb/col_cyan_lo-grad11wht-rotCCW.png
3634	result/ColBinSet_0294.png	pixel-alias	0	pixel-alias	13434b9d496c64f4c6aac553151c6e993743ecf64eb6a8c77e2a444455659e99	938fb793eaac2e30b4e0d2a7ec0fb4c8ffffe89ee7a82c87386c7f5cbfb44eba	pixels	col bin 2/rgb/col_cyan_lo-grad11wht-rotCW.png
3635	result/ColBinSet_0295.png	pixel-alias	0	pixel-alias	be5ec5a7a2c41153a4ff95c9b3d5e04c15575c9ca1e8cd93140e39c72cdb1e2b	1047011eb388d1822cab2755e10e2903650e4bf4bbb010ae727414cba56bd288	pixels	col bin 2/rgb/col_cyan_lo-grad11wht.png
3636	result/ColBinSet_0296.png	pixel-alias	0	pixel-alias	02075c30e9aec1e3ff00506be83ac00f709361b80608d0a6d63f48f93447cee8	81b640e600c1f9fc674847307db69f045ab1f32da5bc3a5451d83e4aaf6e3940	pixels	col bin 2/rgb/col_cyan_lo-grad11wht60-rotCCW.png
3637	result/ColBinSet_0297.png	pixel-alias	0	pixel-alias	17c93027e7707e9acf35c618473e20ffe3139f36f4cd67ca95dfa3978e4cb1dd	0a9549d64e7f591ffbf8fc0130b326e2db50e9402cdfc893ed68e2b9fbb1d218	pixels	col bin 2/rgb/col_cyan_lo-grad11wht60-rotCW.png
3638	result/ColBinSet_0298.png	pixel-alias	0	pixel-alias	992ebc0acc1449b01861a3286cbdf399cd8b8eaa95334d8054ee062f87190387	31ebae17e8ff15016567db9ef88de9b2fa1ca7606a419b25dd07d1578c3d6695	pixels	col bin 2/rgb/col_cyan_lo-grad11wht60.png
3639	result/ColBinSet_0299.png	pixel-alias	0	pixel-alias	5172ec38a34f03f4ac022b2ccead7f8b383f4c6626aeef7f1696587d79614ed7	8e44524144958b6041e41b68b5e01e2d4b281fb04476c18589afade6ce489f81	pixels	col bin 2/rgb/col_cyan_lo-grad12blk-rotCCW.png
3640	result/ColBinSet_0300.png	pixel-alias	0	pixel-alias	2c8d891f7c1fbcb36f9b3231d8059db1a858675744fe97c4d1db61e43cae911f	95fbaa12e781faccc92f037229a1c7c4cd6454594efdaefc2c1ac6265dff145e	pixels	col bin 2/rgb/col_cyan_lo-grad12blk-rotCW.png
3641	result/ColBinSet_0301.png	pixel-alias	0	pixel-alias	e66ec659d2d2ba720d53478e8428389026fefc3808e9b3790f05d0bd4b3027d8	e4ca783e376d928e995652e439941b6bd97d3d131f6501e33087a6d471c3f4fd	pixels	col bin 2/rgb/col_cyan_lo-grad12blk.png
3642	result/ColBinSet_0302.png	pixel-alias	0	pixel-alias	7e49f1eae4912a7b6d8a2b6fe68420c3236cc4799677872167e985c3563f8e66	f2e6861c33051a59d939bc7dc5591d49c4ad56bb3d81f4ac0868a8d5b85640d1	pixels	col bin 2/rgb/col_cyan_lo-grad12blk50-rotCCW.png
3643	result/ColBinSet_0303.png	pixel-alias	0	pixel-alias	2148a8b7c75e07bda59a3fac6c49f3ad98c30f868c75eff4ac963ce1b3a20151	1f4f0df2078b582ccb2299a63829d107350e55c26f75113b43b47c97fa6f0072	pixels	col bin 2/rgb/col_cyan_lo-grad12blk50-rotCW.png
3644	result/ColBinSet_0304.png	pixel-alias	0	pixel-alias	8b3587dc5fe740ef115326e56bfb32f23d5b465bf154f462507109b14b6c28d0	08408301abf8777c9bcdca5fe13db33a03fb8e682ac2010670f2b907aa0286dc	pixels	col bin 2/rgb/col_cyan_lo-grad12blk50.png
3645	result/ColBinSet_0305.png	pixel-alias	0	pixel-alias	ee8e7d6e100eccbb054b32d20d5c0719b326af4b99ab4cb9ed8de98819ce4962	a43b7a290c69addc12de5d5b5df819f0393e071bc322a9fb5442237ee529a9b6	pixels	col bin 2/rgb/col_cyan_lo-grad12wht-rotCCW.png
3646	result/ColBinSet_0306.png	pixel-alias	0	pixel-alias	c4ae1d343e448b007688fd246124e97fb3278db8603aa1f8460b6d3ce838ea9c	632216a2d269936210f9a4d048ef57547e9e65e93e9d703aa79b90e4d66e7ebb	pixels	col bin 2/rgb/col_cyan_lo-grad12wht-rotCW.png
3647	result/ColBinSet_0307.png	pixel-alias	0	pixel-alias	18d525a1c0024c02937d225fbff26e5e8a6a5e608fcb0c45d0794284e8d28a55	d9220190494ccf0509aca17e2b6af3969293d98725ab1496c12845ba14f3973c	pixels	col bin 2/rgb/col_cyan_lo-grad12wht.png
3648	result/ColBinSet_0308.png	pixel-alias	0	pixel-alias	cf22e03e669584e0934db157c2d13bdd66eecfa052008ef919cfad7b17df49ec	79bbecb4c3db7514bf31a6c1fd5da06e55a63c4f4f5c4dd308b7a0068a548d2e	pixels	col bin 2/rgb/col_cyan_lo-grad13wht-rotCCW.png
3649	result/ColBinSet_0309.png	pixel-alias	0	pixel-alias	f897cf194f0480f786e31176c7f31ff296070ab7e74994b8d9078ee92437c046	8f4235498da93204882a83abbd94d01bde7910507380d9390dfd1027930eb762	pixels	col bin 2/rgb/col_cyan_lo-grad13wht-rotCW.png
3650	result/ColBinSet_0310.png	pixel-alias	0	pixel-alias	e65576050cb1523f83b95ff66d7d29513844e546b6c92f6d744f72aa5b328a0e	40d95c310f833cd85bef0192e88b88f5ba6d35ac5f633e22eaa4be87150ced9b	pixels	col bin 2/rgb/col_cyan_lo-grad13wht.png
3651	result/ColBinSet_0311.png	pixel-alias	0	pixel-alias	e4b44a0bb3d03a9034b4e04adc0f0ac992d1e60cdc13a132b235c054d45c43d0	fd8cb6a151eef434b74e9515aa0dabfdf1925b7049a7695179ce3b572de5aff5	pixels	col bin 2/rgb/col_cyan_lo-grad14blk25.png
3652	result/ColBinSet_0312.png	pixel-alias	0	pixel-alias	93dee088831eda76c1822b61f2d860e2d156d48e609070e9c57b1914adc6008c	49b78811858f897fb0c662afa88e601f726a815835112b8256a1f7ed7771e203	pixels	col bin 2/rgb/col_cyan_lo-grad14blk50.png
3653	result/ColBinSet_0313.png	pixel-alias	0	pixel-alias	ce8299bdd98782c179b539b77d11c8dea759f95cd0e56420e743273c9cad2865	fb533f14242375ca692b63d331dd5b12f1365140e3329fa9b2912f9492c33d82	pixels	col bin 2/rgb/col_cyan_lo-grad14wht.png
3654	result/ColBinSet_0314.png	pixel-alias	0	pixel-alias	13895855cd0d41ca52b4c3f9f82c92da45671a5a83e23dc9f52b6d8b53a0ed47	21a6438698a5e19b44f7d6b6fe052c8d9f95daa852ae53001c952d5c0894400e	pixels	col bin 2/rgb/col_cyan_lo-grad15blk25.png
3655	result/ColBinSet_0315.png	pixel-alias	0	pixel-alias	53aad5b2aeb7acc8d93bd3f65f652b1af0103c881fe2e85da0568994ca35b2f8	fd97c53a3d9deec7554227d8226f327cb1a6ee13ab6a109fbf581fcb2c315f8d	pixels	col bin 2/rgb/col_cyan_lo-grad15blk50.png
3656	result/ColBinSet_0316.png	pixel-alias	0	pixel-alias	685bda25f0a43f53528d83929449877de5234000c86cb551c99743732ea15207	8b7605dae6f7ef0e2100ba0dc3ced6c2960fa94ac30862090ce0e7ee4e1c3928	pixels	col bin 2/rgb/col_cyan_lo-grad15blk100.png
3657	result/ColBinSet_0317.png	pixel-alias	0	pixel-alias	6c2e4490439443249f2a60c2fe17a86f6511e36f07e2585cb92ff8b001e11e9a	7487a8e4d436f5f5cf04783fb262051cfa1aed1a4bed5cb715a50a09749cc897	pixels	col bin 2/rgb/col_cyan_lo-grad15wht.png
3658	result/ColBinSet_0318.png	pixel-alias	0	pixel-alias	a21d70cc5d8cd857fc5f1601e295b64e48dff714e78f988e690390b9aa71ca5a	74cf7d4bbdee121abd4ee3844cc624d9d6320016d5dbd91600e45250819cc565	pixels	col bin 2/rgb/col_cyan_lo-grad16blk20.png
3659	result/ColBinSet_0319.png	pixel-alias	0	pixel-alias	d8c4093f76449fef0299e1cef35b065327e4147aed42599e8e3214d8ef5ca9ed	4d01b6f5e1abd8d1f9c69498a91ae7cd1bc463aafde8139d54661a76f743846c	pixels	col bin 2/rgb/col_cyan_lo-grad16wht.png
3660	result/ColBinSet_0320.png	pixel-alias	0	pixel-alias	2ac7df64f913653ba788968f42cf81e8511acb28723c5749b40008493df2b0bc	af28d216e5dc42ca7224fd8555f1b46c59d3404c48e46982fed84f39fd37ca26	pixels	col bin 2/rgb/col_cyan_lo-grad17blk.png
3661	result/ColBinSet_0321.png	pixel-alias	0	pixel-alias	994ae883b84ed6650162690b67bb5b3dd898cfdc2b4ad3a759641a3c739a8ce7	c37cc18ad12fd89c8584a8dc38439b9bd6b9e68cebda0bd599eebb9806c959b7	pixels	col bin 2/rgb/col_cyan_lo-grad17blk50.png
3662	result/ColBinSet_0322.png	pixel-alias	0	pixel-alias	f424382b4f3c09184a81210450989c09a6cb748ef34df5c9ad8927749ef1c7b0	d9c6f7ec5634ccb24b4c30f07456c0de7b1b256140478a7985d441e39b6467ec	pixels	col bin 2/rgb/col_cyan_lo-grad17wht.png
3663	result/ColBinSet_0323.png	pixel-alias	0	pixel-alias	fe9a4f628991fe7e2c2845f25e342f95b997a80e436e2f63d36c3083a542ee09	c71a8ba9e93e14e1f0712b26a7945565c40ee84298f9bd7adad8176e9bf2ca75	pixels	col bin 2/rgb/col_cyan_lo.png
3664	result/ColBinSet_0324.png	pixel-alias	0	pixel-alias	4e19d729fb0727bef5425089079ddf4932744694fa5412ac9de02f39ac6abccd	0bf47b9aabdb5b679520db3aafaa836dbc3089b9ade530272562bc28c8a8f205	pixels	col bin 2/rgb/col_green_hi-grad00blk25.png
3665	result/ColBinSet_0325.png	pixel-alias	0	pixel-alias	3d0543823b44023d1b4748eb35f5f394c0e952ab0df2d76cfff328ca8d3138af	25eb0a5bc123a1100a16f924ec928c395541b117fa81eb7e2bf10c3149bd6043	pixels	col bin 2/rgb/col_green_hi-grad00blk100.png
3666	result/ColBinSet_0326.png	pixel-alias	0	pixel-alias	7a779af4b4073cdb08d7e4e40e3c90c69ea5e1b379f48050580ce515f7864191	34e98f801c773b7a394700efd0fa91183720195e606e7b2ee4a25e0c14600a1e	pixels	col bin 2/rgb/col_green_hi-grad00wht.png
3667	result/ColBinSet_0327.png	pixel-alias	0	pixel-alias	0c1bc81ca302fa5e70920caebd72d94005015d264ff642dfa759b3f9eef004e7	6f8c9d7790e5dea74d2f778439524272845aaefd8e3401b85c33d5d1a6ede04e	pixels	col bin 2/rgb/col_green_hi-grad01blk25.png
3668	result/ColBinSet_0328.png	pixel-alias	0	pixel-alias	5a75fba01c0399337d59d7a6a12b8541bccde7057d3c8ed3f1696b9a0ae61207	26dcd9eb2655d60a5dd6c6645de0368893afe24afd7646bab1c42711bbf422b5	pixels	col bin 2/rgb/col_green_hi-grad01blk100.png
3669	result/ColBinSet_0329.png	pixel-alias	0	pixel-alias	c1c4d140fab424845cbbc1667ba30ce3238a584211b3476070df5a5dc1817904	ddd1170809efa602bdc438d0b534ff01dc859c69a103c1b3127a3331943beb6b	pixels	col bin 2/rgb/col_green_hi-grad01wht.png
3670	result/ColBinSet_0330.png	pixel-alias	0	pixel-alias	57a6ef06604fa60c113372711d71221305ffa0b10c6eba292196004f60206cc4	7ea26ad9b54f80bf6b57c5af37d89bccfda2e036d8acceda3e248743b47961ed	pixels	col bin 2/rgb/col_green_hi-grad02blk50.png
3671	result/ColBinSet_0331.png	pixel-alias	0	pixel-alias	c622dd998554999a5e1d24e989369ff23de08fbbcc0c72c7f432641be85f4083	8e7e1cff200da498bf324e5f45faad13917f2283365e747eebf6bebd5aaff4c9	pixels	col bin 2/rgb/col_green_hi-grad02blk100.png
3672	result/ColBinSet_0332.png	pixel-alias	0	pixel-alias	f9912c040d604111bfef5e2646474e853dc9b18502a43092aa7b58e1c7bc0235	2e6cdbfa0a03aebbe6a4fd483247c3cb7f9558f83fc9c086b8ba95f91e4986cc	pixels	col bin 2/rgb/col_green_hi-grad02wht.png
3673	result/ColBinSet_0333.png	pixel-alias	0	pixel-alias	107da7ac0de02e8136f7c8ba8c0cd681746a005e8a2cbc7451110f9b7841f4c4	aa8d52b571731fe8fed1bf6b8dbda048d52a8d3ed820e5cb4d499398d6a67b4d	pixels	col bin 2/rgb/col_green_hi-grad03blk25.png
3674	result/ColBinSet_0334.png	pixel-alias	0	pixel-alias	1e9c396ed191cfe68a33bd87efca5181a3eaa19dfe9c5b9f777e16d13018045a	754a7ff08b0ea1dbd8cb1e1be032f05911d8619aaa4f6c38e0a349400684374e	pixels	col bin 2/rgb/col_green_hi-grad03blk50.png
3675	result/ColBinSet_0335.png	pixel-alias	0	pixel-alias	26e376e0e2548e43c69ee56131b578909fc5f91126d3720e0378c8f967943ade	8362f30a3a112c9db9bdc5ae80298c7c817940b0563805fda4d296e6a89c7ea3	pixels	col bin 2/rgb/col_green_hi-grad03blk100.png
3676	result/ColBinSet_0336.png	pixel-alias	0	pixel-alias	2a00418e299acf16f76662ba1f21f182886c6cc0daf7ebcddf5edfe95e0ef011	b4b564a362cd0af8d004c83e8fc1843625a6a11e8729533ef3231b30a435a023	pixels	col bin 2/rgb/col_green_hi-grad03wht100.png
3677	result/ColBinSet_0337.png	pixel-alias	0	pixel-alias	26907eacb7ca0da2ba441eee22c8f9bf814e18644544d9e27bdf2a1e5a11374f	8584e810d355a5cc15167e7bd563d8f9eb019d131f8ff312d2e91763c096c69d	pixels	col bin 2/rgb/col_green_hi-grad04blk50.png
3678	result/ColBinSet_0338.png	pixel-alias	0	pixel-alias	e92b303cc771eecfe8e83dafd55a54da353d2b25aa64552e27845ffa5360eaae	7db50303b363a087bdacb82165d3bde87b65da561d4b37677be21948973f6a81	pixels	col bin 2/rgb/col_green_hi-grad04blk100.png
3679	result/ColBinSet_0339.png	pixel-alias	0	pixel-alias	a4b55fb0cf025f60706e7cf5432182789de0eadb9f4f786c539a673a5401b3d6	4480677299a7b377076b52a42af7bb1c251f327b37b6fa3cd97e08867b0c68ba	pixels	col bin 2/rgb/col_green_hi-grad04wht.png
3680	result/ColBinSet_0340.png	pixel-alias	0	pixel-alias	8952da5067f0cd190fb4ec97597e3539001420cb91f7460794101c3074f9e28a	489b4bc230c9c8ddfabe5b097bcc1e5b6aa063a50bce07d84ca48198f44255e2	pixels	col bin 2/rgb/col_green_hi-grad05blk50.png
3681	result/ColBinSet_0341.png	pixel-alias	0	pixel-alias	a9ec25b7a21974264aaaf3633b739c791693e3636f87a6bbcf58c1a6dbe58c97	2986def8f4b86cf06c8a9fac979befa557575489a7efbffcc029a890bc010a9e	pixels	col bin 2/rgb/col_green_hi-grad05blk100.png
3682	result/ColBinSet_0342.png	pixel-alias	0	pixel-alias	beef772494dd2eed41adb8bcf76abfef8cd078eca2376dc430a3f95e63da297d	6d3cfc0e3a8d777f6244755aa02131bd2581a440a6bdc68c0897dae739f1036e	pixels	col bin 2/rgb/col_green_hi-grad05wht50.png
3683	result/ColBinSet_0343.png	pixel-alias	0	pixel-alias	9b11e72c290db3938f6d120b5af6efbf28de3ffadfc931e18319194d3364c296	3a22d533a1cdc4551cc90f9596ad89a7d2302c485e0f8e185f595407d36e006c	pixels	col bin 2/rgb/col_green_hi-grad06blk40.png
3684	result/ColBinSet_0344.png	raster-fallback	0	raster-asset	be5ed684f79ecd56b80129de94ede9900622829daa671b4ddaf4b46f272a6c3d	5b5e21a8f6f6e0be4e7c92167bb9c50898d381d36f8420fc9c09692219d66415		
3685	result/ColBinSet_0345.png	pixel-alias	0	pixel-alias	722295bd810468f7865091a89e730d483c250d04852bc84346d29ab8ee6e76e8	8445535a049f6a95f11ff54ee74e0e6e0fd11b2454b76d24954450d34e91d550	pixels	col bin 2/rgb/col_green_hi-grad07blk40-rotCCW.png
3686	result/ColBinSet_0346.png	pixel-alias	0	pixel-alias	1960e52ad009890d15c9937096f68ad127b93b24f98b03ebdc2aa63253177b3f	a882c011e1c96a26e918687cfb505cd3aaf124a2b2c7cc279772f9d0c0ef3d84	pixels	col bin 2/rgb/col_green_hi-grad07blk40.png
3687	result/ColBinSet_0347.png	pixel-alias	0	pixel-alias	8e4bc206b1cac9a69a6009cc554b1d89ce7bbbdf557e02eb8b90fd4dc643d745	311713cba776f3dd5b21636520168f1d301d860e09e4496fb74d019cf81c8294	pixels	col bin 2/rgb/col_green_hi-grad07wht-rotCCW.png
3688	result/ColBinSet_0348.png	pixel-alias	0	pixel-alias	5586671cb114741eea032d27fe316b54b8544abfeea2b451fed16aee43ff9838	6cf4d7ac1ae1dcc2c4e023e6a8c7960bf974f3069e67c8a4410d2c9c52058409	pixels	col bin 2/rgb/col_green_hi-grad07wht.png
3689	result/ColBinSet_0349.png	pixel-alias	0	pixel-alias	66b2b7757c15151b1bdc939518a138e33a96c921467f2be09c82114c827a04f0	3266c24652ed807fd18b04d935552ffdeb5d2237d09ba9642ecc53aad5635295	pixels	col bin 2/rgb/col_green_hi-grad08blk-rotCCW.png
3690	result/ColBinSet_0350.png	pixel-alias	0	pixel-alias	25eeab5dd5efceae42c179f205bbbf8ac39159f3045e89dc54e310a7fa429617	43bef5f2de27f9581cb6bdcccf3a4288f23f3f4702dcd2f03d062797ee167242	pixels	col bin 2/rgb/col_green_hi-grad08blk.png
3691	result/ColBinSet_0351.png	pixel-alias	0	pixel-alias	14053bc33ca84e89a5d690669dea02e73b8cbc6096c853fe0c5e48f1606fb36d	fcd24f2abaff627ea775f603f639253bde2b9265f2df80a8f14c48a6ba12fad3	pixels	col bin 2/rgb/col_green_hi-grad08blk50-rotCCW.png
3692	result/ColBinSet_0352.png	pixel-alias	0	pixel-alias	468f9628a847db8df46be93b0bb30350fb85a9b63f9bc73fb0edb5f5116b3ef2	c08a45a4e1f79bc87dc5c10d3e775384f7e70b5c738857cc5b82769f86be2591	pixels	col bin 2/rgb/col_green_hi-grad08blk50.png
3693	result/ColBinSet_0353.png	pixel-alias	0	pixel-alias	38c9ab4ba259eaf2b671120a83826c2437a48b30e2a0151db61ca5b15b11554c	0703de58a0e9b5bd835f2144062052dd186df5659f5b9037efe4fc031bb60eed	pixels	col bin 2/rgb/col_green_hi-grad08wht100-rotCCW.png
3694	result/ColBinSet_0354.png	pixel-alias	0	pixel-alias	d779104b24426f8f3bbe63b14711dd6ebded566c4142531a941e91c30a0406e4	3284380dd3e1d06648368689deddcf94e30e50b1059880dc5d6d753cd45071fb	pixels	col bin 2/rgb/col_green_hi-grad08wht100.png
3695	result/ColBinSet_0355.png	pixel-alias	0	pixel-alias	1865865a9af79a0dbcf836c1b36a3079c00b18782375185efc054c0c605b9731	8b4cbf1a651987cf2cb1b482927b460cc2ae3c6116a929c86577c0e78ed21ff6	pixels	col bin 2/rgb/col_green_hi-grad09blk-rotCCW.png
3696	result/ColBinSet_0356.png	pixel-alias	0	pixel-alias	e85eeadcb4b9facec7090ab64e1b15cc4cc7a66929321ee74273179f0374fbd8	3c3a3d006b30e523ecda673886b4872180f9a80d9c4626074bc168c67fc04712	pixels	col bin 2/rgb/col_green_hi-grad09blk.png
3697	result/ColBinSet_0357.png	pixel-alias	0	pixel-alias	c37da5bac4d6c33f19ba37fd36afa4294d2270659579ec28855c9925377e2aec	2f5e027d69789b2968628f75fbb67e8712fb609fe7858a83c75b449703590fcd	pixels	col bin 2/rgb/col_green_hi-grad09wht-rotCCW.png
3698	result/ColBinSet_0358.png	pixel-alias	0	pixel-alias	696824b0a5fbd90799b72c813f82040e5edc5216fd8aa1a23b04ea40574605a2	e9dd26df4ffb81c770210a809eab67ef14605bc0220a9311250027e3c7243e04	pixels	col bin 2/rgb/col_green_hi-grad09wht.png
3699	result/ColBinSet_0359.png	pixel-alias	0	pixel-alias	62df395721ca63c7fd93bfdd234ae6e702ed136a7b2de0eb301d787051589f89	314cfe7ba0843e71532fd9a2d1599d6bed43880985cf2ad35103ade08a8eb402	pixels	col bin 2/rgb/col_green_hi-grad10blk-rotCCW.png
3700	result/ColBinSet_0360.png	pixel-alias	0	pixel-alias	7646cbe45a493e752b0bb36d08806bbc65fe87d82f2da7628b1b1e4f6a9fd738	58adf9e0803026616478e23ecbfcd4b04cb321a06c8ad8701e36dfa044240e1c	pixels	col bin 2/rgb/col_green_hi-grad10blk-rotCW.png
3701	result/ColBinSet_0361.png	pixel-alias	0	pixel-alias	60822999721769b01d6f4fccd29c1f8b6e0fdf810fd594f4577e71678c3a14aa	ebe1a68e45221e884f7a063eba0169fea99b082b8fc45f45220b8baa49d01a95	pixels	col bin 2/rgb/col_green_hi-grad10blk.png
3702	result/ColBinSet_0362.png	pixel-alias	0	pixel-alias	3773adfece866f709e01b921607d299f7e152a666746c6d5f8b9f9bfae7ee34a	f2f9b98f03341771fd6dc1abb8100367985246e6dddff2fbbe19b1067cef265d	pixels	col bin 2/rgb/col_green_hi-grad10blk50-rotCCW.png
3703	result/ColBinSet_0363.png	pixel-alias	0	pixel-alias	2741eb587c2255c4fc6128c900a7bb07d82e7d25adf7860532accf85a71e9501	8d826e64724cbecdd91e65322f40ac190d961b173b427b82c0cc5225981be8f1	pixels	col bin 2/rgb/col_green_hi-grad10blk50-rotCW.png
3704	result/ColBinSet_0364.png	pixel-alias	0	pixel-alias	c92f5ad86bc4dfb450eb5357a9e6c59f6885ae8af4b6f0524a87e4a0e7145f51	5e83295acec3957f647325f7954500544eeaad352dc4814fc6f1b9f59abd86f8	pixels	col bin 2/rgb/col_green_hi-grad10blk50.png
3705	result/ColBinSet_0365.png	pixel-alias	0	pixel-alias	2c39e89ffa10db69acbc5eb430fad53e3952a5db7a32ead17206182fb8ebd43e	e59cfff6bc3763ad884d32140a2aed8356c4077d05865fb9f042acef9ce79d29	pixels	col bin 2/rgb/col_green_hi-grad10wht70-rotCCW.png
3706	result/ColBinSet_0366.png	pixel-alias	0	pixel-alias	3aa06c06c37894b8e1410c1eea0b67bdd745bff663ebcc191c7103707e00c47f	0e38651afb6914e9b699e0e1779f274fb52e2e0f8dd404cd0d516eacffba782f	pixels	col bin 2/rgb/col_green_hi-grad10wht70-rotCW.png
3707	result/ColBinSet_0367.png	pixel-alias	0	pixel-alias	78363f05bcf15c87b4da338562db4bae5d57cf67199a99d45ec155866682193a	5167ecc07a4092936c6a12d149db00453485ad173260e244fb0aca4ae617dfca	pixels	col bin 2/rgb/col_green_hi-grad10wht70.png
3708	result/ColBinSet_0368.png	pixel-alias	0	pixel-alias	4c09767ee824bced1f44f28e4b17a2d3961119707411dafe440a5c9ddf903f16	08d8223f01df35bb7a46eae762205e26e9c4c803b2f2dd265385e4cb2f9d0950	pixels	col bin 2/rgb/col_green_hi-grad10wht100-rotCCW.png
3709	result/ColBinSet_0369.png	pixel-alias	0	pixel-alias	514d99b8588d77d5e1e11c12cb8c72a8a89323b7e6028a948b65093a8fff0761	f1c1b1b5d9c80eed53305e4a83136e24b195e7a7a159170ab271981d61839d80	pixels	col bin 2/rgb/col_green_hi-grad10wht100-rotCW.png
3710	result/ColBinSet_0370.png	pixel-alias	0	pixel-alias	e2bfb8bc3c7accd2dbfe6a2f3f2ba5b628859f01d926389fcbc894667a8d9e15	39e3ccf252420f04dcf9f85b564e4d7c8328d2cbabd035cbd3e11d74308699e4	pixels	col bin 2/rgb/col_green_hi-grad10wht100.png
3711	result/ColBinSet_0371.png	pixel-alias	0	pixel-alias	97b8013fccb778b4c0c5cd935e3eb8cb3f0b987918070be6c4e6c135c25fe458	917fd371cf0ead990319696afb77b195be94c6d18f73453231a7fa5aae8d5b04	pixels	col bin 2/rgb/col_green_hi-grad11blk-rotCCW.png
3712	result/ColBinSet_0372.png	pixel-alias	0	pixel-alias	08a2bbb6d632f6fb00bd0c673b3c89205bc582d801cea7f8f1b4d96f7a2905d0	9646cf3afd0f10f01f5f33dd1865ca710b538cc0e426e00b4db48daf3cc440a2	pixels	col bin 2/rgb/col_green_hi-grad11blk-rotCW.png
3713	result/ColBinSet_0373.png	pixel-alias	0	pixel-alias	027dabb81c6a161776e9c55e32020ba18aaf52e309238dc92a7a2cafb554a9e8	b407c0c584b76427fe916e27351117b518eaf12219754a93bebd8c3332ab011f	pixels	col bin 2/rgb/col_green_hi-grad11blk.png
3714	result/ColBinSet_0374.png	pixel-alias	0	pixel-alias	31f7fca1acd3328163418b4f4fe576627695b76fc0794c3623326330b321898d	2b0840a9888210e9b24f18ce934b8f04e3463ccd68ac3a2e81c2a066fec41f8e	pixels	col bin 2/rgb/col_green_hi-grad11wht-rotCCW.png
3715	result/ColBinSet_0375.png	pixel-alias	0	pixel-alias	94e6ef81773e76ef1b11243f194dd256f2d076a5f2eb2a4669e0952c85fb095c	aa6ffe5e8831fe388e97f36bf828cd0af4ae8737d30c26dc323d371c29a2b5ee	pixels	col bin 2/rgb/col_green_hi-grad11wht-rotCW.png
3716	result/ColBinSet_0376.png	pixel-alias	0	pixel-alias	23e9e9a14f3f8ed3938f556fa4f65135319371dda34bd27a4a20b35fa5661836	52bc7aff7d52e7ec806fd0f35cd0db056b4e095ebc6bffa36c0c16087900be70	pixels	col bin 2/rgb/col_green_hi-grad11wht.png
3717	result/ColBinSet_0377.png	pixel-alias	0	pixel-alias	6cc33fb687f2a11143cc0485e72d3c5776eb5707edd4ff3ed2851ec630088a73	04131173b2939c8bbf2c614f7291129dd4fd7c9a4d16fe9005272caeb4e2d7c8	pixels	col bin 2/rgb/col_green_hi-grad11wht60-rotCCW.png
3718	result/ColBinSet_0378.png	pixel-alias	0	pixel-alias	225a4540849d80e87dca7bd52500eeb3040941c89467278f74362603d7385373	2c5ab3d77f233662e542378b72f896595901a6ed71cfb76a186a3aa27b8a9bcb	pixels	col bin 2/rgb/col_green_hi-grad11wht60-rotCW.png
3719	result/ColBinSet_0379.png	pixel-alias	0	pixel-alias	19c99ebf7eefa6bf672b132fd784dba4cec1f7552cc4991dcedf82759578af4d	f0cfd45b77223864d5dd64835fff7294413e267602e3e65e4727017eeaf7dcd4	pixels	col bin 2/rgb/col_green_hi-grad11wht60.png
3720	result/ColBinSet_0380.png	pixel-alias	0	pixel-alias	d09939e68b63fa11edef5cd5a25c701e4083d2238474fa771f4f925a4a45b5ce	c80dc2731988c70e68b777742377efdd70bf420c7da822807532332d0b9de6dd	pixels	col bin 2/rgb/col_green_hi-grad12blk-rotCCW.png
3721	result/ColBinSet_0381.png	pixel-alias	0	pixel-alias	948d7e30c8bb2ca1c7728bfa3b0a1352fd8ee1738e2b4459e165781b03afc2a7	bb1fd3321427982041d6942d44eb8c2b8f56d7c3cecbe8388122e3612a965921	pixels	col bin 2/rgb/col_green_hi-grad12blk-rotCW.png
3722	result/ColBinSet_0382.png	pixel-alias	0	pixel-alias	92ba1db23748ef9f490298937bbfdd245c549ded510d016f08bb820da765eb90	30dbf7dbbb11c5045bfc0cc19ded8687d8efbd69555648b19594aaff48a69827	pixels	col bin 2/rgb/col_green_hi-grad12blk.png
3723	result/ColBinSet_0383.png	pixel-alias	0	pixel-alias	a35c81e8dbafee0d4dc6444bb5e608d18e1817700b550ad812be25a55beb8f38	bd74adcc16be830a3a8b21252d089d576553c1f57eee75f9af0b5f5abcbaecda	pixels	col bin 2/rgb/col_green_hi-grad12blk50-rotCCW.png
3724	result/ColBinSet_0384.png	pixel-alias	0	pixel-alias	85cb0dd1593548b0c6ce8fb6d6cbb253673a0a471e3fcd152dbedc1db1da21bf	7b9d220b70fb068163221d3c4991442763ca2b33b02739b98af64b5417f9a553	pixels	col bin 2/rgb/col_green_hi-grad12blk50-rotCW.png
3725	result/ColBinSet_0385.png	pixel-alias	0	pixel-alias	003bb32d9e76f5157464f818df8074e9235e4ebe24a14c8a816396b5b1e75967	7ac72117c44c6fda6599116779489fe72336c43f32e6ea7bd1dc0f506b3c665c	pixels	col bin 2/rgb/col_green_hi-grad12blk50.png
3726	result/ColBinSet_0386.png	pixel-alias	0	pixel-alias	70266c8a686dc997a3aadce2bdc0fbb06f2eea01600e74e9c49581163ed71abf	02766eb195d24b5cf8ba0ac63c45812b0055bc940e21641d0a7ef4c4fe30add6	pixels	col bin 2/rgb/col_green_hi-grad12wht-rotCCW.png
3727	result/ColBinSet_0387.png	pixel-alias	0	pixel-alias	0bac29cdd3d629c2949002aedb6d3472bd74a57a5a6676adecb7d5af67d2db22	76583d2745f82c1b33f38bba1d71255d958c223ae5d29f7e74d5501da0f7406e	pixels	col bin 2/rgb/col_green_hi-grad12wht-rotCW.png
3728	result/ColBinSet_0388.png	pixel-alias	0	pixel-alias	65094ea062bf76b3447610909ecfa5f8080f61d922db4d690404a0d80d887e2b	21daf679d5be01725d56d2013e4fc9ee6f6aef88e074ef14a593369c464f75ed	pixels	col bin 2/rgb/col_green_hi-grad12wht.png
3729	result/ColBinSet_0389.png	pixel-alias	0	pixel-alias	059784a192d206783beaa9a010244a9bb95245c43b44438493b019accde64ba5	c6b9d6331309c768b3bfe647e55a2d93c6173c4c66cdc5bda176426880577a92	pixels	col bin 2/rgb/col_green_hi-grad13wht-rotCCW.png
3730	result/ColBinSet_0390.png	pixel-alias	0	pixel-alias	b800cb6cbd1de6cd504d7fef36f3528cc614e2f61b8dda654b2719614f54e86b	1be54eb39274b6cbfadc5ac5a0cb376eb3d9f56e1664fa7f8eb7af6a7e502e89	pixels	col bin 2/rgb/col_green_hi-grad13wht-rotCW.png
3731	result/ColBinSet_0391.png	pixel-alias	0	pixel-alias	8f5994b9595f37c287cd3700687c65f763c2b989a45ba562b11b32e6ef3d561e	3fa010273e47d892f831ce0ca31b01049e9dc5d442a56893b31d5aecfbadb7a8	pixels	col bin 2/rgb/col_green_hi-grad13wht.png
3732	result/ColBinSet_0392.png	pixel-alias	0	pixel-alias	a2acb4ad3855e531339f26dac414d12f7be83821f35e6064e884292dc07012e3	6762b187a5138e95cd1f3e186f99d3a5e8fd115ad9490b95033b01989b929438	pixels	col bin 2/rgb/col_green_hi-grad14blk25.png
3733	result/ColBinSet_0393.png	pixel-alias	0	pixel-alias	c1c0da57ca1a3580bc2bfb6e4bdeba83e999d06b10083155a5632a0316705a58	65d4e42ae2af12150fd3f4fd29bd64b0add3924be71fd8ab1f4863efda5063dd	pixels	col bin 2/rgb/col_green_hi-grad14blk50.png
3734	result/ColBinSet_0394.png	pixel-alias	0	pixel-alias	c3c1a30b6eb22b3c0c35c3b0c431c7349d42c7d396fc67031e4e111bb344f881	9c38c2021075d6350cb5ee69c394fae82ebf9b23b0555d29c0ab5cb0f614aba6	pixels	col bin 2/rgb/col_green_hi-grad14wht.png
3735	result/ColBinSet_0395.png	pixel-alias	0	pixel-alias	db919b817aa58dad239a282eacaa3a628fdf1d95815d7804f700bff289428c69	2e24f9c973410ab2d2ac54d2af32a2acc0fee4c7c408de46e5b24716b460ed9d	pixels	col bin 2/rgb/col_green_hi-grad15blk25.png
3736	result/ColBinSet_0396.png	pixel-alias	0	pixel-alias	117f973a5052703df86e06ead4c4e3347f924e7d187954234507309783448875	99c8c1550914a9458ae6150962e9f7c7fb253868bf8e9ae3ab82a59029e1a75e	pixels	col bin 2/rgb/col_green_hi-grad15blk50.png
3737	result/ColBinSet_0397.png	pixel-alias	0	pixel-alias	7bd09d1a1cbcea698d86a55153947414d6ce81e499809a81f13bac43503920dd	2f9fe8846241cc48db14add9493757b7f4c9d172b9d8b016778f44f908314147	pixels	col bin 2/rgb/col_green_hi-grad15blk100.png
3738	result/ColBinSet_0398.png	pixel-alias	0	pixel-alias	0cebe5d218067ecd22c126d4a0ce1f3db2a1cb31ce4ab0bcb4944dad91d71261	39b29a9c8b4b69c3a24db794dc042454909df9ea4b999e0fe7ca237cfe148269	pixels	col bin 2/rgb/col_green_hi-grad15wht.png
3739	result/ColBinSet_0399.png	pixel-alias	0	pixel-alias	aad51f8e23eee9acc59b890dcfed8be0a693995c7ffa6b4693d802e9b0e2cb1c	4b2a16a591f57eb4daeca2a3ee0a86f8aa235ffbc2770233d8035ee819a2acf1	pixels	col bin 2/rgb/col_green_hi-grad16blk20.png
3740	result/ColBinSet_0400.png	pixel-alias	0	pixel-alias	73cd7269535c9e72bed203724bc43c34b1011b2b3106daa0d0e076013061a241	ee6e509a760668257bf51454e8c6a114830fed1a81d208e92816d62b6bb06ff7	pixels	col bin 2/rgb/col_green_hi-grad16wht.png
3741	result/ColBinSet_0401.png	pixel-alias	0	pixel-alias	9ddd07c4780851457ee1d1e38c1340263676daa7a2559f8867d548196ef80270	f18c467a0dbdaf0ba7891d71a93cb1a69864672e3a0e51d7df70f34030db0a32	pixels	col bin 2/rgb/col_green_hi-grad17blk.png
3742	result/ColBinSet_0402.png	pixel-alias	0	pixel-alias	37000b6dd9215bf88b947e13438e9c299d70b8796c3ee718273cdbaab5c56a43	4e11b95931606875d9d77d1c310a470cad5abf4dac4fcb390f8ae941bb71ca57	pixels	col bin 2/rgb/col_green_hi-grad17blk50.png
3743	result/ColBinSet_0403.png	pixel-alias	0	pixel-alias	c8698e63b2abd7ed8a78379cf0a8a48df81c64d98498f0042f5e5db361537de9	0c2e5ce376570230a743352e56bcad0d552b47a5bdec21f3d247e2b1ddecfe26	pixels	col bin 2/rgb/col_green_hi-grad17wht.png
3744	result/ColBinSet_0404.png	pixel-alias	0	pixel-alias	3d558540e8c59a9e6915aaa700c8d714c8927167920bf0bcf84c4ece2589f368	c0aa7714c3b3da58396ea9d0dab662b48a848ac993c33e2b3438b594e79ce2f2	pixels	col bin 2/rgb/col_green_hi.png
3745	result/ColBinSet_0405.png	pixel-alias	0	pixel-alias	2665a8ddba8f9b8aea51a039f93fadcee5f0453f3b8af070f595fb696fe57c79	5da54ce180a82e471fb84aaa109c717148b76ed50cbcd5690f70c2ca95281534	pixels	col bin 2/rgb/col_green_lo-grad00blk25.png
3746	result/ColBinSet_0406.png	pixel-alias	0	pixel-alias	9cb808f9d92e87cae141c7d7aa0bd38c246b0330ac8242ea03f44eba1bd7740c	2dbf263de475d9b548f589bb344aeb9c6ec33baf0f683454170a80f9e4d78105	pixels	col bin 2/rgb/col_green_lo-grad00blk100.png
3747	result/ColBinSet_0407.png	pixel-alias	0	pixel-alias	604eedcb2f006cb65cf76b8e8e91bf5773b6f262ee0cd1843cfe494f778ec3ef	226bb2ef8c79603dc863b8eefd9cac339364fa9c96bc0c1a158cbf43d168db6c	pixels	col bin 2/rgb/col_green_lo-grad00wht.png
3748	result/ColBinSet_0408.png	pixel-alias	0	pixel-alias	1ee7351edd1f2bfcd634f36fbcb004949662b1ee8c1b50f1357130f2b39b19f5	3c7eef61afec1ed3ff223597f631115df8d64de17cb5f67f9efc5ad128d789b9	pixels	col bin 2/rgb/col_green_lo-grad01blk25.png
3749	result/ColBinSet_0409.png	pixel-alias	0	pixel-alias	ea3539df123f9b2ce41f71165a06394bd73a0fc9ab40cdb3def2bf51995c564e	0134313658d3bb92f1bee667955c47ddebd9458d83e7f9ce490c1b53ea7b5816	pixels	col bin 2/rgb/col_green_lo-grad01blk100.png
3750	result/ColBinSet_0410.png	pixel-alias	0	pixel-alias	c1dc9048e5307d2505aa1a6a30d94b489b476685bd186035d8a64dd018eb6e4d	b044000b9f469a44450320ed02741bd26262131d150ed9aaf56b8c00c4be3d77	pixels	col bin 2/rgb/col_green_lo-grad01wht.png
3751	result/ColBinSet_0411.png	pixel-alias	0	pixel-alias	0242d55d6f5c6a865484487d76ddc6b91ace222e9427a80074bd6584468e1c1d	2148e05916612913303124ebbe062c79b332fb418f800926d6f30a59424547a2	pixels	col bin 2/rgb/col_green_lo-grad02blk50.png
3752	result/ColBinSet_0412.png	pixel-alias	0	pixel-alias	63460837a441cbcefc5ef6eb1ce01a279234aba3f0380790a337c9db35cd6287	61f862b381094a4eae632da5a7458d154084b1e80234a87008c90445e74d0fe9	pixels	col bin 2/rgb/col_green_lo-grad02blk100.png
3753	result/ColBinSet_0413.png	pixel-alias	0	pixel-alias	8b0e1d5a256f9f8ad4a1bf4458e85c354225dba6f9a7feb21b960452bfd5a5bf	40aacb0d260ecb7d514f663dfc0802f5883144eb2ea9326e4e20e67cfb449340	pixels	col bin 2/rgb/col_green_lo-grad02wht.png
3754	result/ColBinSet_0414.png	pixel-alias	0	pixel-alias	4bef0300cf816e8ef7775272f5da6bd17fa0b0829c090c99db45d32f9a1ca0a7	6223137c459f72979c23918933b312ab8f714438d9bef53e61af1cd6832ed3ed	pixels	col bin 2/rgb/col_green_lo-grad03blk25.png
3755	result/ColBinSet_0415.png	pixel-alias	0	pixel-alias	1a1ab1d623a7239f71b6ac97ad08179d49a130a8da35954064b0913a83daaa05	9696b144f2d12509cfe0adb216b063fa068da6dee9b42a7481e1c2df412a1b66	pixels	col bin 2/rgb/col_green_lo-grad03blk50.png
3756	result/ColBinSet_0416.png	pixel-alias	0	pixel-alias	123c3ade8e5fae0ac094f6d526e6ace5fd023bbfe0e4fc3479e0fd76f35ef8f4	3b5de7cd67b2dfac993ee44774a043489bb51a8b5acbfa8eb055a520e0a96cc7	pixels	col bin 2/rgb/col_green_lo-grad03blk100.png
3757	result/ColBinSet_0417.png	pixel-alias	0	pixel-alias	8a5ed7891f23581618ced86f561c57d6357ad6ea78ef693cc0e0fb8ef86b774e	7bc61424a6a3dc35822915f65b7a298e9ada32dd504a8ac45714928747ce0c1c	pixels	col bin 2/rgb/col_green_lo-grad03wht100.png
3758	result/ColBinSet_0418.png	pixel-alias	0	pixel-alias	3f3e877a77074e9adf3bbd5093e1e96e8687da2d64df4bcd89c21111660e3fc0	a29946f668c47f9001d0fb9809921b1b16e5c67c1c7e704b15cd287f1a2f0cb2	pixels	col bin 2/rgb/col_green_lo-grad04blk50.png
3759	result/ColBinSet_0419.png	pixel-alias	0	pixel-alias	62d0173053b9e67ef196ff8a10597e90b740a924a14b963acd635f345d9b511f	75721d7531046a04a38f8fa15f056505eb40ba27158095352bd8fd01e95497c9	pixels	col bin 2/rgb/col_green_lo-grad04blk100.png
3760	result/ColBinSet_0420.png	pixel-alias	0	pixel-alias	77168fcf4d2f41d2d8b60359ce5de4ac258237e5784cd76e61c8e58d4376354e	38489e2610109e05326769cc056c5f1b2c15dd4b9bed926e42286dce4d34c636	pixels	col bin 2/rgb/col_green_lo-grad04wht.png
3761	result/ColBinSet_0421.png	pixel-alias	0	pixel-alias	86ab88ca3fae6388eb1524c0492379f9102e7dcc41cf4c8952b207563b41334c	31bfb5f821d2388baac660ffa5d312c3bc39e63b8b0ff95aa0450b381dbec337	pixels	col bin 2/rgb/col_green_lo-grad05blk50.png
3762	result/ColBinSet_0422.png	pixel-alias	0	pixel-alias	7d3f386807cb6de067d9f5e767fa99cf624c7a2b72ff00bfe28edb10a56aca77	da50c0fe6cab7be6b8d2ebbd7eff86ef43ea27cb114a38e2743e8c1fff9c6179	pixels	col bin 2/rgb/col_green_lo-grad05blk100.png
3763	result/ColBinSet_0423.png	pixel-alias	0	pixel-alias	ed2865d9696116cece121844a8de9d9a185745ee0e81f4fecc9dc7ede2e6c04a	df679ee1f2567d427e72b5d28c6b905bc996e2d8799d0835255c9b954c8a8aca	pixels	col bin 2/rgb/col_green_lo-grad05wht50.png
3764	result/ColBinSet_0424.png	pixel-alias	0	pixel-alias	7e81591bc8e85223dcc1e24caf97fdff9dd4f16524fc75a7991bc14da38ea582	821b2c357860e4fd023ddc66b8ff09551757eb2052230fd6b474bf05cca02c20	pixels	col bin 2/rgb/col_green_lo-grad06blk40.png
3765	result/ColBinSet_0425.png	raster-fallback	0	raster-asset	eac27f39b181b6da1d56edeb90b4d0ec4c14e319b750312924eb2b24f4a70eb3	28f4b778a1b417c7987ed5807ed503a3bc4bbca097b6620a5d4e075c81e5a8bb		
3766	result/ColBinSet_0426.png	pixel-alias	0	pixel-alias	5a38bae19ba47f9ef46a7f67445966bb09022afed74b7a0fc7b6a88127807ded	a5d744c332603f43e9e7d051f82cb43a5324d43d0924a357090d2244a684df0b	pixels	col bin 2/rgb/col_green_lo-grad07blk40-rotCCW.png
3767	result/ColBinSet_0427.png	pixel-alias	0	pixel-alias	2a127cd02991cf057c408501a89c724560ab3d32ec9ec1077c815d9c46089f05	7378c5d67084852ddf8b06a1b59f4bdf0046fe97695b846e49328b41484d611e	pixels	col bin 2/rgb/col_green_lo-grad07blk40.png
3768	result/ColBinSet_0428.png	pixel-alias	0	pixel-alias	2dc7f0675504309c31a77edfbff3ef15f3579b2c9918c19b6e6ffc09567b38b9	5385da24ad16121b708c73c1a2fed9d9b0f20d93d3e21a55a2cb3c6d737f0fae	pixels	col bin 2/rgb/col_green_lo-grad07wht-rotCCW.png
3769	result/ColBinSet_0429.png	pixel-alias	0	pixel-alias	c902a6cf43f7d8d24c296f3aa10376c7536fa0af35242a69e2e69108fc10c116	353a8bfba94c92940189b743544d3e2c55898b4a3fa6b64fb981e8a2126f1b55	pixels	col bin 2/rgb/col_green_lo-grad07wht.png
3770	result/ColBinSet_0430.png	pixel-alias	0	pixel-alias	892d29e278ee0fbc90feac39e313fa33c1b326854773bfce7cbcbf96bd03a38a	7d387ea05599f1d5a7262768dd5096824511f393cf97c7ce67b8b4221cd082fb	pixels	col bin 2/rgb/col_green_lo-grad08blk-rotCCW.png
3771	result/ColBinSet_0431.png	pixel-alias	0	pixel-alias	639861ce14caaba1cf5dc6233be6ed38a4edcd1491854d4d5e2f1cf2ca33e6b1	3178b9b593adcd5d44039cc6fa048ca6fa5d6b4af87edcfac22a49e0df83aacf	pixels	col bin 2/rgb/col_green_lo-grad08blk.png
3772	result/ColBinSet_0432.png	pixel-alias	0	pixel-alias	4e3cb06babac90e682424d4c519d0eb299f9b156ea40ea0e236933aec2aa1f18	ac2f1028009d79bea66cc3e923d65700aa5678d06a3e2ee88984fac25853d9cb	pixels	col bin 2/rgb/col_green_lo-grad08blk50-rotCCW.png
3773	result/ColBinSet_0433.png	pixel-alias	0	pixel-alias	a1125b59f461a3e4e044fb7ab743f2cd8bdea9f75bbbf1d25d9deff29325ce21	089c167f3baf118dcaea46c5bd7952e5dedf2682f17384ca55e39741679bb5da	pixels	col bin 2/rgb/col_green_lo-grad08blk50.png
3774	result/ColBinSet_0434.png	pixel-alias	0	pixel-alias	4b50c3a7eb063ba26719fa1950fd0108b6c70a72f4e4f46668a27579a908bf09	c79b325a6b20eb211ffdc67002e64cad3eafe91bbbd506932c841c6cee556ddc	pixels	col bin 2/rgb/col_green_lo-grad08wht100-rotCCW.png
3775	result/ColBinSet_0435.png	pixel-alias	0	pixel-alias	642ca9198d9ea979fb35cb4de2b33f3b729fd025ece0a2a433096e3b39679fca	a4a53aae92ffa393fdd5858b5784a306fc0398a7d3e0336bb1cda00d893448ca	pixels	col bin 2/rgb/col_green_lo-grad08wht100.png
3776	result/ColBinSet_0436.png	pixel-alias	0	pixel-alias	c846ae09aa7b45143b1b4851eb08b32e8d129dd0444877f0ba301fd2e73f7d41	e327b43d961f3f60ca8d24a05799e8f3967724e1fd5d1749b1139dbea6ec74d4	pixels	col bin 2/rgb/col_green_lo-grad09blk-rotCCW.png
3777	result/ColBinSet_0437.png	pixel-alias	0	pixel-alias	a609e58a96d0dd71c62443016d3a813781a451663b129781e058c6e2b5e59b03	b16e27aa8bc78ee9374fa505d7738e42642bdf8083b6b554a788252e4e4ffa4b	pixels	col bin 2/rgb/col_green_lo-grad09blk.png
3778	result/ColBinSet_0438.png	pixel-alias	0	pixel-alias	fa994bc66071916644ef359751cd7997f01a24bbac4e3afeb7dbda6f49475344	573bfa25ead8fe442734907f48aa2a72c2f4d2451449dfbd5fe4085183266114	pixels	col bin 2/rgb/col_green_lo-grad09wht-rotCCW.png
3779	result/ColBinSet_0439.png	pixel-alias	0	pixel-alias	4850ef7a0ce26365b87b5b1a1b0482d701c86ce7be44cdf5be397992ffbaa9b9	37f52185c91619525d485a3fbe1f7cabc007d8b8d392477c727ea75560508026	pixels	col bin 2/rgb/col_green_lo-grad09wht.png
3780	result/ColBinSet_0440.png	pixel-alias	0	pixel-alias	070b6a10420ff9c48b9cd4a0d3e5b5880a0a220f60f25459f892abd6f6b5aa60	7ca4e1079aeb887009efbc6a0fd0c4c7d61298a3ff3e5e5c52c7525db4313d1f	pixels	col bin 2/rgb/col_green_lo-grad10blk-rotCCW.png
3781	result/ColBinSet_0441.png	pixel-alias	0	pixel-alias	a77507c473ce33b747d7470fa4ce6be6359ae0cb872f07b88b3fe26e4cc4b6d2	0bf970ea0a389fb88f7c0e0167e95471f9fc6c0e8709da0f1b0b2da7ef526198	pixels	col bin 2/rgb/col_green_lo-grad10blk-rotCW.png
3782	result/ColBinSet_0442.png	pixel-alias	0	pixel-alias	3f5aea7b65834d3954d4e303830f59628d820d73896a92f0f5343ddb4405413d	bf3579129c1f93fef8ab0912394e4ac2944928bed6109375bce4a0b4146f1c9b	pixels	col bin 2/rgb/col_green_lo-grad10blk.png
3783	result/ColBinSet_0443.png	pixel-alias	0	pixel-alias	fc710f77d708235f86feab3a464c34a012e92d12dd2f18b06e045274ba4a413a	bc233bdebde3d622baec6920041275824ce5125065ee97a725bf76933f5f392d	pixels	col bin 2/rgb/col_green_lo-grad10blk50-rotCCW.png
3784	result/ColBinSet_0444.png	pixel-alias	0	pixel-alias	1dd82b1e72639c989e5ca3d79c5621a6b2db53270c6085b19158c131b0139594	f979e08817d2880e5a08e533324d2fdbd3d325298c5c10a7959e3681a0d92aa1	pixels	col bin 2/rgb/col_green_lo-grad10blk50-rotCW.png
3785	result/ColBinSet_0445.png	pixel-alias	0	pixel-alias	d21770f94e38fd9b72c3f43f2ec51fc38266c235ee301e678f1348f89fb24240	426b6cf08262b749eebf56667af852f0064b10e4efc0bc972dd153350267f7f1	pixels	col bin 2/rgb/col_green_lo-grad10blk50.png
3786	result/ColBinSet_0446.png	pixel-alias	0	pixel-alias	4e900a68972ef50e8feab0e8e6b82402d60fec7a6327dc3231ac41e38db490d3	071b34a38cd3e1262830a90e260064adfffc2fe066e609c8800b81247136f00b	pixels	col bin 2/rgb/col_green_lo-grad10wht70-rotCCW.png
3787	result/ColBinSet_0447.png	pixel-alias	0	pixel-alias	2b7d69944cfcf2dea2d5a53b7346a4d41c6e9bb166371b2dc1382a2f757b1558	ab0e19d40320afecfa56d5acfc20743bff65250ebbfbd491ccb8b961b4a36be2	pixels	col bin 2/rgb/col_green_lo-grad10wht70-rotCW.png
3788	result/ColBinSet_0448.png	pixel-alias	0	pixel-alias	4e7d811e399110837ed62a45192c9a47716a685736d3a14bd1d67ebddf54d5de	8f936726fac42ac77afdeed4cb72f339f86f368725c2e274871622e2933b0172	pixels	col bin 2/rgb/col_green_lo-grad10wht70.png
3789	result/ColBinSet_0449.png	pixel-alias	0	pixel-alias	5d882ddf6742a29e316ffd3a15fb915ac1dcec97e0c48bbe861b46a9c9d3e546	3a005cdd163d953d04a58f7dd7833f159e20d948cff634a5ed91f244e7138bb1	pixels	col bin 2/rgb/col_green_lo-grad10wht100-rotCCW.png
3790	result/ColBinSet_0450.png	pixel-alias	0	pixel-alias	8e91dba32d8af93cb8e50c226da5334c24e557a640d370c3686d1ce4c01ddfb2	a40dbab75bac9e61e6ee81c455ff699db6be24f6f7c5872ad693e85d34671d4c	pixels	col bin 2/rgb/col_green_lo-grad10wht100-rotCW.png
3791	result/ColBinSet_0451.png	pixel-alias	0	pixel-alias	0239db9510c1b741554212ffede149824a471301389141a3ff829b3fe90a3de3	6a524e5926239e8112af397627ec9452dd7e7e1d895489e1c8b9d57f55324200	pixels	col bin 2/rgb/col_green_lo-grad10wht100.png
3792	result/ColBinSet_0452.png	pixel-alias	0	pixel-alias	c55f8902fe0dbb6a1e51a1ad929582f4c8b14d0e7761c13664ceaf32c971b00e	cd62ebceb7ee8d5af5679d59f4e62c9d4e92c9154e41ca909405d484c8717003	pixels	col bin 2/rgb/col_green_lo-grad11blk-rotCCW.png
3793	result/ColBinSet_0453.png	pixel-alias	0	pixel-alias	5c9c603df04e3b1087576526f4db00bc8254f350615a73af359ef01a82dd1536	b0d24b204c434e2c9fd1983f08b52a54c816c69cb518e801e90e9b1e98b6b6f9	pixels	col bin 2/rgb/col_green_lo-grad11blk-rotCW.png
3794	result/ColBinSet_0454.png	pixel-alias	0	pixel-alias	5226fa36363689d3628ca589797f78b29c202b67dae334ef8e0401907a7998f8	f08a979c0e18dafd76bf3d47402264d5b10603ee52276756acded10878486187	pixels	col bin 2/rgb/col_green_lo-grad11blk.png
3795	result/ColBinSet_0455.png	pixel-alias	0	pixel-alias	f1df7cc97b2655a7855c386065b2f01cef6daf07b1553650e10cc11907a8bd45	f1468bfb42f21e5779b89adcff144455af23f7362b5b67a50fead849bb60cae8	pixels	col bin 2/rgb/col_green_lo-grad11wht-rotCCW.png
3796	result/ColBinSet_0456.png	pixel-alias	0	pixel-alias	1240719998b73259ca4ccee0be3f22b9f20d263d85dacc12d45d9ecc3c29139a	f9dc9f995c1c451390bbbdf43277645eb6dfa517f6b01d8cec167a3eefbf282e	pixels	col bin 2/rgb/col_green_lo-grad11wht-rotCW.png
3797	result/ColBinSet_0457.png	pixel-alias	0	pixel-alias	3efd5395219a20c466db7ed94d238b565311d353d7d0677f973be05db9213968	d1b8b5846f74d91651ca122289d5c76f945621b6dc19a43512da17bafba051a2	pixels	col bin 2/rgb/col_green_lo-grad11wht.png
3798	result/ColBinSet_0458.png	pixel-alias	0	pixel-alias	585949dff8d9aad89aa16c5fecf3913bb45755c633ad5c8aa961ff8022d97d9e	b15cb3189f94eb7b31f53aa3397dd4296d740ed022f9cbdb740b77119b8e6a03	pixels	col bin 2/rgb/col_green_lo-grad11wht60-rotCCW.png
3799	result/ColBinSet_0459.png	pixel-alias	0	pixel-alias	c2ec7d1fca3e54abae85658ff717eaf76f99f0b0049fb6b6b0ad8bfa98bae987	ab667bf4157dfa162ff6b7d3671cc544a307039554ce49a013ccc82e4894938b	pixels	col bin 2/rgb/col_green_lo-grad11wht60-rotCW.png
3800	result/ColBinSet_0460.png	pixel-alias	0	pixel-alias	f0e85eb10c787c78835ee13695f99324307bb3ab23b4d488aa3f19b9d722907c	f65a253ca897cdb1a9ee7f327ce78473ee4b34836c99cfc4848d3ec2073cd12d	pixels	col bin 2/rgb/col_green_lo-grad11wht60.png
3801	result/ColBinSet_0461.png	pixel-alias	0	pixel-alias	3493411199d3710fa4b9c03289e2c8cd1b1e8d3d3e257336da3ab99ea510a059	76556781263d1a5fbc63b024cbc1a5650a3de8407057bebf0228cd2ee5a9a5cb	pixels	col bin 2/rgb/col_green_lo-grad12blk-rotCCW.png
3802	result/ColBinSet_0462.png	pixel-alias	0	pixel-alias	91cc2b71c76fdc1f225a3a92d99b7d0ffeff9e00e05d62adc5386f3fd346fa7e	e6cf102472497342055f6f0684a970426c55d8b000653df5fc4a396300b86828	pixels	col bin 2/rgb/col_green_lo-grad12blk-rotCW.png
3803	result/ColBinSet_0463.png	pixel-alias	0	pixel-alias	2c9a014ae8a538bf1af7abeb75125cac86bbb53fe1c8a333b6206d05cb076eb6	6c69b774fc06a1b7cc179b8e826e229b7473b9a5e2bebc86d5421af0102ba3f0	pixels	col bin 2/rgb/col_green_lo-grad12blk.png
3804	result/ColBinSet_0464.png	pixel-alias	0	pixel-alias	70f6bb18a1464e7b80cb5df238af5eef5a3c838fa66918274ba314e6f5dae263	f89b51d6192afd085c3c6a5164f733eaaf8e41a9cfa10a71324939594cd92d4f	pixels	col bin 2/rgb/col_green_lo-grad12blk50-rotCCW.png
3805	result/ColBinSet_0465.png	pixel-alias	0	pixel-alias	9fdd60395392c1fb340b9ad818b3131f807c94b604fe792e95970014064369e3	68d208de02900a03dffbc883218117ec70c138aa03ba7f2ce44cf098b79293d8	pixels	col bin 2/rgb/col_green_lo-grad12blk50-rotCW.png
3806	result/ColBinSet_0466.png	pixel-alias	0	pixel-alias	805d09da697f148f5afe4cf4554afd259afaa322afc4792a63e969d7a9e60a5b	0dd722c48c6457a1ef38ca8b1d1124b5628365a168cc36b3027ae2a6e7619136	pixels	col bin 2/rgb/col_green_lo-grad12blk50.png
3807	result/ColBinSet_0467.png	pixel-alias	0	pixel-alias	14f2705f36f16d22206f2c50bfd5388438b85e57ee76071684fa9a19524c337a	abf341007b4d9b2fd24e0a50e1c13d8d0547d544f30d1d567f458d276f0d2fa8	pixels	col bin 2/rgb/col_green_lo-grad12wht-rotCCW.png
3808	result/ColBinSet_0468.png	pixel-alias	0	pixel-alias	c60e37dd200b20931259870279581a85c5e17d0921e1d98ee328d19d0556a465	c26369747ff56a1a44174cceb57c88de7990f2faa5267eabaf68095d4101fd14	pixels	col bin 2/rgb/col_green_lo-grad12wht-rotCW.png
3809	result/ColBinSet_0469.png	pixel-alias	0	pixel-alias	b7e95f8ebfb87087260c8fef21b444d6d3bae359ecaf1c947e2db134cf10baf4	86520fdc56475319ff67581e72e1435352ce61a9ffdbaef6c08cd8c12ba73bdb	pixels	col bin 2/rgb/col_green_lo-grad12wht.png
3810	result/ColBinSet_0470.png	pixel-alias	0	pixel-alias	a9e9b90996372f765da38c2d3238898b8b675383755f191c19c6e07bfc693f3d	1b5d9b9f9b89cf1c7acf204a8e6b1b329b35852681eadc67cfb991ec86504d8f	pixels	col bin 2/rgb/col_green_lo-grad13wht-rotCCW.png
3811	result/ColBinSet_0471.png	pixel-alias	0	pixel-alias	71528b7ebc9180479f451de4171d0baf4d80382ff88040750474d4ef851aa0f8	012e531b269ddfd71f5cf48d2185fc466736332cf0f6dda792e4a9ebfe76db9b	pixels	col bin 2/rgb/col_green_lo-grad13wht-rotCW.png
3812	result/ColBinSet_0472.png	pixel-alias	0	pixel-alias	cbd52e28659a544181ed28c77123b92c6c2920c3ea7eeda91c25c79087286cf2	3cf317dfb12a0b42fc1c1410c784456705e06d126221ee85f1ce934e217e763c	pixels	col bin 2/rgb/col_green_lo-grad13wht.png
3813	result/ColBinSet_0473.png	pixel-alias	0	pixel-alias	33f037a4e2fc01daf50aa9a4123d59536ded87e706b559f5825ca75e5c25c80b	c7fc587a905e26929f1b2db6ac41ab7c607a3d0f52047065b9b6f8c032303513	pixels	col bin 2/rgb/col_green_lo-grad14blk25.png
3814	result/ColBinSet_0474.png	pixel-alias	0	pixel-alias	8c11b664e4a2b70176c6bd59e0409175f35ae8134359dd0b3c8c86de0c703fb6	c6076a5c5f5c9eb4b7774db5e71e29e639be1eb0d9df3b90a5a5736917ea8813	pixels	col bin 2/rgb/col_green_lo-grad14blk50.png
3815	result/ColBinSet_0475.png	pixel-alias	0	pixel-alias	a6bd6ad80c968a5a955bc38d2adb50d6d5cbfe54d525c15d447e71237a825d91	259403d95e4dfd6522a6208dd0d8aa665950f6b1db3264a7c7fafc3da1a0015f	pixels	col bin 2/rgb/col_green_lo-grad14wht.png
3816	result/ColBinSet_0476.png	pixel-alias	0	pixel-alias	ca4ea2e89253a14d12d3017ae9b0fe1b0be08153541fe0ee0effc28589c40bd3	4cbcaca609d5dd4325ce02d274e80cb7e5eb036b5bf7a46408bcde7f02c873d3	pixels	col bin 2/rgb/col_green_lo-grad15blk25.png
3817	result/ColBinSet_0477.png	pixel-alias	0	pixel-alias	1458741ec87d7f2d3b5dbadd94aa7e6d3f8f3ddd62727c8a694ca8821a1fef0c	2b704c8082d3f4b00125857a29603814156484626c7dddf29cadecf92ef2283d	pixels	col bin 2/rgb/col_green_lo-grad15blk50.png
3818	result/ColBinSet_0478.png	pixel-alias	0	pixel-alias	c1caea9029642688aca4b529b92d12bfc2b5ac61b3453f724a765c638e4f8683	4ef8a4ec814a8185a01a693581e07f7832bfb78d2e9cb93ef015e8dbbee63bff	pixels	col bin 2/rgb/col_green_lo-grad15blk100.png
3819	result/ColBinSet_0479.png	pixel-alias	0	pixel-alias	72d4b73491b062fece9d440b25a746d422ca3a863e8b8fad8c87bee3edb13169	ff52be88f8217431c3cebecf235308c042ca7ad5593f04037aba03ad698afa62	pixels	col bin 2/rgb/col_green_lo-grad15wht.png
3820	result/ColBinSet_0480.png	pixel-alias	0	pixel-alias	8cfed864dcdac62c953061d8f22509ce18ee971fdd6e64ca03ec2d2da77710a5	dec3c7b71515ff7437ec3521bd8643d1b4ebe3bc79e5c689a000b754433c3f3f	pixels	col bin 2/rgb/col_green_lo-grad16blk20.png
3821	result/ColBinSet_0481.png	pixel-alias	0	pixel-alias	dd205db7e89f3b1e14ae87ce323601f2278a478daab9fb480c3aeb82afa4726c	219610af6f4dbcb920d7ded07dd6fc8ad1a362700fde34422176f1145cc36eb0	pixels	col bin 2/rgb/col_green_lo-grad16wht.png
3822	result/ColBinSet_0482.png	pixel-alias	0	pixel-alias	624893a52d7f88dae69d792691c6974bfe5f18532dbbb8a4ca28751357a665b8	c3584ca1acfc0d5f583cbd5cba78286bc88d0ed205930eefd6638df86ad54d96	pixels	col bin 2/rgb/col_green_lo-grad17blk.png
3823	result/ColBinSet_0483.png	pixel-alias	0	pixel-alias	bb15f2634be7794e7773d01bb36d4341cc97ee277c6b85f322a28992d3ad4a7a	a6bf83565b52a0867e9f36463e3c13a99abdca4e0af608a85eea53d3b694bcbe	pixels	col bin 2/rgb/col_green_lo-grad17blk50.png
3824	result/ColBinSet_0484.png	pixel-alias	0	pixel-alias	6b5ada93d5215780b156b5fad33bff96f0ea903ed98ec129b36e808ed0548225	19e950a7ea8a7c82040e3a9f881366a204e9836492c2e9e11ac7c67ed48357b4	pixels	col bin 2/rgb/col_green_lo-grad17wht.png
3825	result/ColBinSet_0485.png	pixel-alias	0	pixel-alias	d6025b35b705dbd83b16bd7696413ac5464fafc53a12b3b5cb751b99dca431d1	466fa6fc2cbb4429e49b249549d6eeeba63ecd3236ee666470fcf5d26abadcd4	pixels	col bin 2/rgb/col_green_lo.png
3826	result/ColBinSet_0486.png	pixel-alias	0	pixel-alias	ababa526743c965bb3254ffc9075910d9aa4ef205793aa94a7ac338e37f671fd	2353e9709a3ff82f8bc1e670b53b1cc4fed35ed557d69ee446bd80e0a5c95e04	pixels	col bin 2/rgb/col_pink_hi-grad00blk25.png
3827	result/ColBinSet_0487.png	pixel-alias	0	pixel-alias	b1cea37d56753ae59892d24259f33378566cb231d089d49981292c85e93629b1	678a93818883d82444d319ec7d964f35bb171a392bc56bbec6d115108c0002e2	pixels	col bin 2/rgb/col_pink_hi-grad00blk100.png
3828	result/ColBinSet_0488.png	pixel-alias	0	pixel-alias	db3ee59b324ba6d65c5b8a71eafa1e8e938f5cc8d035185c9428b9953041d6f7	2abd0e89cdcf2bfacec91f3626d35d97c832f96c34df23f4774fa0461765607d	pixels	col bin 2/rgb/col_pink_hi-grad00wht.png
3829	result/ColBinSet_0489.png	pixel-alias	0	pixel-alias	1931d2b3e3aea4f948f71fff8102c05ee5a0106c8be6952ee6b6586db60d33ba	ddf24ebb332af5357d0cf69c27c2884ab64104205d2fe4afd5e4a569d15cd09b	pixels	col bin 2/rgb/col_pink_hi-grad01blk25.png
3830	result/ColBinSet_0490.png	pixel-alias	0	pixel-alias	829ef1e84c3e1dae42c1b47c63a722ae1d52b5ebb09179f7728234bc7ccca63d	88e78390716ba0e37a08072769271421492dcf0f2f1b1a3b6526f84a07a49903	pixels	col bin 2/rgb/col_pink_hi-grad01blk100.png
3831	result/ColBinSet_0491.png	pixel-alias	0	pixel-alias	fdf6aca2e7dc46fe34330f664fad28ed33be865bf683e21953a90d4a51a43c54	3aa82ea2802a3dd4517dae89e7b14838308742ede53dc1c19b1215e725f962ac	pixels	col bin 2/rgb/col_pink_hi-grad01wht.png
3832	result/ColBinSet_0492.png	pixel-alias	0	pixel-alias	3c69baed9e4656010145f86ebc627ffce345ff5445d52244c7f6509d31da9b71	1fa32228d6f2b92eb04da2d32fc8bc898bafd4f2c839ae32cd1b1ec4cd73a3d6	pixels	col bin 2/rgb/col_pink_hi-grad02blk50.png
3833	result/ColBinSet_0493.png	pixel-alias	0	pixel-alias	2ccc2e5bb15dddf5a337f8a383e16c3c646233988c1222fa2e8f1cc0b80a20ef	1d952372837d4aee3320e2e5b2948eb94bdc3e603397b7ad9ca56764b13f626e	pixels	col bin 2/rgb/col_pink_hi-grad02blk100.png
3834	result/ColBinSet_0494.png	pixel-alias	0	pixel-alias	edc51a5f6e7026b961c47ee7b99a32874dcd7204a5c5360f9cb3ae9fb187dd97	bd9db418af9877638f56b2b99b39f4c8b470123aa12e9ef8ae9722420057ba43	pixels	col bin 2/rgb/col_pink_hi-grad02wht.png
3835	result/ColBinSet_0495.png	pixel-alias	0	pixel-alias	c05186ac74f9b35fbc78f0c61f6ff36f255c1967ae7416c6e837f7866e755acd	d473d8356fc901353b50381f8d8c583ec288b4e3d7cbc10a053b957438d899d4	pixels	col bin 2/rgb/col_pink_hi-grad03blk25.png
3836	result/ColBinSet_0496.png	pixel-alias	0	pixel-alias	27042c7e2abfdf22b7231f041b1a31e7ad885325905f6c884a113b54838941b4	a9f783dc5c56d50ccb18ec9596c070d311e1088b6f6cb534b8c28bb58e145c1f	pixels	col bin 2/rgb/col_pink_hi-grad03blk50.png
3837	result/ColBinSet_0497.png	pixel-alias	0	pixel-alias	abaaaa97800dbe34a596b8544b5283f2dd57f2312b062b6bf6787c13feb411c4	f1ee45ca51ffc449eff9baa4e1539de41172fd6240d3200d736525168797c4e4	pixels	col bin 2/rgb/col_pink_hi-grad03blk100.png
3838	result/ColBinSet_0498.png	pixel-alias	0	pixel-alias	af701ead49e6d5323a637f151e851584fc7d9e109372603c9b816484b34939ee	b381d134ce9a42ed58942042fdd1f776465414f00303dee2de1925b8f00e8821	pixels	col bin 2/rgb/col_pink_hi-grad03wht100.png
3839	result/ColBinSet_0499.png	pixel-alias	0	pixel-alias	c87c4f2b7beaff51f1ace9e21c4ed05d516276f7df9eaab29e39b1e4b31d87c0	788166009b16ada0b8dee6dbf3331440575b6cd2d7e59f19c532153caa9b6bf0	pixels	col bin 2/rgb/col_pink_hi-grad04blk50.png
3840	result/ColBinSet_0500.png	pixel-alias	0	pixel-alias	1f8c35e1ee6daed1724d5576a2459ab7b73439609d7fc0465ba83ff1af35d3bd	6bb0e609b24449c606844f9beef07d4d3c92a6ba5a95805677801c48568cb7dd	pixels	col bin 2/rgb/col_pink_hi-grad04blk100.png
3841	result/ColBinSet_0501.png	pixel-alias	0	pixel-alias	65e6d241ef68f907ce66335a8686e6557a0f59d2f248bfb91f405a0db50dc3a9	add59a08b62e5ddbff08cdfdfe334f7902a2a6e07a18acdd43a3c72a8cb63979	pixels	col bin 2/rgb/col_pink_hi-grad04wht.png
3842	result/ColBinSet_0502.png	pixel-alias	0	pixel-alias	1bb249a9a06b51bc925eb92029addd79c2920e6dccdbae7a5caff7d8ba74e990	b395af24c2e080522b3ecaefa63dccf0982b39ad57f6f0e9c3db7b8c36f74718	pixels	col bin 2/rgb/col_pink_hi-grad05blk50.png
3843	result/ColBinSet_0503.png	pixel-alias	0	pixel-alias	04332cdeb1c47e079c0bc87635ee32d45b587fc3181041fc5d192e6c7d310610	3fb474c5a33859b7c6a2235819955f92dd2bc8976800fc8602e983fb7b1655c5	pixels	col bin 2/rgb/col_pink_hi-grad05blk100.png
3844	result/ColBinSet_0504.png	pixel-alias	0	pixel-alias	ece6ffc43865bd838cdc23ae5bd7a545c0e7f5da226392339a8ca20ba652b57d	25224c5bbb197500232a67fd5ba93510f7c3ca9b844b858c7c2f01134370374b	pixels	col bin 2/rgb/col_pink_hi-grad05wht50.png
3845	result/ColBinSet_0505.png	pixel-alias	0	pixel-alias	a783773fa1fe2d46f389681df25fe0436ea69e9c918ccc8b272351b29daf552b	7aec4a2f05371fcfba0eba7188e1ca7fdc24292edbf46227b128f53e548cb640	pixels	col bin 2/rgb/col_pink_hi-grad06blk40.png
3846	result/ColBinSet_0506.png	raster-fallback	0	raster-asset	ed775ca7dcc50f30a2ed794387f584fe0d62a03891b6a9ff113a23c473877ba4	697defbeadea8b5e8ccab81c5a409ccf138b8d478708ab3a5cb2a8794d41d280		
3847	result/ColBinSet_0507.png	pixel-alias	0	pixel-alias	1000cd5b6a57ab13ccddf09773a66887731a78cf846f38227bc4d570035d32fa	3a8c5e450195b4dcb0a6cb6a1c34d0d96a064d3cfade59427bb55a26ebe754b8	pixels	col bin 2/rgb/col_pink_hi-grad07blk40-rotCCW.png
3848	result/ColBinSet_0508.png	pixel-alias	0	pixel-alias	90c8a0e5c6d9eafd9dd59982bb813fc054f3954c78ec3dda64dacbd6faf60b01	07f199b4d075d091c18ff2a8e995b5c008a43ee98158fe36c22e4ee3995a5543	pixels	col bin 2/rgb/col_pink_hi-grad07blk40.png
3849	result/ColBinSet_0509.png	pixel-alias	0	pixel-alias	20a69c5d6842af915a60c8876f09d8b4cd168c8c63eafa647db5e465b3a0a097	3c5a425f72a4f703a1a97ede087297ae44cc38a4bf2fb0bab79b94948779efb5	pixels	col bin 2/rgb/col_pink_hi-grad07wht-rotCCW.png
3850	result/ColBinSet_0510.png	pixel-alias	0	pixel-alias	325fde92408497a3a517467d6f66d709db8bf21af1ed2170ecec6696232d5846	73d7662d3a349b353af621d77a8820d38ec859fc8eaf8409b9d7f111ed491741	pixels	col bin 2/rgb/col_pink_hi-grad07wht.png
3851	result/ColBinSet_0511.png	pixel-alias	0	pixel-alias	add8a56b5ba1eef28ac5ab8d374496cccfb3c63d2d36dc02ebb171aec17897e1	80c88a9ecff75a3a26e5981dbe8d167346a774d438d41a901b2daac227628b32	pixels	col bin 2/rgb/col_pink_hi-grad08blk-rotCCW.png
3852	result/ColBinSet_0512.png	pixel-alias	0	pixel-alias	dc649f010c142b02ce7c99ceb1e3f327ebb899bc2be17237fb3bf6de2a5730ba	8ea740349fd1bcde95ac33f465be4b0da852c3402360956a70976ec6c5b22934	pixels	col bin 2/rgb/col_pink_hi-grad08blk.png
3853	result/ColBinSet_0513.png	pixel-alias	0	pixel-alias	482b4e5b8f968f5b9a66881efd7cd4891e6a81926adc8964291a7d4c2ef62d9b	14547d8e4d557c3efe7691109a3e4cab3bde25ac088c94c08f9f087532ffd206	pixels	col bin 2/rgb/col_pink_hi-grad08blk50-rotCCW.png
3854	result/ColBinSet_0514.png	pixel-alias	0	pixel-alias	b549486254ed6c3d769d544314eb705d09f91ce58e053f6129287fbfa212471c	823b35fbe300259401f2ffec67b762111a0b6de88134e2cd1b472878e9e645bb	pixels	col bin 2/rgb/col_pink_hi-grad08blk50.png
3855	result/ColBinSet_0515.png	pixel-alias	0	pixel-alias	5ed340a37c4f4ec1427c7b91037666215ce435f067c75bec1fba82a67cc37e76	72909acaa865205b086b0c753ed57d4a315cab504232ad30e3e71e577d684928	pixels	col bin 2/rgb/col_pink_hi-grad08wht100-rotCCW.png
3856	result/ColBinSet_0516.png	pixel-alias	0	pixel-alias	9620c38edf62f89ff812f9ab078b082a3e347647b18b257da65854f2779b1ccc	3a622fa1e4c4fe17cb2ee14a8cbe32883c226097d3cb8215cd24d6e44e973008	pixels	col bin 2/rgb/col_pink_hi-grad08wht100.png
3857	result/ColBinSet_0517.png	pixel-alias	0	pixel-alias	10e463e61ffbf6d74bf0c77610d7803f640c2629cd5ef9ac43611f48b070810d	401f74ff7552839bdf29da173af35bcb8ad9d2be847114c8ca9563cb77f639bb	pixels	col bin 2/rgb/col_pink_hi-grad09blk-rotCCW.png
3858	result/ColBinSet_0518.png	pixel-alias	0	pixel-alias	d4ee773e48999bef4373f2dea2b313e608753020501bf45b8b88923cbffb229f	bf41a43acea7f438d9191e1c2389e183edae39f4716ee34267d5fd3cd9b5935b	pixels	col bin 2/rgb/col_pink_hi-grad09blk.png
3859	result/ColBinSet_0519.png	pixel-alias	0	pixel-alias	f6305e12d99daf69ba153e71e631f44651c8f68d24270458b24c12efb31279d4	59a97c49805b8e67c6f938ab93296039138f65ef298bf403be3fde12ed3b5265	pixels	col bin 2/rgb/col_pink_hi-grad09wht-rotCCW.png
3860	result/ColBinSet_0520.png	pixel-alias	0	pixel-alias	21a80020ba02df823838ac346ddf659f247427aaf0ea70967e4430eb4435fb95	d8234c0de6acccf7090362f96ec65ead10e4f71c0f97f0937fcc3c0db5140078	pixels	col bin 2/rgb/col_pink_hi-grad09wht.png
3861	result/ColBinSet_0521.png	pixel-alias	0	pixel-alias	fe37bea91658f4e468f11a9921d4301ebe493db47397057587028331aba3f27e	4df8545100a05700de09d755c603d7ec81fcb5207ce4cc3ef9b7c69d94b0269d	pixels	col bin 2/rgb/col_pink_hi-grad10blk-rotCCW.png
3862	result/ColBinSet_0522.png	pixel-alias	0	pixel-alias	c587a3919b0205b0088e693ce3a6fa493fd6804f935c225a15256f176f5fcfc6	0b20f998d7ee070133e2b61eac0996ffc9742f04e3becfb008418550c50269ba	pixels	col bin 2/rgb/col_pink_hi-grad10blk-rotCW.png
3863	result/ColBinSet_0523.png	pixel-alias	0	pixel-alias	9c0895dee256fda9909b5fa9b49f448e780bebb865f9505001a7cece735616e3	7fc0c229842c5855f4dc3e5fb3c47e4b3e476d4ca9ab00ad4ffd23d252cbc9ca	pixels	col bin 2/rgb/col_pink_hi-grad10blk.png
3864	result/ColBinSet_0524.png	pixel-alias	0	pixel-alias	6bd0065d27cd4030c918193b325ba4a77139959d9541551eaf6304060b031971	1aa9615d41d9cdf95aa8c05e8239eeebadd5b2309e22abaf1042c2415a9fd3f3	pixels	col bin 2/rgb/col_pink_hi-grad10blk50-rotCCW.png
3865	result/ColBinSet_0525.png	pixel-alias	0	pixel-alias	4e7706a96d769c0eb0fffa6ac93b5b76437e893d1aef6a16310a5aee10b677fa	1cd52ee7f723efcf16e48f6c75abcc3d959b5f53d261156accbba7e26ef78282	pixels	col bin 2/rgb/col_pink_hi-grad10blk50-rotCW.png
3866	result/ColBinSet_0526.png	pixel-alias	0	pixel-alias	660cc1c38434df2ce7c556a24cf1fb6854e842fe6285e36184615402fc1e9d02	5a96f8d222ec7a5d942df9af775ee77228ad26f95e010906bbd7651f345a2026	pixels	col bin 2/rgb/col_pink_hi-grad10blk50.png
3867	result/ColBinSet_0527.png	pixel-alias	0	pixel-alias	17eb32567b4ef3674046cd8c1f80c37c56c994ab28bf102738596c8a0b3c0da3	1b9c59e0c0064d9186aba2fa3347c52f9c0aa379afba74302a251c4efbba481b	pixels	col bin 2/rgb/col_pink_hi-grad10wht70-rotCCW.png
3868	result/ColBinSet_0528.png	pixel-alias	0	pixel-alias	8be34820bbceae27d946fa6b37f377fd05e89ed74405867b834beb3a760d39b6	ea4bd8698c5e5a0f0cf45a33b2cfdd05ee912bd06ab5c427e2613851a5382c2b	pixels	col bin 2/rgb/col_pink_hi-grad10wht70-rotCW.png
3869	result/ColBinSet_0529.png	pixel-alias	0	pixel-alias	67ca39b7e1b2b5373263fbf7cdd2adb68bf2a5ca977d37f72f04ac9fa778192f	e94be2172beaa5e4a8dec8f6aa2b1d642323c19d5ddd159a6bb44b5319b4c2f1	pixels	col bin 2/rgb/col_pink_hi-grad10wht70.png
3870	result/ColBinSet_0530.png	pixel-alias	0	pixel-alias	3c1a71dffa6d2eda462110549379a7e7ea12214e9d8c76b32fb85a4dd3cf045b	e09ed9168d5e123cea1685dae49e169fd742c6a3c8c377aac940668b1d46269d	pixels	col bin 2/rgb/col_pink_hi-grad10wht100-rotCCW.png
3871	result/ColBinSet_0531.png	pixel-alias	0	pixel-alias	bdd788ad9e92989070f3c9c09e5cb56d66f8683232dc2ee37329f2899a2aad45	46979f37124718a796315eec23e88c51c7353a8e7f0a7b234c23a1cdd134ff0c	pixels	col bin 2/rgb/col_pink_hi-grad10wht100-rotCW.png
3872	result/ColBinSet_0532.png	pixel-alias	0	pixel-alias	186a5b55c9639380376a3854674834e8214f78f9e174d0e1c3c38dadab16cac8	dafb9ed2413b99419c1f7d159f534084925f3b288fbd00ac21d2e23311118b4f	pixels	col bin 2/rgb/col_pink_hi-grad10wht100.png
3873	result/ColBinSet_0533.png	pixel-alias	0	pixel-alias	a4f5ebb45fe6e26e5e8a60f1aae8130810f31efa6940ce2483ccda9395c1f343	08a72de439b12d4f8296827ef97a1589118cc99d40348fd129fbee8de149ce09	pixels	col bin 2/rgb/col_pink_hi-grad11blk-rotCCW.png
3874	result/ColBinSet_0534.png	pixel-alias	0	pixel-alias	4aac0b53c6150981381194b51cc2de29e1fb7d1c7fc0ba77479238ef5dad335d	e05aa67cb05cf37264354d3e58ba88fe5d9311b5ed1da5a36e9bcb67dcadbfcb	pixels	col bin 2/rgb/col_pink_hi-grad11blk-rotCW.png
3875	result/ColBinSet_0535.png	pixel-alias	0	pixel-alias	9da50f93223836567cbe16a231fdf95b1bc935a07537c1515012e5df19bd9822	d1c850eb53a87b05b3bb30d50d3326703e005d14bf935129f80d5d017ecff442	pixels	col bin 2/rgb/col_pink_hi-grad11blk.png
3876	result/ColBinSet_0536.png	pixel-alias	0	pixel-alias	1ea01eb0bf0672245615839ef816ba46b58fcd35467dad22a1d2755d6040694f	2760fbdb1503eada571383eddec6a880bf8eeb44cb62ed7c46d2e3a0aec1f8ec	pixels	col bin 2/rgb/col_pink_hi-grad11wht-rotCCW.png
3877	result/ColBinSet_0537.png	pixel-alias	0	pixel-alias	da04c83b452999d67993b784a45c5af05c8ff37e656089bb6bcfbf58fd0a2a60	9ec7c50c2d237b2b173951c416b46aba2aa7b3c45d8fa1384ac05dd507da140c	pixels	col bin 2/rgb/col_pink_hi-grad11wht-rotCW.png
3878	result/ColBinSet_0538.png	pixel-alias	0	pixel-alias	641a9ff9de744fc721102fda9ecaec599ce547ab0bce0bd82350c18ca63e1616	b4454ade01a5255b8a72deee52fcd6d199f5ebb38930f537d6019de3f1720921	pixels	col bin 2/rgb/col_pink_hi-grad11wht.png
3879	result/ColBinSet_0539.png	pixel-alias	0	pixel-alias	b5730c8ed75bfdceff4a9d06df632e1a7b131c75400c507839cb5d31066c247d	7f89d5cd47cc6e3a4c8866817873930454e67251352dcaafa91b0f63d5e3bc6c	pixels	col bin 2/rgb/col_pink_hi-grad11wht60-rotCCW.png
3880	result/ColBinSet_0540.png	pixel-alias	0	pixel-alias	e9bf2480ec35e9d200866d238149c4bdf902e62ed74942ff126c15850d16a29c	7dae22fe2a1d157e1b4004264ceb467e6b3b65efd27df6a7048bd2a5257a286b	pixels	col bin 2/rgb/col_pink_hi-grad11wht60-rotCW.png
3881	result/ColBinSet_0541.png	pixel-alias	0	pixel-alias	eebbf7b040639a25a4cfeb888339025d68a8dbb9d34359af55451ea2e077cc37	7fe819646f039710da1bb7958f61a24a4b5144c060f49e4867f711157bf0ff23	pixels	col bin 2/rgb/col_pink_hi-grad11wht60.png
3882	result/ColBinSet_0542.png	pixel-alias	0	pixel-alias	ed0fe9ccbf184de784a69036f507a6ea74cf4958df8b95492ac22f1bbac1416d	27021f48c991c40fb1e7e2b883cbb2832e881dde8b3cf56192c71f5b8dedbcaf	pixels	col bin 2/rgb/col_pink_hi-grad12blk-rotCCW.png
3883	result/ColBinSet_0543.png	pixel-alias	0	pixel-alias	b9051182ae0931bdb6f001da74e765658313120da6a804939cfda5d309e47c2b	882c3bcf4abdc540730f90f12c63967c2d31b21aaf2e3cbb63df2b2f87416d9d	pixels	col bin 2/rgb/col_pink_hi-grad12blk-rotCW.png
3884	result/ColBinSet_0544.png	pixel-alias	0	pixel-alias	97f18274a123123ee3116864d10ff1a25ef210d898236d62a5291f5b4e455a8c	95404dd5b4c3f634d616d2016c6997e603fd3de81fcd440a900587efeaeb04d7	pixels	col bin 2/rgb/col_pink_hi-grad12blk.png
3885	result/ColBinSet_0545.png	pixel-alias	0	pixel-alias	64ec1180b9b9d765c83ef149ea74d58745bd39e09a6b317f5043f1be9b4a8059	4c1b4ac8645aec88ca15e84d4fc83b61cfb2f2b7fddb4450b52a8c9683ff5017	pixels	col bin 2/rgb/col_pink_hi-grad12blk50-rotCCW.png
3886	result/ColBinSet_0546.png	pixel-alias	0	pixel-alias	90131cc1eedc154d1abddc63169ce488ea9ef8be266e2c47056ef70f8c6471d2	77db2d4d9ede49ca4a72c4646067851d05780184f4986ed8ee1c50ded7925b5a	pixels	col bin 2/rgb/col_pink_hi-grad12blk50-rotCW.png
3887	result/ColBinSet_0547.png	pixel-alias	0	pixel-alias	b2850eedefb1b38feb30557920828b2177d7fb5c02e3b872749713ef1f7ad12c	df6b7f169d3a492b47645fbdb3ee1afca202a60b6a601cd26e23931277f58d6c	pixels	col bin 2/rgb/col_pink_hi-grad12blk50.png
3888	result/ColBinSet_0548.png	pixel-alias	0	pixel-alias	48c9f9eb3d656c8bc41a69327d0733e102f4592e1bb32f43e0d52e124a790157	79082e58750b36667d3cfe3873c81fc5aba401863f61786bf63461ea899342b9	pixels	col bin 2/rgb/col_pink_hi-grad12wht-rotCCW.png
3889	result/ColBinSet_0549.png	pixel-alias	0	pixel-alias	894513be13a2e028de292702c4d13983bec3a9e2363c79d713867bba28e5fdba	01cbe609d4947e5ef4aed48b03b8d2cda87422010faecc2795bc9cf7e8d24cfa	pixels	col bin 2/rgb/col_pink_hi-grad12wht-rotCW.png
3890	result/ColBinSet_0550.png	pixel-alias	0	pixel-alias	53d9eba0d6920d700a26141550c0cf7ccb5a90e14f3e0403e0b00f942f15a3d1	6f6e5bd47c3e60c9d9159dae61f2113289edbe62ccc2a8e8c654b753a4ed6137	pixels	col bin 2/rgb/col_pink_hi-grad12wht.png
3891	result/ColBinSet_0551.png	pixel-alias	0	pixel-alias	83c9214e07794b69b84c27b28e7e0d39b8183bf59a3f79017390fac008841b8c	f011cc6f81b7589bcf4a17423ba4fe6390762a7a7593bcef8829e81cbb0618e8	pixels	col bin 2/rgb/col_pink_hi-grad13wht-rotCCW.png
3892	result/ColBinSet_0552.png	pixel-alias	0	pixel-alias	4b492a15185778f18e5abc517604dbc8216aad187671109226f5ddf97e6b4337	038d53c3dd5cd7dffdaea3dfe7b2db384fd6e36f3606dae073fc91d54146ad7c	pixels	col bin 2/rgb/col_pink_hi-grad13wht-rotCW.png
3893	result/ColBinSet_0553.png	pixel-alias	0	pixel-alias	7f6958bdb926bca7cac9ef5fbe2fcc63c86422241ad6647300b31b9b9f05280c	66b0d41f80af992bd57880628b53ef764f36a75e8cca1b4df7c60ca2974f9a1b	pixels	col bin 2/rgb/col_pink_hi-grad13wht.png
3894	result/ColBinSet_0554.png	pixel-alias	0	pixel-alias	fdb0e655fb496fd8c6a50437c9c1272384701d762d9bf6391629b97cc64b7d8c	5bcdf076b428279a00da2d1b1d63debf41e95182834a1c96da34f440e34c785f	pixels	col bin 2/rgb/col_pink_hi-grad14blk25.png
3895	result/ColBinSet_0555.png	pixel-alias	0	pixel-alias	f800c75b0251a93da4bef6191ed3fa5c48177d571e248e6782d11249ad682b83	149a4a1d737f4d99be5c82f2fe74e62ddd0a779a156794f3a3631afcaa26385c	pixels	col bin 2/rgb/col_pink_hi-grad14blk50.png
3896	result/ColBinSet_0556.png	pixel-alias	0	pixel-alias	843b2af5e9cebf0525050e9ca188ef6b3837141fec151e9abb88e975cc818fa7	18aaf47b22bca053fb8bebb5ea2ac6d716fbb9145c50f8356b9102d648b9609a	pixels	col bin 2/rgb/col_pink_hi-grad14wht.png
3897	result/ColBinSet_0557.png	pixel-alias	0	pixel-alias	d4e7d2d833d156581622916d95982226d8e390d85487e6a1f9bc8408df59fb18	898e02f5bc54e16481a2505146fd576c0f336af35cf2363ac0161192efbfcad0	pixels	col bin 2/rgb/col_pink_hi-grad15blk25.png
3898	result/ColBinSet_0558.png	pixel-alias	0	pixel-alias	24212fca6831c9e91ce10f3e9a64f10e7edeb960b41ad5c77b5d24cfe52cc5f4	38f118ec3058bd41d575effd5f24921c972c440129151e116965c0b4d472a0d5	pixels	col bin 2/rgb/col_pink_hi-grad15blk50.png
3899	result/ColBinSet_0559.png	pixel-alias	0	pixel-alias	751e7d1e8500a7147be1da47528b1d712eb881f8366973ab45d7c1e168cec29b	50f65290894f41b4ca19b45866cd6e9530790a9a245297f4017e648142bf44a7	pixels	col bin 2/rgb/col_pink_hi-grad15blk100.png
3900	result/ColBinSet_0560.png	pixel-alias	0	pixel-alias	156d27f88bc80d3d4d8d54fa238f15de40ba8ea59d85d0110e28f10d5378e5a9	c63e400bc79b9b03993de7764fd98aad3807590d91ded2506ee022a7bfe80059	pixels	col bin 2/rgb/col_pink_hi-grad15wht.png
3901	result/ColBinSet_0561.png	pixel-alias	0	pixel-alias	c44986a96ec7dad281c4744b51cffe460f4fbd87bd08b94eb048e5c10324c869	19a727bc613ced04bbb95d5a45d8b0085853088a21217a28092704331ab762c2	pixels	col bin 2/rgb/col_pink_hi-grad16blk20.png
3902	result/ColBinSet_0562.png	pixel-alias	0	pixel-alias	af47929d23d1bcfc2559e54cfaeb4f5fb9edff6e1c9718917f54f544cf14f43b	14b13e8510b5fbe874ca9c23c6803f295457f8021546705929f86210780af797	pixels	col bin 2/rgb/col_pink_hi-grad16wht.png
3903	result/ColBinSet_0563.png	pixel-alias	0	pixel-alias	9ebb1a25f7549b75b6e03dfa1990d38c14999ccfffdc041138e5a979a1ca3987	4dfe37e33a349ae01bed6d7b98fc9c55961cbf243daa3f51279f3cd586442e8d	pixels	col bin 2/rgb/col_pink_hi-grad17blk.png
3904	result/ColBinSet_0564.png	pixel-alias	0	pixel-alias	e5e05e975cdd9aa13b4c2b23b727fea1c393274aa8913b396379b8df8833b9ae	d44fc0ed9dbb3b2a6dde18a80a0a38a8e224b8e610197200e995304f8d63d359	pixels	col bin 2/rgb/col_pink_hi-grad17blk50.png
3905	result/ColBinSet_0565.png	pixel-alias	0	pixel-alias	be33905668cae0e2e01df561852dac0c8a9cafb07c12c74fe5eaefb641369a6f	3defad5a230246c6aa26ea772d70b4bc2cb7cb8da369cb70262d3285a9d35df7	pixels	col bin 2/rgb/col_pink_hi-grad17wht.png
3906	result/ColBinSet_0566.png	pixel-alias	0	pixel-alias	da97c4547c0000c0e3b6afba6bbed63c835a948d33bcd05b99e221089046d8da	a45042d0c755b94a1d097dbfbb364de9f0975678eb5c050df2a0f904a09cd8aa	pixels	col bin 2/rgb/col_pink_hi.png
3907	result/ColBinSet_0567.png	pixel-alias	0	pixel-alias	39bad40aa4a1e47ec273c70061e09ef69ad0b0deb2d84ef84f0651e3ef923b2a	bbb9fc5d42f8a6dc2986c1d6d3a0ee1acaac49d772750c26c0d0a59a35693840	pixels	col bin 2/rgb/col_pink_lo-grad00blk25.png
3908	result/ColBinSet_0568.png	pixel-alias	0	pixel-alias	cedbcd4e0b85ff5082a3be7be2d8d383bc04cb55c9ecdc8bbbc18cff5edb6f96	289b0614dab32434e09f53f2c9a1a52ff6739f497bcfdca51f00f6a86939dce3	pixels	col bin 2/rgb/col_pink_lo-grad00blk100.png
3909	result/ColBinSet_0569.png	pixel-alias	0	pixel-alias	9f1ee13014de7dbe3254c8e9aa2dd2ebd1202cb679cf38de10a37dc67bc73f2a	067701206cb61579d7511dc609e609012e6722493d63730e3dd93ab8bacaecba	pixels	col bin 2/rgb/col_pink_lo-grad00wht.png
3910	result/ColBinSet_0570.png	pixel-alias	0	pixel-alias	8fe04c13b17a585c5972fdc5478796d768db430ccd274cd325b869ecec04a577	713af8b19f9adbae4516dc456960c26a4a56fc1ab28a05ad99852ab6302ac99f	pixels	col bin 2/rgb/col_pink_lo-grad01blk25.png
3911	result/ColBinSet_0571.png	pixel-alias	0	pixel-alias	73a6572bd70dfb871940e83d9aace0cd69e0509eaf5f026506a5b88a5b8ae5e5	1ec375782324d711af1fd2e3a2a2c81e0d5e38f7f56ec5a5a45ed47ecc5b9d42	pixels	col bin 2/rgb/col_pink_lo-grad01blk100.png
3912	result/ColBinSet_0572.png	pixel-alias	0	pixel-alias	822a7a052c2c429bc6aeb772b866040a641e6d95c197cc11a4ef06d1e901c24c	8a468aa7330244cc880a3ba31f91365c4eb09f22f73a4f37b414a7e8a0a1c886	pixels	col bin 2/rgb/col_pink_lo-grad01wht.png
3913	result/ColBinSet_0573.png	pixel-alias	0	pixel-alias	8309808638227a9703d08cc7f1cc6be55acb312268d88d9b476189e727aca91b	7b58218f1cb58377e800a59b5c3030acc3ae3b91275d1f8ccd1f37ec03a9acc5	pixels	col bin 2/rgb/col_pink_lo-grad02blk50.png
3914	result/ColBinSet_0574.png	pixel-alias	0	pixel-alias	2705f72891580cb7491f93c3fee6c1fce1664760de2bfb7cb3e0294fc2574ea6	a3baa2afa6058e352f4ea80f943b38b3d4658d1788afbf290bf64d5712cdf480	pixels	col bin 2/rgb/col_pink_lo-grad02blk100.png
3915	result/ColBinSet_0575.png	pixel-alias	0	pixel-alias	db0a7ab180ace207d8a5ed635405259e09123eab816a51a9ccfc2a221a2cbddb	171b46bd37e66051acd81fea0c49ee58ecdec4a1dd9f1a9c493c30f78c01bb38	pixels	col bin 2/rgb/col_pink_lo-grad02wht.png
3916	result/ColBinSet_0576.png	pixel-alias	0	pixel-alias	237fdd7d31a40333d71f916cb398198c4b61ee465a6f4263f2aa5a8b53efe89a	247bbe0de98b7e0fcdec63aa76623807aa9a6f5e6d533382381aebfa0fb7c5d3	pixels	col bin 2/rgb/col_pink_lo-grad03blk25.png
3917	result/ColBinSet_0577.png	pixel-alias	0	pixel-alias	2f818195882b63beca3459128d7cc60d35e33bfc57a2bd46aff36479ff03f5a4	b44c28fda08ae3990c73061674063dc28229b12861830012e6c2eb10ca130e9e	pixels	col bin 2/rgb/col_pink_lo-grad03blk50.png
3918	result/ColBinSet_0578.png	pixel-alias	0	pixel-alias	024621fc92674aea939ee0bb6462c7e22931defa2726a7ed5499e7abdebb0e7a	cc73b2de5b4b0ff734b397df998094dc00bc69d44fda637a86de222091da047d	pixels	col bin 2/rgb/col_pink_lo-grad03blk100.png
3919	result/ColBinSet_0579.png	pixel-alias	0	pixel-alias	87e4c63c9f2006b7c50fd661847aae9c8f21d4755212ab10a97a505aa44cf37c	01f86216b6237bc764f1363282efa017a36fb2cbf1001d8fa6ed3aa2d17e39da	pixels	col bin 2/rgb/col_pink_lo-grad03wht100.png
3920	result/ColBinSet_0580.png	pixel-alias	0	pixel-alias	47caaf76baf4c122acf0d6ab9f96d9bc3b583e1fbc0a7a456ad52854e7398ae6	1d68b58eecad67f5424d3169b5a2ed2719403822da02a429d60003bc09463306	pixels	col bin 2/rgb/col_pink_lo-grad04blk50.png
3921	result/ColBinSet_0581.png	pixel-alias	0	pixel-alias	876cf46e68dabcd8b5d83110547dd5794b9c291b6810f2f78da69f5a022122fd	1f28d157b89ecf70484ae6fa742e42fd92e6d3de7691fbbc3eac9f95d5edfba5	pixels	col bin 2/rgb/col_pink_lo-grad04blk100.png
3922	result/ColBinSet_0582.png	pixel-alias	0	pixel-alias	2c64f4a18d10e6c972ad7b657d3b0f501dadfafbf23498143aee02806176744a	918f184ca3ca7622fe43e6649be46a729f1100081d71f130f8598ebca2eb0b9c	pixels	col bin 2/rgb/col_pink_lo-grad04wht.png
3923	result/ColBinSet_0583.png	pixel-alias	0	pixel-alias	55e4505a45d8cdd477b886ebfc4c586e9087123b0149e6511104e30503bf5ccc	054bfe28c2de5bce1d578b78c5d54dcc267fab2ab3c11886caff7b88b9fc2ff4	pixels	col bin 2/rgb/col_pink_lo-grad05blk50.png
3924	result/ColBinSet_0584.png	pixel-alias	0	pixel-alias	302d9d637b020dcd35cb5b60c4bcb846a76564e2d1c59b484a1d05eac2841a23	d8911a999bf2d98f318687d622cc43e40f13b0a11ac6f45c62518a64c778157f	pixels	col bin 2/rgb/col_pink_lo-grad05blk100.png
3925	result/ColBinSet_0585.png	pixel-alias	0	pixel-alias	830dd05ccaecbeedc3e29430c4a52cf521c995967cf3b28fb5122c0ddc0e3add	42e444613202ab7a31d128b360cb63dc793e0cf3f3f77ff6c13ab19d340c52dd	pixels	col bin 2/rgb/col_pink_lo-grad05wht50.png
3926	result/ColBinSet_0586.png	pixel-alias	0	pixel-alias	671a3b44b4a38d7fafd5e2b2b4a2618b5f9cd4d46fd490c7b4dd9e15e25bf945	1c190b391a99d1916761433cdc3d2aaa21444b6aed12f11661b6edd930c16621	pixels	col bin 2/rgb/col_pink_lo-grad06blk40.png
3927	result/ColBinSet_0587.png	raster-fallback	0	raster-asset	47080be7f384ca07782a4613dc26cfc0cb4ca84c38b8d39ee3d231d41ce09c46	e17af835de946f6787df4732d998bb4df376b45de73c38e007a7454ac99cb05c		
3928	result/ColBinSet_0588.png	pixel-alias	0	pixel-alias	676a42dfb557e3f133c0be68610ea26bdf98d83d81de4afba1c06ab3457af72a	19bf3098fc0586a6c69e0669f0358f518ad0f1442097cb361c87c5269b56c6bb	pixels	col bin 2/rgb/col_pink_lo-grad07blk40-rotCCW.png
3929	result/ColBinSet_0589.png	pixel-alias	0	pixel-alias	f3139c5112fd12c713badac70aa8f73b2a22c0a1941f32f08eda244d33807969	22901abe9da8e0314690d47b15409bbf32b6d80c0217316d522b9e5605f57b2f	pixels	col bin 2/rgb/col_pink_lo-grad07blk40.png
3930	result/ColBinSet_0590.png	pixel-alias	0	pixel-alias	ebbd214296f259d6d40eb91680f8776e257c4b873dcf99f352ce60610d58e958	77f6a63af0f83972f6f3d5a04d3e6ab7e08adf4c6c8a1b64720704c7a0a5d3f5	pixels	col bin 2/rgb/col_pink_lo-grad07wht-rotCCW.png
3931	result/ColBinSet_0591.png	pixel-alias	0	pixel-alias	6cb2e8ce82d12163573b5b0604d96a4e92efa2a8c84859e4ea97577fbfd6cab5	f4cf326940637d80e2a0163a9ebe0db964f5c55804e2c552732d5a0fbc7a66bc	pixels	col bin 2/rgb/col_pink_lo-grad07wht.png
3932	result/ColBinSet_0592.png	pixel-alias	0	pixel-alias	2690629d545fb06ae9a284e0c017def821e9bbb5d9bb34c9a63498c300e53fa1	11605501d8d6a850b57b7e835f846f2bfc43fa750604a2a50abf2c95562dd575	pixels	col bin 2/rgb/col_pink_lo-grad08blk-rotCCW.png
3933	result/ColBinSet_0593.png	pixel-alias	0	pixel-alias	1ec798ec20ecc5f889e72e6ecac1534269b52b636c12be89fe7f53e36a1a09ce	cb960e4ea88113ae11d4cbdc5870156a0340ad260c87f53ed0b33385dd634d78	pixels	col bin 2/rgb/col_pink_lo-grad08blk.png
3934	result/ColBinSet_0594.png	pixel-alias	0	pixel-alias	e1c5f137f517a53fe785eaaa0ab951858acc15866c8e6235c0571585c69b4b15	8114a45a0eae27c65704819330d4f0ab5cbf5a5908202d446f711a3caeea66d9	pixels	col bin 2/rgb/col_pink_lo-grad08blk50-rotCCW.png
3935	result/ColBinSet_0595.png	pixel-alias	0	pixel-alias	c64d7a7aa531f716c57c5889561d86e045018e91c921420fa55418ad670c1240	70056cf9f02629b67f42a7e50cf2a2fe7377d6608548aa88b7e5c0f0387cfca6	pixels	col bin 2/rgb/col_pink_lo-grad08blk50.png
3936	result/ColBinSet_0596.png	pixel-alias	0	pixel-alias	471e03d383ee7e6b2e1705bddbe8489d61f922891ecad68fdf9d8fbb11fdd70c	55d4daa82292d22ca1d681d8c93722e6472fc8978eea3f4c154198ded1b791e2	pixels	col bin 2/rgb/col_pink_lo-grad08wht100-rotCCW.png
3937	result/ColBinSet_0597.png	pixel-alias	0	pixel-alias	5a6ed0d463ce68e91e7791f0ffc12bb757f793c320585bee5e14c657c3a83d25	43f53c33be849b8b0fa727a9d18f75a9255ac73767f6010f339aaf4ac53039da	pixels	col bin 2/rgb/col_pink_lo-grad08wht100.png
3938	result/ColBinSet_0598.png	pixel-alias	0	pixel-alias	3ed4dd95b17e8afa51b1481c8172f7a3410ef9c6b3f18f5a2a8138e83852a8df	269dba28b106103c0b42381e2a5be798f34072f975a154dd1167801c6570c1c9	pixels	col bin 2/rgb/col_pink_lo-grad09blk-rotCCW.png
3939	result/ColBinSet_0599.png	pixel-alias	0	pixel-alias	d00612e0162d67f1cf84bdb0489d2a5d7f327c3c79e6789c89214856a4b36ca4	e3e33ccd8ce34db03bea23f35ac801fbe193308e84a5fabe3f684f840a2b72e5	pixels	col bin 2/rgb/col_pink_lo-grad09blk.png
3940	result/ColBinSet_0600.png	pixel-alias	0	pixel-alias	c34c47faf1c6407edbdb1614bb3016a55182ada2c29ee5d4b9e73113d09ac28f	5cc1ecde034700bee61b28656546f35e754c7d9d11172f7f3d232593efa81779	pixels	col bin 2/rgb/col_pink_lo-grad09wht-rotCCW.png
3941	result/ColBinSet_0601.png	pixel-alias	0	pixel-alias	5868e08d621f443ba8b204dd7781c136b7ba753ad4d0210d1b51f30f0ad7ccff	2ca6576058e7205726701384c869ed48ae2ecd789b5f65946b4969910f090773	pixels	col bin 2/rgb/col_pink_lo-grad09wht.png
3942	result/ColBinSet_0602.png	pixel-alias	0	pixel-alias	6fd0ba98a7346fb7a8897fa9e3aba15d343bfd707dd7f6fc68c878729f748694	f59bef8d8664b17f032c37c80275cf0aae991451abe98ae652e093ff1fac6172	pixels	col bin 2/rgb/col_pink_lo-grad10blk-rotCCW.png
3943	result/ColBinSet_0603.png	pixel-alias	0	pixel-alias	0086fe9a4c5728c7e028ad278708ac2840c87c6594c15760746d6a940c4de1ef	be01a86e4e6e37f564207bfa823e9331e938dc41c0aa9a5ac6a94a274eaca455	pixels	col bin 2/rgb/col_pink_lo-grad10blk-rotCW.png
3944	result/ColBinSet_0604.png	pixel-alias	0	pixel-alias	eb933982cd02ebd4600a250e5fba80c16db3c756f508a22cbb265924c25a8043	703236c55db3e621cf90887158fdc1a5bf25f6226cb17ec81aa1f1a84cef3d81	pixels	col bin 2/rgb/col_pink_lo-grad10blk.png
3945	result/ColBinSet_0605.png	pixel-alias	0	pixel-alias	2f646a718423e2e857cff5857bd1a76dcae85bd017d2c3aad1eb926a510769c3	4a6824d2c7e1ecfd5b8b60556a212991a41088b03332417389cc600002f099c6	pixels	col bin 2/rgb/col_pink_lo-grad10blk50-rotCCW.png
3946	result/ColBinSet_0606.png	pixel-alias	0	pixel-alias	2b2f7bc8b91dc4f59db603ff4894b1272ad3f3de69e38f6f69ae99cc39d346c5	c165e9c2cf2666477ed69d565d3867260eee87f1c900744945a4c1eb54347d4d	pixels	col bin 2/rgb/col_pink_lo-grad10blk50-rotCW.png
3947	result/ColBinSet_0607.png	pixel-alias	0	pixel-alias	fd176a34a9f2c2579f20d88c4eb03ccfbc4d724799228df59a7e917f95d2dc76	47cf1b624fb61651999ece420468d1806a771fcb6ee4e20ccca6fe9c9aac6801	pixels	col bin 2/rgb/col_pink_lo-grad10blk50.png
3948	result/ColBinSet_0608.png	pixel-alias	0	pixel-alias	9a6efc19a62eb0923f59680eacdff173666dfde28f1d6e6d69c70a1a9f3477a1	938d2e160d21c2eb54a4111c4d591f6a5651ef93a76b93806c097434a5cbef26	pixels	col bin 2/rgb/col_pink_lo-grad10wht70-rotCCW.png
3949	result/ColBinSet_0609.png	pixel-alias	0	pixel-alias	4924f379a3936571b79d9008ee4eda07f0ca1bbfa9cca109692a98db72a580f8	213bde9ba2b757423a923eac12cc500d3364527019aa49d176cb3f0e1a42223d	pixels	col bin 2/rgb/col_pink_lo-grad10wht70-rotCW.png
3950	result/ColBinSet_0610.png	pixel-alias	0	pixel-alias	96de6d0710166644e548c80da86aece1a12420def6cf252b7dbf4906f5c78b21	bbc19985e130c9ab30e88e765929cc81be9bdd03cc3f2890aaa3b127db90afa4	pixels	col bin 2/rgb/col_pink_lo-grad10wht70.png
3951	result/ColBinSet_0611.png	pixel-alias	0	pixel-alias	3284d93a5b8c7fcf866959ff494f7a4a3a216fb96353c79f3996b01aa74ad00c	85d1d9b72370421e142d3ffad38fa01d98ff0bd007a23c0534e761ce62877dc6	pixels	col bin 2/rgb/col_pink_lo-grad10wht100-rotCCW.png
3952	result/ColBinSet_0612.png	pixel-alias	0	pixel-alias	bba0e1b0b0b1854ae67700b439f249a10493135a93338f27acc9c864c732d7fc	ec9c32f23bbfe2a98581267f2de8e340b367486cf416571909aea43fe8d9aa05	pixels	col bin 2/rgb/col_pink_lo-grad10wht100-rotCW.png
3953	result/ColBinSet_0613.png	pixel-alias	0	pixel-alias	02a5f87b31a46c365b620277215a3c85628db4db465986cbee4f852cda342fbd	2fe87519c986d0fbafaa6fd489c9de9a6ee374583fb2cb85be3e20fe4ee2c434	pixels	col bin 2/rgb/col_pink_lo-grad10wht100.png
3954	result/ColBinSet_0614.png	pixel-alias	0	pixel-alias	32ec8e8f5cbb1a9836ececb9b46bfc003fb89fbadcffd16cbb06af3a70c98a71	8affc91b408324436d9dbd16c5df2c01bb78b718f3f66f84bd6da6400a8f5331	pixels	col bin 2/rgb/col_pink_lo-grad11blk-rotCCW.png
3955	result/ColBinSet_0615.png	pixel-alias	0	pixel-alias	017baf06c3e118e28fa9e134ed7ec07cdf512678a0ee756d3444c393288f10e7	6f3dc539aee2c07334b45f094777712e5271e3ea8a7c760b331bb8bcc7dfaa32	pixels	col bin 2/rgb/col_pink_lo-grad11blk-rotCW.png
3956	result/ColBinSet_0616.png	pixel-alias	0	pixel-alias	cda27377d1c8279e758f45def6fc1d24249c98256b638bd70be08104fd83a747	b00402bc2f00a149e687bf98881f63219235bcbcc6c1ff09920ed21d6c3d16cb	pixels	col bin 2/rgb/col_pink_lo-grad11blk.png
3957	result/ColBinSet_0617.png	pixel-alias	0	pixel-alias	1cf662eaa0e444f25785a699658f78ea0af2956dab21fda1583d6fb2dd755d1d	cd9e48e9ed6cbfd42af6d1238dfbde2e644673d91ef1ec1f4b8b640f1f38c6bb	pixels	col bin 2/rgb/col_pink_lo-grad11wht-rotCCW.png
3958	result/ColBinSet_0618.png	pixel-alias	0	pixel-alias	057efa7d537f14f9164b5a0a5da30969734d07f40a9a1f1279316dd31ac5cfb8	fcd6de24ed6f6a4b4ee9d79d36e5f1347b06a9df53daf4f6a84ca33d2c3e481d	pixels	col bin 2/rgb/col_pink_lo-grad11wht-rotCW.png
3959	result/ColBinSet_0619.png	pixel-alias	0	pixel-alias	602627ac66f979df8f68c0d47ef24f13a860a33b1e76f666dbc72f79ae638595	5fd5ca0a625a7c7d73f9b92eb03ae1088d977cba818b5299ee3bb0d09d0d75f5	pixels	col bin 2/rgb/col_pink_lo-grad11wht.png
3960	result/ColBinSet_0620.png	pixel-alias	0	pixel-alias	3fd117260d44a055e11d3cefbb2e1348eecc420d8dac5514dcf804c094cccccb	94fb410aa6d898f4e24d501377cd032a056c62b1a2846219cd44c859eaca6f5c	pixels	col bin 2/rgb/col_pink_lo-grad11wht60-rotCCW.png
3961	result/ColBinSet_0621.png	pixel-alias	0	pixel-alias	5490d0d5f7d70bfc00f83854e6b19478c4c114daa6698089b252e4c8b13a2f3b	ae9a6134e06ae10b597ee4eb1763945b05882617b9897d729700a44ff2f0f58a	pixels	col bin 2/rgb/col_pink_lo-grad11wht60-rotCW.png
3962	result/ColBinSet_0622.png	pixel-alias	0	pixel-alias	a1cbab7c06a4253100aa026edf6d24386f197a63e5bf291fa5366e3e114e09f4	9ffd0702345f1dc8697954a2a3fc93d95bd7bad5175f6f8b6a8749512b700995	pixels	col bin 2/rgb/col_pink_lo-grad11wht60.png
3963	result/ColBinSet_0623.png	pixel-alias	0	pixel-alias	115d737f4019d6236c3026c83ca388198d25a7f2ee6010e1b8bdc77e6da3e010	b36eb38be4fd3e2bf582d6341372f011ff366eaa8ca88cccef61fc4f6001190e	pixels	col bin 2/rgb/col_pink_lo-grad12blk-rotCCW.png
3964	result/ColBinSet_0624.png	pixel-alias	0	pixel-alias	d6398505e888a447a7e5bb2d0296bb4970b49477f78230956046aa1fd5f3e40c	b4bf2565f2de0387750f0b0e880770e7b0a5788b54c7a1498fe2199bf09f6719	pixels	col bin 2/rgb/col_pink_lo-grad12blk-rotCW.png
3965	result/ColBinSet_0625.png	pixel-alias	0	pixel-alias	ef905d9277d0bb686d805c18543eec6d5a5a07759882dacfaf5fd1434b2b1354	83850cec643e2b4a056a14111b0b73d068d3d4d1c097bf742c3883df541900bc	pixels	col bin 2/rgb/col_pink_lo-grad12blk.png
3966	result/ColBinSet_0626.png	pixel-alias	0	pixel-alias	2548ad62cd09bf8d097f0b9d66a87ee28638a0a31e0c488a7326a4f1e6306da6	ef5d11ba03a7a6fb3661c535862f44253f2145ed5bcd3ef5a99ee06979bdf339	pixels	col bin 2/rgb/col_pink_lo-grad12blk50-rotCCW.png
3967	result/ColBinSet_0627.png	pixel-alias	0	pixel-alias	a8c63c82bedfa4a42e36434a0751638d20616cafd3b01065eaa3ff1076315e2c	23c28bebcf522f6a7062acf7c2c55244633d045cccefd8add470caf9462e1ee0	pixels	col bin 2/rgb/col_pink_lo-grad12blk50-rotCW.png
3968	result/ColBinSet_0628.png	pixel-alias	0	pixel-alias	92a0d426b759ad8cdae1ec69f9f18935e151c6b7befbea76d58c3ee74cfae392	543d1538e9f1f05466ce6f9ed2351c1fccde4f0fa3deb40de3aaa40771dd1a5a	pixels	col bin 2/rgb/col_pink_lo-grad12blk50.png
3969	result/ColBinSet_0629.png	pixel-alias	0	pixel-alias	6704b6125cee6220db7bfd1d0dbdfa227f2ea036a6c5aba274507319d8c92c7c	96d88308eb3b59827af8d23e1675fe53fb83408f63f99bd4b6eda1588ef8a4cc	pixels	col bin 2/rgb/col_pink_lo-grad12wht-rotCCW.png
3970	result/ColBinSet_0630.png	pixel-alias	0	pixel-alias	e4621a013ac0d065675a36f961c546031a8d22f007224e9880cd554c666a89dd	091cda9ac3ae842f7179f58cd2ea10459a51f1d495b454eb4d3b75b02b2a295d	pixels	col bin 2/rgb/col_pink_lo-grad12wht-rotCW.png
3971	result/ColBinSet_0631.png	pixel-alias	0	pixel-alias	67e193d26ee0f994acfa81f7857d59ca2e9855e4efa2c9ea0dfea88b9a86fe72	bf3815d7ff75058a10fb0e14a832514d8a18e5ceb427c0211ce12790022afe62	pixels	col bin 2/rgb/col_pink_lo-grad12wht.png
3972	result/ColBinSet_0632.png	pixel-alias	0	pixel-alias	ed2b8711ed225510e122ac8e5162f968ba09d82503e4db5db0fce46b94703bbe	1c7165013d1e63e5ee2d9ebe20b46651a8a2ac54ffa68e1887a63ac8d864a2e3	pixels	col bin 2/rgb/col_pink_lo-grad13wht-rotCCW.png
3973	result/ColBinSet_0633.png	pixel-alias	0	pixel-alias	f15fac5d76705eca16d2bc83387f176c3afa9b6854cc1ba74949e2a43e6ad189	7752067b1062ace8d6cf887ac335096c6787c8b885045ea7832e3cd8b2968b19	pixels	col bin 2/rgb/col_pink_lo-grad13wht-rotCW.png
3974	result/ColBinSet_0634.png	pixel-alias	0	pixel-alias	5d1e3609a71439d8c374938db5c1668ec7af9d9243c3b1fb2e23f4d7892ddac1	2b8334ba632a15993cbf1b43b58be5ac9435ff853b251fc38ccf84bb29c65457	pixels	col bin 2/rgb/col_pink_lo-grad13wht.png
3975	result/ColBinSet_0635.png	pixel-alias	0	pixel-alias	a8663771e78fe877d71b58213be292baf54c0dcfdf78b8f42ca8b94506237d95	b771347436264c7e80672cb415468a9ae58f14372966750491fbdd88dd0bf685	pixels	col bin 2/rgb/col_pink_lo-grad14blk25.png
3976	result/ColBinSet_0636.png	pixel-alias	0	pixel-alias	5920348a5aedbc2ce146d2d7ef1097ee87e8fdcc86f91169f0b3587c7add8371	2b0a810d7c84cb2579a6aa2f09721059d865c407aec3bd4e53b4a8f5bdeb3c2d	pixels	col bin 2/rgb/col_pink_lo-grad14blk50.png
3977	result/ColBinSet_0637.png	pixel-alias	0	pixel-alias	171837aec0845c9a2229ef3a66b3e06e86ed95b45730970b0a5a6beb6bc987a7	e60d5847d87c4795be3139499628e0b944d989f6921ab92598d4b8a6241bfe75	pixels	col bin 2/rgb/col_pink_lo-grad14wht.png
3978	result/ColBinSet_0638.png	pixel-alias	0	pixel-alias	ab60314073f5eec88be39ce76312a762ad24fa0c0d013d7ff8a46484a7cdce45	3789342b06e94b9148abee9f8f3d1285046c80714a2ec9ef1e44c0803ac98ced	pixels	col bin 2/rgb/col_pink_lo-grad15blk25.png
3979	result/ColBinSet_0639.png	pixel-alias	0	pixel-alias	24cbcd99ab8fc0c3371bdfea1d5c7f978b50c7b270e3990702183394e1b5da41	b61a097c8b99f4b8f28f0c974ad8405bf30931b893c066f7c9f5ce93040cd616	pixels	col bin 2/rgb/col_pink_lo-grad15blk50.png
3980	result/ColBinSet_0640.png	pixel-alias	0	pixel-alias	7fc7581661576a9fef9e25686d98702438ff283f04690474aa86181d26b9a3f9	83c4e4e0937f27d6c004c9542d1963a56f951a81f0670db779f58dcef3c74cf9	pixels	col bin 2/rgb/col_pink_lo-grad15blk100.png
3981	result/ColBinSet_0641.png	pixel-alias	0	pixel-alias	a286142f32fe3c74bbd1774708e808c8db04bb68c88f8ee05aaaac2cc2786f23	8b137fe5adb9df3b7fe30fb05b9c289b58a679d25434c177fd3ae38c5cd17c12	pixels	col bin 2/rgb/col_pink_lo-grad15wht.png
3982	result/ColBinSet_0642.png	pixel-alias	0	pixel-alias	d15a10a5f68e7f302f91958779de0db55a11bfe98f171d1b7438c8e734975c64	2bd98daf5cf69335d172150eff1c9df1ea946ad5c801d805861ace016734b1a6	pixels	col bin 2/rgb/col_pink_lo-grad16blk20.png
3983	result/ColBinSet_0643.png	pixel-alias	0	pixel-alias	2a0273f77a67a0e0cf9d3798d4b09344d45fcd81eaa98d46029ca2dfd734a94f	39b3789bc5aa45ff9164443eecf425ab1fe3cc4aa70724cd4a527ba3c3ac844a	pixels	col bin 2/rgb/col_pink_lo-grad16wht.png
3984	result/ColBinSet_0644.png	pixel-alias	0	pixel-alias	32a8b75d9b0fb8cefa1f4d71a174863a0f9e37705dfc63c28433a791c61d0f48	9cce3c32e42da550011d74a0c380acd91fe0ac5c9e8ddabfe65c8c55598159d1	pixels	col bin 2/rgb/col_pink_lo-grad17blk.png
3985	result/ColBinSet_0645.png	pixel-alias	0	pixel-alias	b310605759e27a9ee795f87f28957da3bdc72d1c838ab533bb7360eb0de971df	cee04f00e0cbaf939994bd993eb0462ed05c5a9c0a9bd3a9443cc21265d7e550	pixels	col bin 2/rgb/col_pink_lo-grad17blk50.png
3986	result/ColBinSet_0646.png	pixel-alias	0	pixel-alias	a93dea7e491dcdc1c7c3019cee0bdbb974abcca744c9b6c1dcdf5da1103effd6	5a5d3cff68767d3e1aa9ba2c3a10dc8ea2164e5541e023d05af635c9554cb5a5	pixels	col bin 2/rgb/col_pink_lo-grad17wht.png
3987	result/ColBinSet_0647.png	pixel-alias	0	pixel-alias	1bb99fc585c20416a309baba9cc25fe4031fd3be38a6d5eaa31b627bedc28a8b	8bbcbcf961be6bdb7ccce1f60867f0e37fa16986ef38456649295855bed43f81	pixels	col bin 2/rgb/col_pink_lo.png
3988	result/ColBinSet_0648.png	pixel-alias	0	pixel-alias	a2e43fee0ffaa8a45c2669399346f45951e11f0758e006ddcfeac61728ee78b2	a6f53c81c5b36aa3871dc042c1257ac68c2242816c5e2022916db1df09925ec0	pixels	col bin 2/rgb/col_red_hi-grad00blk25.png
3989	result/ColBinSet_0649.png	pixel-alias	0	pixel-alias	7ddde2d18aaab67257126cac994ca6e012b494112b544c8d64a05a1875e1ca78	a91c6c81a8873270c726ad95518b97fcc9d9d84c8b5abc152e88d0636caa5824	pixels	col bin 2/rgb/col_red_hi-grad00blk100.png
3990	result/ColBinSet_0650.png	pixel-alias	0	pixel-alias	e41776d23fe34c57e94842a70bca9ebe72c82c1cbd28aa963f06600be1048df9	88b1af1a2ceb703b6b37a579e42d5f3cfbd6d6ea6670d51a0cced61131724b77	pixels	col bin 2/rgb/col_red_hi-grad00wht.png
3991	result/ColBinSet_0651.png	pixel-alias	0	pixel-alias	7d92da8a4ea5ba1a2e1d7a6128c2d9b11647bea8ab7c31031beb83a5333b5e57	0e4d6ef069c87df9c6af59a7a5b8ddd1f68a5f4cf93256709a1317cd008c4dfd	pixels	col bin 2/rgb/col_red_hi-grad01blk25.png
3992	result/ColBinSet_0652.png	pixel-alias	0	pixel-alias	21d1daf2bd9785b2a600eee017af8f4cf1004ecf9cf843a69b4f212633f2bc59	11e506357cf620922f00ee0ec3db5176063fdc67db5f314e28be3df6a301971c	pixels	col bin 2/rgb/col_red_hi-grad01blk100.png
3993	result/ColBinSet_0653.png	pixel-alias	0	pixel-alias	f022fdcf4645825a6d2fcdbca3cc04916119552ba1af462dff9c28ffe65ffe31	c803142806c49aa5ffc6b8071db306cdb6d35a819d65d342c27cf4efe83f30fd	pixels	col bin 2/rgb/col_red_hi-grad01wht.png
3994	result/ColBinSet_0654.png	pixel-alias	0	pixel-alias	98c274de9c577049d29221140f403d11cc25a2b7338ef1301f433965fa54cd1e	459c1e599d1f81a72cd6de72a5605bf3083f0ca062cad472c3fbf25432177632	pixels	col bin 2/rgb/col_red_hi-grad02blk50.png
3995	result/ColBinSet_0655.png	pixel-alias	0	pixel-alias	9bbc2809215c66b86c6f1bc12a65de388a4026278fd8279ba3f281defdf1bd50	7fa18433127cab913b44cd86be9636cabcec2f971d9e744e385bceff9e8f7a6b	pixels	col bin 2/rgb/col_red_hi-grad02blk100.png
3996	result/ColBinSet_0656.png	pixel-alias	0	pixel-alias	3039f1aa14b05348dbadf8c734108861e2aabb609f987288ad915825d07dd531	5e8e650aed4f3f7aeb3ea117fe72af4cfb27483c34ab24035984edc1904294ae	pixels	col bin 2/rgb/col_red_hi-grad02wht.png
3997	result/ColBinSet_0657.png	pixel-alias	0	pixel-alias	586ca063cd4983fe3d6381d086f96c8e7b992c39e9462a6bb62b490d4ae5db3d	a4ad3b9a1485e5c7fd808018806f03e29e7bea49a091df8d6845d2d45c7dc5c5	pixels	col bin 2/rgb/col_red_hi-grad03blk25.png
3998	result/ColBinSet_0658.png	pixel-alias	0	pixel-alias	057bf5e143070bdee9f3d450c339ce4b5ee4a65e777ffbf850dae7361640d6cf	df790423ded5ec958aa34b013c1675ad0e1d97693cecdad7d69b1d041469ffce	pixels	col bin 2/rgb/col_red_hi-grad03blk50.png
3999	result/ColBinSet_0659.png	pixel-alias	0	pixel-alias	0acf8e475f82d130597202520ba28704337b5438691b15f34ea737ef2be2c9d7	fd41aadcc9de2e9f6410e90e1c7eec502ab68bcb85a7dbe451ceab4262030eb8	pixels	col bin 2/rgb/col_red_hi-grad03blk100.png
4000	result/ColBinSet_0660.png	pixel-alias	0	pixel-alias	a476c383ed0e82d6ccac76b8b5855d6b1b8d41c5c93f8057b73b9e1a40bfbdf2	2c16aaa208ee71812e1611b74ca5b756f3fed25f7370584cf7958acde6d41faf	pixels	col bin 2/rgb/col_red_hi-grad03wht100.png
4001	result/ColBinSet_0661.png	pixel-alias	0	pixel-alias	20dcd7025f82c73bcddf4f4721e312b3a19302e3cfa07d9a156bbe9eb66e46ee	65d31d81ecd90d311a9839d396fc9f59bc4e0afc7438f2603ba45347e107313e	pixels	col bin 2/rgb/col_red_hi-grad04blk50.png
4002	result/ColBinSet_0662.png	pixel-alias	0	pixel-alias	f512667ebd28d9b5d71b4e6188c57d80d8d3d89d2e665075bcb12390a9a958a2	fa0739afb63e29b6d58ace8c1248abccd795d7878dc7e95f101010a88aa8d20c	pixels	col bin 2/rgb/col_red_hi-grad04blk100.png
4003	result/ColBinSet_0663.png	pixel-alias	0	pixel-alias	a8b9920516333696507eb7555d54982af989e6d86896ec22046dfe795f3160a8	17b11b0af352f60b9e0951190c34ce2e6e4ac2f5dec99fbd9265bfb2359b98cf	pixels	col bin 2/rgb/col_red_hi-grad04wht.png
4004	result/ColBinSet_0664.png	pixel-alias	0	pixel-alias	51cc20712c7cd6d16c152820beabf5dc7878b1e81d1986b1523054c7b41302cb	ffac13df62b9c21c70df3f9cfdff6061dbdf0e1d00e32eb4c70571067c731f22	pixels	col bin 2/rgb/col_red_hi-grad05blk50.png
4005	result/ColBinSet_0665.png	pixel-alias	0	pixel-alias	ea5ecffaf22eeda74ce3ce7ba9bc3ed5d51415b1e53354b94d07996c5acc08e3	a82acdbee46d29785e132b814606833a0c4d405a6b4c2d8d391014283b3f061f	pixels	col bin 2/rgb/col_red_hi-grad05blk100.png
4006	result/ColBinSet_0666.png	pixel-alias	0	pixel-alias	69684e9ef62f53368210b64b2fe1cbdcbb16f368e815a3af4353b8111c0f2069	43d54256f161bb31027e4bfae8cc3e94a66a0bb58b379313faf71872ad3ba72f	pixels	col bin 2/rgb/col_red_hi-grad05wht50.png
4007	result/ColBinSet_0667.png	pixel-alias	0	pixel-alias	ae41febc1eb8826794a70dd4a0a2f105998253f68ec816f38f06b12009fd9195	dd1e7676b8f2ff1512120bb25f9b4a02e4559c17e1c29e79f9c58f1743380fc4	pixels	col bin 2/rgb/col_red_hi-grad06blk40.png
4008	result/ColBinSet_0668.png	raster-fallback	0	raster-asset	b5cfad552d7b65f9fac0700bd8f45b582a5ff63d5aeb2ff170030dfd81cb2e59	1d5b9f1ecdee8da02a22b63354d371ab609e65dd27651b57bc58f7ccb8484ea9		
4009	result/ColBinSet_0669.png	pixel-alias	0	pixel-alias	6599068f00a64e165b1479a68ccab4a870b354795b6b9d590769cf5ed2b9c011	56848dff70523137e05125e3bdaa971e03ff3350ab26252d3b3d9f9d941f1261	pixels	col bin 2/rgb/col_red_hi-grad07blk40-rotCCW.png
4010	result/ColBinSet_0670.png	pixel-alias	0	pixel-alias	77cfb7325da51b8a2239b523baff189406d1d9273f07459dc5b70cb456c08707	87d01cce54d6e98aadd760a5fbd929806b358a98dc318c702c7cfea127f8a708	pixels	col bin 2/rgb/col_red_hi-grad07blk40.png
4011	result/ColBinSet_0671.png	pixel-alias	0	pixel-alias	65174ad968124f7f83d5c6cf70352757a8a6f326418876be64616f56eeb6f5f4	dedf52b5709e044434d54226093220b3b422de24527c4a941e31c01a73c5a102	pixels	col bin 2/rgb/col_red_hi-grad07wht-rotCCW.png
4012	result/ColBinSet_0672.png	pixel-alias	0	pixel-alias	d164cedaeebd857061fbcbb027c3662d0ffd05f1f53e581ec7fb2f76670f7302	3449999c2c232855cf910cc784fae525a5bc0f82e44eaeda75880c6884459ba9	pixels	col bin 2/rgb/col_red_hi-grad07wht.png
4013	result/ColBinSet_0673.png	pixel-alias	0	pixel-alias	0275e353cb1863f190e76e20c4206bfdc730e156b2680bc13f667c1cfefd5d8e	c042d523cccd2029791f817fa30e04799f663f39106579f3585756d91b38581b	pixels	col bin 2/rgb/col_red_hi-grad08blk-rotCCW.png
4014	result/ColBinSet_0674.png	pixel-alias	0	pixel-alias	048a6848487bd5aaf7e36a3f8b44e090247b4198cc3f87c56cd9f255e32d1bb5	d1440763f91b2f6fbad2b24e5a8dac38fc211bb1ee7dbb1b1ac7e2ce0d34e773	pixels	col bin 2/rgb/col_red_hi-grad08blk.png
4015	result/ColBinSet_0675.png	pixel-alias	0	pixel-alias	6e3ffc5a3bc30b52881fb110db77de937caec176356be79109689f2a73f5f1ff	d1a9c42e8baf192945e348cb8fa764f26aaeba514ee0f2dfe85dcd3a256ff2b3	pixels	col bin 2/rgb/col_red_hi-grad08blk50-rotCCW.png
4016	result/ColBinSet_0676.png	pixel-alias	0	pixel-alias	46b9cf24b9b18e978f7b6e2b0023ad83c6e40075d673b4d5405d51fa3bd5fc4c	b65f73658d11e2207f45b7b38ceb949d3cfbb1799f9e3848fe6206423bfce2d3	pixels	col bin 2/rgb/col_red_hi-grad08blk50.png
4017	result/ColBinSet_0677.png	pixel-alias	0	pixel-alias	175d1d03f3c48584546fee33b1a55f06def414b4f1cb41bd396646731631eb27	fe9e6275b89d749e981306b222441ad10f109ec5e01d565dbd10793f81e39429	pixels	col bin 2/rgb/col_red_hi-grad08wht100-rotCCW.png
4018	result/ColBinSet_0678.png	pixel-alias	0	pixel-alias	08ff49a4d22565b28697e543075f25e6fb3bac17f31223ab67d83ec197fc38b1	0f4560ee2a2dd61efbb6920ffb844327180d70f9c0adcb1ae568546dc0441315	pixels	col bin 2/rgb/col_red_hi-grad08wht100.png
4019	result/ColBinSet_0679.png	pixel-alias	0	pixel-alias	6f61df4244fdff17f13b05fe27763374534192677bf1823cc1765586c9f8612b	ef4e01ca3eb5e2ca9bf3cc61fd9e86c15d839e48a2f385f7566239735a504fa4	pixels	col bin 2/rgb/col_red_hi-grad09blk-rotCCW.png
4020	result/ColBinSet_0680.png	pixel-alias	0	pixel-alias	9be53d9074ba49af7abbca49d49c1d7595b3d0f74b7504c79d2936c1895e0736	2e033e7d56a383b7c78f0cb53dc3d41c7a720203a2f1a2e61d9c8468bc79bbad	pixels	col bin 2/rgb/col_red_hi-grad09blk.png
4021	result/ColBinSet_0681.png	pixel-alias	0	pixel-alias	ce182cc8df41a2fb58f2105eed647abcc2b783f1607d96d504c556f2996b2a56	bf0d2b77e17719b24830d197f4158d6665739ca02c708912a8500da020139697	pixels	col bin 2/rgb/col_red_hi-grad09wht-rotCCW.png
4022	result/ColBinSet_0682.png	pixel-alias	0	pixel-alias	2969f053f83f23db7ec4feefc0cfd44b0dd54e8854b7768bb0f6538d530421b3	59f37ca52058529a2d203cd48eb64d553f106630fd8507428a656668f6cb585b	pixels	col bin 2/rgb/col_red_hi-grad09wht.png
4023	result/ColBinSet_0683.png	pixel-alias	0	pixel-alias	083691853d2fa3c30797b29b1b453cfce530338744ff2cf8b67db77c7a7c9518	cad75b03345271b30a98f0d4b787d3c0e6da391300698f8f9488105ef38f4496	pixels	col bin 2/rgb/col_red_hi-grad10blk-rotCCW.png
4024	result/ColBinSet_0684.png	pixel-alias	0	pixel-alias	2723ce5ea00e10aacda5e99d8845f38b1579e2b0ac8ff9eaf7964c5df751c41e	5d9e765d24a787c0bd04c6172b9f65a6702db3162e3d7c15ff443d57d4ca32f5	pixels	col bin 2/rgb/col_red_hi-grad10blk-rotCW.png
4025	result/ColBinSet_0685.png	pixel-alias	0	pixel-alias	f53a611635aa36d36a46262cc7cf492ad506c34a0cdb2efb4e4c5140ebd05866	2a1a7f5051be61c4da50b66502e65a5e05536e63254a8b47596a46270729145d	pixels	col bin 2/rgb/col_red_hi-grad10blk.png
4026	result/ColBinSet_0686.png	pixel-alias	0	pixel-alias	b10c78d6c0ed8776d555c91d73a9cd5ddc29bae386aeab2a3cd50819ceaee023	c6bb6cb69ac8fe1abce4adfe42342978b0302f9eeb02afdc625eca3bd648fce9	pixels	col bin 2/rgb/col_red_hi-grad10blk50-rotCCW.png
4027	result/ColBinSet_0687.png	pixel-alias	0	pixel-alias	2df4044a01239b1db9d5a5f093d4727473c41191ede89a5d46aeb612645c583f	b5c6d6b439eefa2ccd9f676f7b3b541e8653086c08a0ada1d79b07560219c033	pixels	col bin 2/rgb/col_red_hi-grad10blk50-rotCW.png
4028	result/ColBinSet_0688.png	pixel-alias	0	pixel-alias	e7c2cda538f8cf38161fc2cfb1d2c47cfd7165329e7269b108a9bf98073d3d36	5b1f1f7854883d9f720f6ad3186ef0818f323db3bbc0c845d269120a14ba6c9e	pixels	col bin 2/rgb/col_red_hi-grad10blk50.png
4029	result/ColBinSet_0689.png	pixel-alias	0	pixel-alias	73b150a8a6319980b2ac717fd41ed11eabd996cf7d6fe3912d00ddefd718f36b	337bc3839568dafd48b3d0cb1f77d3b2a9698454af42ad5cd66d451b4024306d	pixels	col bin 2/rgb/col_red_hi-grad10wht70-rotCCW.png
4030	result/ColBinSet_0690.png	pixel-alias	0	pixel-alias	677974a6db3cb7817665598b974dbc1a6951708cabcd8d226dae32bf949c8296	dc82c5c377e2b18e51da0f68476df3e407e5f48e18eb9961ff83e0d104507f18	pixels	col bin 2/rgb/col_red_hi-grad10wht70-rotCW.png
4031	result/ColBinSet_0691.png	pixel-alias	0	pixel-alias	f5558614282d43339d6244cdb5640f3f3bb83067f7889edabf94cf9ae56b26c8	db064cfc6de1fdb04eeeeab7e76eb337c1c9ba477eb8b9d80d674d66504e6c6d	pixels	col bin 2/rgb/col_red_hi-grad10wht70.png
4032	result/ColBinSet_0692.png	pixel-alias	0	pixel-alias	7ef4a41271a283044a5d2d315347fe43480bce220cff10ae5d7a0f352efa79a3	f2ffeb652cd2fbe7e953cebd1d5c3400f280e90f2dc2397b4d81430303e48326	pixels	col bin 2/rgb/col_red_hi-grad10wht100-rotCCW.png
4033	result/ColBinSet_0693.png	pixel-alias	0	pixel-alias	f00f8e67c81bfbbb031855430fdd08283c9beb96dac119d33f612109bd23afaa	38fd300c715cff4bccefa699f7b09ad2a7ef7f3e128731291522f34d82de9d34	pixels	col bin 2/rgb/col_red_hi-grad10wht100-rotCW.png
4034	result/ColBinSet_0694.png	pixel-alias	0	pixel-alias	9d76172d699515dea0d217b0b168b09ba4dc38b57da930afdc39a0014045b677	005effe2abb5f853c1feb50a969c914016e85272f02c17452efe430efe2360fd	pixels	col bin 2/rgb/col_red_hi-grad10wht100.png
4035	result/ColBinSet_0695.png	pixel-alias	0	pixel-alias	58eebe178f16c7370e26ac1356e37a893785a88915987677179fd41abedbb5de	bbcfdda27522c806e6330176539be22ce9ea2db5b0230bc144e0b55f252a0ac1	pixels	col bin 2/rgb/col_red_hi-grad11blk-rotCCW.png
4036	result/ColBinSet_0696.png	pixel-alias	0	pixel-alias	2145c04b1e160db6822e447f53dd8105e0b904c8b1d3c78e32f4e5f50012aaf8	d8ff9db8a3a2c60c53c230cd94b363cd86a29cf6bfd34359794ccc3de3d13d43	pixels	col bin 2/rgb/col_red_hi-grad11blk-rotCW.png
4037	result/ColBinSet_0697.png	pixel-alias	0	pixel-alias	880e672374517e924ce030a285c8043b244e9f1c5144b27ebe522169096b1be0	c2814bd347e332f0ca9fbcd98a7b37686028f98c6a848872a7f41c15b8eefdf9	pixels	col bin 2/rgb/col_red_hi-grad11blk.png
4038	result/ColBinSet_0698.png	pixel-alias	0	pixel-alias	9cb953db3037a357f926446c57605b2c04db1f73e65f3d8e16ae810910bb53b1	0264c5c2c3f11175ae0273ceed4142748699f2a941517ae17fa335b3b2c160be	pixels	col bin 2/rgb/col_red_hi-grad11wht-rotCCW.png
4039	result/ColBinSet_0699.png	pixel-alias	0	pixel-alias	e7b143489e7241c00e26af5a9f923bde7c33142da94391c40b69dbb86a8674fb	277629bea8fe55ae2dd56dba43b52da43f2dff5483f8088904e674f13fde5daf	pixels	col bin 2/rgb/col_red_hi-grad11wht-rotCW.png
4040	result/ColBinSet_0700.png	pixel-alias	0	pixel-alias	fb4a516bd83caa092216ab3000823ddd1b293abb317209938cf7b71fe44a7de5	89706494d4d4d1efe929e1bd1a68cc958066d7974a029fedb3fe411eb887b20e	pixels	col bin 2/rgb/col_red_hi-grad11wht.png
4041	result/ColBinSet_0701.png	pixel-alias	0	pixel-alias	92e67cf0c346cb6904ecb8f469a805338ebcadb23a92a69c1335d5ad2874eabf	69441dbd8239573c2b36cac81bfc46d8b6de45f9fc9eaba1d92ee57008db4844	pixels	col bin 2/rgb/col_red_hi-grad11wht60-rotCCW.png
4042	result/ColBinSet_0702.png	pixel-alias	0	pixel-alias	be89c76e6b2a154ad48ccf8bd41e87d984a50f1397e69d4371881a4db630da5f	4aec64141617a731c115951b2cc372daf15b0ea266cd65b8d739257c1f79b17e	pixels	col bin 2/rgb/col_red_hi-grad11wht60-rotCW.png
4043	result/ColBinSet_0703.png	pixel-alias	0	pixel-alias	a37a097f85596314f3f2f8174b8298ed8981368330aaf35062115a477b9bd31c	1c42ca6df8f809fe7b9148c0fa65b56c5a08e3f2c9e1d7f1571bbc2ebb9126ca	pixels	col bin 2/rgb/col_red_hi-grad11wht60.png
4044	result/ColBinSet_0704.png	pixel-alias	0	pixel-alias	5f28cde8aa497c3a4d421a735cf59988aff509a42b00442deb11ddbafa9a24ac	b380f273d54a0bfaa678fbe249f1d0a07d5113fa78e916da8d0b04379d697132	pixels	col bin 2/rgb/col_red_hi-grad12blk-rotCCW.png
4045	result/ColBinSet_0705.png	pixel-alias	0	pixel-alias	c3f39cb9de9f28c5feeaf909e33440bf993fc00ac2f1d79c7e983866731d7070	3d89415c72812c636d1fc0a20c8e24932b6089f828e3d7e4410e1f2529c7e5c8	pixels	col bin 2/rgb/col_red_hi-grad12blk-rotCW.png
4046	result/ColBinSet_0706.png	pixel-alias	0	pixel-alias	14f6a374f20edd2e8319cb04c91adf4edd49ae0a25d5d8ad96f4a1e8f1ffdca7	4970cd1b5c9c71cc54a8300b6b27277c7b3a66a3591872a92166b4eda8a8972a	pixels	col bin 2/rgb/col_red_hi-grad12blk.png
4047	result/ColBinSet_0707.png	pixel-alias	0	pixel-alias	ef58c22181e8f493253c80d3df5d635d26575f2cdba143633644abc0a4a521c7	4541dce8b647426f336ca8d5ae5d695cc04c21838987354668612e7a0373ebca	pixels	col bin 2/rgb/col_red_hi-grad12blk50-rotCCW.png
4048	result/ColBinSet_0708.png	pixel-alias	0	pixel-alias	37c700d27499de79900d93c7773881268a117c72ed4448c37884f370be8acebb	6d998afe8923fa0f89a10c42f4db86f2a0b305c398dd422993651b03ac61b29c	pixels	col bin 2/rgb/col_red_hi-grad12blk50-rotCW.png
4049	result/ColBinSet_0709.png	pixel-alias	0	pixel-alias	4887537851ac0aeae4834cf74b55455e4af7d946aec9d86d25f494c9b39f7157	3bc2b61c3c67f13d9b92ab59f57749960edac469db6593f9b5fd3f0cf27eb48e	pixels	col bin 2/rgb/col_red_hi-grad12blk50.png
4050	result/ColBinSet_0710.png	pixel-alias	0	pixel-alias	c31a4cdd8691b3d84855c4d4b47a61180bed7da54ad90387e4c253a373f14c63	099c1e51adfa231e97a0ad2f01c90bb0bf623f898f1ba25db1343c95d8784a86	pixels	col bin 2/rgb/col_red_hi-grad12wht-rotCCW.png
4051	result/ColBinSet_0711.png	pixel-alias	0	pixel-alias	1ff6f8fa3a42e4c0d99d9e20f36903586c826598e9ba71131e5c25406925fb8b	6d26df9c0c0dd861af05292a0214a726f1e5c6d13b190d8cfda7d480c209eabc	pixels	col bin 2/rgb/col_red_hi-grad12wht-rotCW.png
4052	result/ColBinSet_0712.png	pixel-alias	0	pixel-alias	531cf4d7fd19583f9386bf11303a6fc012e628782528885459ddce43fa1d6417	56de5b0037a5920b829ec00017f541de84d462b4f67654c695eed3fd74185c2b	pixels	col bin 2/rgb/col_red_hi-grad12wht.png
4053	result/ColBinSet_0713.png	pixel-alias	0	pixel-alias	ef7e26180c56213aead7141a83799ba1a4114208805c2040f356baea74abae27	6cab27799d51069f0ad71a5556c36129ab0e6f6a01aeb6df409e6fbbffed39df	pixels	col bin 2/rgb/col_red_hi-grad13wht-rotCCW.png
4054	result/ColBinSet_0714.png	pixel-alias	0	pixel-alias	3c3b855d3f0be50c61239703c1ea186cef94138ef41d7fb1b97379648c25f774	7379378d092231dfe98fdb9142a53451da303c3a31a5eb72827c9508f2b64a95	pixels	col bin 2/rgb/col_red_hi-grad13wht-rotCW.png
4055	result/ColBinSet_0715.png	pixel-alias	0	pixel-alias	07d0debbf9a8686662da4a4d0b492fbe68b992b23259c6bc859a258354195beb	3bec6ffe16047c8895d66229ef6b00c5e378b64513f4a150b560dd6733c011cf	pixels	col bin 2/rgb/col_red_hi-grad13wht.png
4056	result/ColBinSet_0716.png	pixel-alias	0	pixel-alias	ca7a7c66ecff175f6e9cce99bcf58ab50744099a16c1a7c45e9932f99818457d	59d66e84c32843ce239a900f7837357ea79802c12c35fd2fdb587779e6a03f4d	pixels	col bin 2/rgb/col_red_hi-grad14blk25.png
4057	result/ColBinSet_0717.png	pixel-alias	0	pixel-alias	098748ce5b71e2e423c666ce43f80a7a004019bcef2aaa6754de6ad898a79efb	2af18ccfb3439f6e9a7defe9a49228c7391e71822b491638a4634468b5e35c0d	pixels	col bin 2/rgb/col_red_hi-grad14blk50.png
4058	result/ColBinSet_0718.png	pixel-alias	0	pixel-alias	8ae83f0097b7078d464522b5942ed7b580ca1b2e80ecb7a7f706f8881520a601	b211e6d9c2e244572c9c8f350c8ee2bba6fa25b52545d124369f172ca901bbb2	pixels	col bin 2/rgb/col_red_hi-grad14wht.png
4059	result/ColBinSet_0719.png	pixel-alias	0	pixel-alias	ec8066a3153415025b36b799984c6927a4deb15aa8cfde44d07d72336336c295	f0168e72d7917c2dc3d6e712829f6fe6adf3b92df523ac630837a604a725a719	pixels	col bin 2/rgb/col_red_hi-grad15blk25.png
4060	result/ColBinSet_0720.png	pixel-alias	0	pixel-alias	7a1986e57c5bb58f3114827453b66fbaf4b27cdb82d6b4beb0b5c6d7982b0ec4	7b166b1d3f7aab7926035ae0e3328c395568388726e91fba0344c328cd2c3350	pixels	col bin 2/rgb/col_red_hi-grad15blk50.png
4061	result/ColBinSet_0721.png	pixel-alias	0	pixel-alias	0ca897caf4b5b1d6d34f897dcb392536dd917ada45e43f1160331726d4d95b5b	4c192c129a2db88d90c4e6a31e91f99994d76f8869a14c3008ec9bebbc6e3c44	pixels	col bin 2/rgb/col_red_hi-grad15blk100.png
4062	result/ColBinSet_0722.png	pixel-alias	0	pixel-alias	46b054f740d8e36629aed4b3c50fe923a63adf98ba2c450e7035a6f740546128	53fb1c445ebac55e918c61723a9e6036c32b83b38556d73b7b70c0b980c637a9	pixels	col bin 2/rgb/col_red_hi-grad15wht.png
4063	result/ColBinSet_0723.png	pixel-alias	0	pixel-alias	629e5a64c358c9fc653a2576781b18b81f798e175c98f0596e57f0b5a9e25236	f371f418876a8a5d821f8190f8d0faed98e36e224e9fb4084c3feb8b715054cf	pixels	col bin 2/rgb/col_red_hi-grad16blk20.png
4064	result/ColBinSet_0724.png	pixel-alias	0	pixel-alias	f380b7d6ad15b6c4dc21f62cbc2ace8336db68d7698a85d1130354125e81691a	2ac0b0c0711c3dcc2777c713dcf74c36a8c49d930f5cfbd5aeb371699e649748	pixels	col bin 2/rgb/col_red_hi-grad16wht.png
4065	result/ColBinSet_0725.png	pixel-alias	0	pixel-alias	96709fcdd14b44c7a9472b8271ffc3e0ad0c46f93ac54774c20433b5db2508f3	1386ed73ed1c0e1839f9507d5d767b228d9a1caf81cee0078de7f03d13ffc573	pixels	col bin 2/rgb/col_red_hi-grad17blk.png
4066	result/ColBinSet_0726.png	pixel-alias	0	pixel-alias	9442bc9484af8835054055d9d76457ae01b4a271b9424fa6b9701802efc2ebd6	876f4b22643e9fcc3232dd6c52d924b865668b36f519d142fd112776de6ae900	pixels	col bin 2/rgb/col_red_hi-grad17blk50.png
4067	result/ColBinSet_0727.png	pixel-alias	0	pixel-alias	bc633b4e3686294ca4fc6895b2c688c7c82d3c0251fd25808825d2fecacecc29	2701c911d1e6fac9e68a6295e2f452d3f370f0d02438ca088991bfadbf1b74d3	pixels	col bin 2/rgb/col_red_hi-grad17wht.png
4068	result/ColBinSet_0728.png	pixel-alias	0	pixel-alias	0bcc07de1631aa0395013f35790f719bd754f61e4bb2847a86fdc2365d3d8d63	9182fcc8431ed52889713159efa32178142066604d9d0fc6a144d3e241820523	pixels	col bin 2/rgb/col_red_hi.png
4069	result/ColBinSet_0729.png	pixel-alias	0	pixel-alias	f5bcbf7fe7d6438252ef25c8f166d1ece021e19cdea266b12d92108dcc154243	3fd29967978de8d9f6255a007288c583d3eac1a4cd9568e4dfe19dad9d54be08	pixels	col bin 2/rgb/col_red_lo-grad00blk25.png
4070	result/ColBinSet_0730.png	pixel-alias	0	pixel-alias	4749bef2d80bd8dc74883c26f82e9026f55d7f9268444f6589f084f620e472b4	693be0ad13a6f3503124dca3bc5e078f063ef83d0ec9caa73cef0afe988f2902	pixels	col bin 2/rgb/col_red_lo-grad00blk100.png
4071	result/ColBinSet_0731.png	pixel-alias	0	pixel-alias	ee53092a39f21e3bc1de1d2ca13bd832274b85582cb38dcb95f95af919f119db	55278350db979c7752a95302a365094a31dce3b1869f4104a2be9b8c77dc0d1b	pixels	col bin 2/rgb/col_red_lo-grad00wht.png
4072	result/ColBinSet_0732.png	pixel-alias	0	pixel-alias	258a9dcdb5ab1752955d562af540284f40ab8da1e6380871f14282ef42b33207	27a0f19659ea30339553ae24fa6c601979bf5e35f100e18325699d7b9fc578aa	pixels	col bin 2/rgb/col_red_lo-grad01blk25.png
4073	result/ColBinSet_0733.png	pixel-alias	0	pixel-alias	0bdf0cdd09d39545a8030558f32dedc8fb893bac945d736f83865de0b7459a5c	924d7f2995b9210c76308dc5211d191a8891f558c5f8860300ad786398ee3c97	pixels	col bin 2/rgb/col_red_lo-grad01blk100.png
4074	result/ColBinSet_0734.png	pixel-alias	0	pixel-alias	af0ec8bbdf19e8685eafeb1e49909d6fd20b69730fefab7728993e5505de1b88	b7ccc9dcb74ef4bf89e6f7f101a5e22df3cb4d6d6a3053f5bf20a0c53bdff447	pixels	col bin 2/rgb/col_red_lo-grad01wht.png
4075	result/ColBinSet_0735.png	pixel-alias	0	pixel-alias	fa06e210b072a4597f4b4f5fe01b975010c54242d31dfdf94e008486c5c2dc6d	d0d9e00746026e83ff23c60952899f6e97004c9bf785bf7435e822d9d73071c1	pixels	col bin 2/rgb/col_red_lo-grad02blk50.png
4076	result/ColBinSet_0736.png	pixel-alias	0	pixel-alias	fbd53c331b31c3fa5a114acf2fad6e2ce4830f7a48a64c37b2534bba3b65d8b7	0f6ccadb04afa7594fdc8521a57fa3d09a9a6388159faa2bf1b578fefd107631	pixels	col bin 2/rgb/col_red_lo-grad02blk100.png
4077	result/ColBinSet_0737.png	pixel-alias	0	pixel-alias	67bb467d98e06e7952849aaa927bb621e4f49caf4add74d2bc29ef020309963d	21c3d403ae2d5e90444288d1dca2c36add82963d5d34c5dbb0db97024d529111	pixels	col bin 2/rgb/col_red_lo-grad02wht.png
4078	result/ColBinSet_0738.png	pixel-alias	0	pixel-alias	261f097cf0b3c794e301af257e327613b5f79782b39eee297480c3618fe37507	a7f8ebeb86a8f9b59759df26062314946adc8900c52caa21dc256bffdd4c4b49	pixels	col bin 2/rgb/col_red_lo-grad03blk25.png
4079	result/ColBinSet_0739.png	pixel-alias	0	pixel-alias	81f48cea05fd10365c48fffe65753f72a1cd5f0777020c544f66cebf5d936920	308f63e0d2318dbca02e496d39b2b4316ec8cec8d999f4590f8cdc745ffbf683	pixels	col bin 2/rgb/col_red_lo-grad03blk50.png
4080	result/ColBinSet_0740.png	pixel-alias	0	pixel-alias	4994152c7c4774117a69d3a1213c7a6db4921fbea571a4efe60fa1fa3f17dcdb	4100fc960e2171d0c7ce0754c060c8f8cd655a47814da0dd2d4327e2cb95c5a0	pixels	col bin 2/rgb/col_red_lo-grad03blk100.png
4081	result/ColBinSet_0741.png	pixel-alias	0	pixel-alias	047650916833953dacfe988433aa4a99850bd8e5cccfab3adbd79583f49f3afd	b179d698f977d5e9ef2b98e63dd87c941cff2099755e1ed396689de22b20445c	pixels	col bin 2/rgb/col_red_lo-grad03wht100.png
4082	result/ColBinSet_0742.png	pixel-alias	0	pixel-alias	04e1dd06e62007fdc198a1d6b83962e9adffbfe686f1e37822c062b33e6b231c	31a549129d3cc7a96ebe2593dcfe8643a7ae3b0aff05a3214f4398550f16801b	pixels	col bin 2/rgb/col_red_lo-grad04blk50.png
4083	result/ColBinSet_0743.png	pixel-alias	0	pixel-alias	aad83fcddd101ca4112bc71beb332e5f462743296229b5184b9a8c4b63d470a8	70159cf88dc798908989430cccd0dd9d42d17899efce7957a903161ca50105c7	pixels	col bin 2/rgb/col_red_lo-grad04blk100.png
4084	result/ColBinSet_0744.png	pixel-alias	0	pixel-alias	46f2ca2da2f666b4e050960e144e1b9e9dfc01ef74deddfb26015ed26428a45c	8d9a42cab2a53f63e502dcda9052d265d8dc3c4892eb0be080d849ed13bda8ce	pixels	col bin 2/rgb/col_red_lo-grad04wht.png
4085	result/ColBinSet_0745.png	pixel-alias	0	pixel-alias	1c73d0e0933d4beaae59d8bb4f0b376b8b9d34080f11dbeecab96b1c83352ae0	6d033035704a7ab0980804f77f17b365f2e05771de032d1fcc41bdefc4f70b80	pixels	col bin 2/rgb/col_red_lo-grad05blk50.png
4086	result/ColBinSet_0746.png	pixel-alias	0	pixel-alias	b452b33ea66c1d9273491172fa1849296e730cac86ccd1c5509124276fb1503e	5ed49050388136fd83efd87172386791ef5ad8c8f66e728ee716ba001c883e47	pixels	col bin 2/rgb/col_red_lo-grad05blk100.png
4087	result/ColBinSet_0747.png	pixel-alias	0	pixel-alias	4ffa7d6e8fd1b0217a93631103376c17d2cc93a59e6cb756f3ae9e6e62cf22bc	6cdae5ef9de55c8a87678df2ac46c597000610e6457b49289d046f7bcb383f75	pixels	col bin 2/rgb/col_red_lo-grad05wht50.png
4088	result/ColBinSet_0748.png	pixel-alias	0	pixel-alias	b10dc40008ead8015596cb407f2ae66721619e99bd4c98f349e7411828eb4a3d	8fb9f82e584c1d55ee0822eaef979d1a4aad982f8620215ce79caebc420ddfe0	pixels	col bin 2/rgb/col_red_lo-grad06blk40.png
4089	result/ColBinSet_0749.png	raster-fallback	0	raster-asset	617942a7da9d03a2f901fbb82c2f97cff14d3ff5ef6efa71a03bc922374c478e	b9de53dd4ec4cf7019ee6432ae9751bdf3baa56848b6806e89dc3fa964305558		
4090	result/ColBinSet_0750.png	pixel-alias	0	pixel-alias	a7fe986a4ebe5e92529718b19a92f008d652e0a399a8ea451ff8b02f1ce07e50	1c9f0598b927843ceb465193cf7f5fe1827dc45fb203e5f1a03758094337144c	pixels	col bin 2/rgb/col_red_lo-grad07blk40-rotCCW.png
4091	result/ColBinSet_0751.png	pixel-alias	0	pixel-alias	c8346c93109a06873a3bc7a845610c1fe0a6e0a12691116b289df15439b790ee	f9aca512afe356eed06f1136c7fe9dc7fef45dc28ca1353d54bdab3176decc8a	pixels	col bin 2/rgb/col_red_lo-grad07blk40.png
4092	result/ColBinSet_0752.png	pixel-alias	0	pixel-alias	ce34822ceab13f91d40595933842c5b653f471248040061854229edd76e82879	8b5b1e76ae13aad30757786bfbd31ac6c4e706bcac5fbb7d6e02f2f4af0039a7	pixels	col bin 2/rgb/col_red_lo-grad07wht-rotCCW.png
4093	result/ColBinSet_0753.png	pixel-alias	0	pixel-alias	d4e866ece69653d471a45a074ab92b175495801325044795308405217b30af5d	847a528b71945ac06342109ccd17e40ac22b10d53c56626c05693890af6f595c	pixels	col bin 2/rgb/col_red_lo-grad07wht.png
4094	result/ColBinSet_0754.png	pixel-alias	0	pixel-alias	c978e0d984345e2fd8a14cbb746608f16bea31ff9afb40246fc4d8dab00c7d79	066fed09f26533cd50403b800179aa53a7d5634b35df865dca89892742c7c835	pixels	col bin 2/rgb/col_red_lo-grad08blk-rotCCW.png
4095	result/ColBinSet_0755.png	pixel-alias	0	pixel-alias	bcc9141ff0342be4bfcd5cc2d6e6d17d2ee0cc151931980aa022f695133c7c99	630184bd9ce0110bb4123debd08e666a2531b0de998f83c544c10e0aa5b3876a	pixels	col bin 2/rgb/col_red_lo-grad08blk.png
4096	result/ColBinSet_0756.png	pixel-alias	0	pixel-alias	af3f5786e5cb6c95ab7038daadeea274c9513c171a301f19503fe2765e1e3f43	ffc63961a93bc23a4b1ea5d4125a7b882ca68a831f4fac857b074da6c5d7033c	pixels	col bin 2/rgb/col_red_lo-grad08blk50-rotCCW.png
4097	result/ColBinSet_0757.png	pixel-alias	0	pixel-alias	52daacb9d674836621de588aff03ac0e658132947263c804a30ebd7a3989a1fe	658ecf2ecf6fdf99fb031dcb856a751cddbc23c90c7f9bc51b1f0a6c5267225c	pixels	col bin 2/rgb/col_red_lo-grad08blk50.png
4098	result/ColBinSet_0758.png	pixel-alias	0	pixel-alias	71c494d67d3cc4a5934228410b5864f87b8e5638fe71aba778689fa3ccde122b	2a62c0888782ace6b2ca5d9373489885ef7d13c52bae9b24192c6ef08f2d1fee	pixels	col bin 2/rgb/col_red_lo-grad08wht100-rotCCW.png
4099	result/ColBinSet_0759.png	pixel-alias	0	pixel-alias	5f25dbbf9a399be17704d2b026fc315e0b28983107fd19dc1d3c091d48f74ec5	dc6b426e03523a62c5c23d48c900bc98ddebde30c2ed6375779376dad19f9d08	pixels	col bin 2/rgb/col_red_lo-grad08wht100.png
4100	result/ColBinSet_0760.png	pixel-alias	0	pixel-alias	be266f8969ccaf77dd0064399ec2c1f94ce8dc750fdcf8762877478d574b7545	ba88ba37457337647321d74e2c07f703665571f52179a976cce30e7f0fb518c1	pixels	col bin 2/rgb/col_red_lo-grad09blk-rotCCW.png
4101	result/ColBinSet_0761.png	pixel-alias	0	pixel-alias	52de604a54251223462095103847d20950eea3cbfe5aa1bdceb684e2aba81749	b53379f846a84c95742e48225e3dd7f12eb2f8418ade57089938ae0314040b6e	pixels	col bin 2/rgb/col_red_lo-grad09blk.png
4102	result/ColBinSet_0762.png	pixel-alias	0	pixel-alias	5be6439a652b5ffaeef4ff9745457cb9892fe9b73709fdda0407d73268b31461	ca5eea88479b5afe6054ed0b5b1b3817b33ac377e7b2100626bb3f0cc485d528	pixels	col bin 2/rgb/col_red_lo-grad09wht-rotCCW.png
4103	result/ColBinSet_0763.png	pixel-alias	0	pixel-alias	64b5b903f84b89cf1ababce2423d12d6ce5297051dd65a9b1caecc5e18b33413	3c3cc5adcb296a2e6e542529d5e062b0f6fd42b6853538dd437ed12a05de50fc	pixels	col bin 2/rgb/col_red_lo-grad09wht.png
4104	result/ColBinSet_0764.png	pixel-alias	0	pixel-alias	7da36c5a5db440bd05a4dc601475a3efdc1018bc4529ef888c4f6e62093a3494	5ba5015743d1a6afa7fe01c9f03b1c75b0e8266c6979c285adb60cfa5f1588b8	pixels	col bin 2/rgb/col_red_lo-grad10blk-rotCCW.png
4105	result/ColBinSet_0765.png	pixel-alias	0	pixel-alias	394d893c6eee0f65765167c2616bec3abd48b18d7e60e75ae8d0d28fa98bf5df	b7963393eb0409e63a542dd924bbef6d7ac5f0305b05a63df7ace4927396b3f3	pixels	col bin 2/rgb/col_red_lo-grad10blk-rotCW.png
4106	result/ColBinSet_0766.png	pixel-alias	0	pixel-alias	4b161a917187a76a1db8814903b27185dc3e724a84a50fde1151c2a525bd3539	d5f31a532d4ca647c16a62110818d3ab653f4c229078a07e15ada180015efea7	pixels	col bin 2/rgb/col_red_lo-grad10blk.png
4107	result/ColBinSet_0767.png	pixel-alias	0	pixel-alias	42d858ce230f75d776bc92d087a1d0cb7b7b50ca4b59f7b5c1aeb6cf1894167b	178e08e83de9adf5e1f7fc56a09e9e814419c6a7eae5c1ac01244a3e5edaf59a	pixels	col bin 2/rgb/col_red_lo-grad10blk50-rotCCW.png
4108	result/ColBinSet_0768.png	pixel-alias	0	pixel-alias	3728bae6e79f36a9fbc4c2d61a62a6deb7af6aded6c57613ad64f912046b9a3a	e80dd3df8ad5429b347dd79351ebe6707f1cf036e2b819bdb3a3c18fdb775ba5	pixels	col bin 2/rgb/col_red_lo-grad10blk50-rotCW.png
4109	result/ColBinSet_0769.png	pixel-alias	0	pixel-alias	85147db41bd130e1c2ea1cc5cb8c76996611adc2e519b897b8f1f9d1c10e002b	830d1664da640dc6739947d54b952fd5e36c5f0412c0313b7b7185cf89525665	pixels	col bin 2/rgb/col_red_lo-grad10blk50.png
4110	result/ColBinSet_0770.png	pixel-alias	0	pixel-alias	7f4f2dab1755f09bac35d761079fa1cc85c860287286c871a90a129a393474af	b20e89421436dad5e1815a57078720d9cba44a653c0d5e8a9a9145ea8092fd94	pixels	col bin 2/rgb/col_red_lo-grad10wht70-rotCCW.png
4111	result/ColBinSet_0771.png	pixel-alias	0	pixel-alias	fdd3204ca0e55e20665d41e73c5113037d12152d55cb10053f045650f53b1c04	1b81021ecf68bfab66752d18fff37d9b3df00f11bac70aef84b7866465fde9ab	pixels	col bin 2/rgb/col_red_lo-grad10wht70-rotCW.png
4112	result/ColBinSet_0772.png	pixel-alias	0	pixel-alias	b36a3e5c87234142aa0667c52774e477164c4a49d21485669c4368909a040323	39172165a775a4ee5aadb16a653bace1d4129e75afc7a8bf49f9340333236726	pixels	col bin 2/rgb/col_red_lo-grad10wht70.png
4113	result/ColBinSet_0773.png	pixel-alias	0	pixel-alias	0581f68680f9e289c4c52806e09c9e577923b899942267d6f8d93cfb1c46dd64	e0023d77bdf42871b23d3bc1ad3240278474ece2cfeeab38161fc663069f743c	pixels	col bin 2/rgb/col_red_lo-grad10wht100-rotCCW.png
4114	result/ColBinSet_0774.png	pixel-alias	0	pixel-alias	da9670ab0cea26267271da2fb5aa82d2e356290e8d6d3212db12bd103ec01aab	c5cf55bab8f04de7cd0a4c1306235fb7300714b904cc90be766d41a80a0127d8	pixels	col bin 2/rgb/col_red_lo-grad10wht100-rotCW.png
4115	result/ColBinSet_0775.png	pixel-alias	0	pixel-alias	3c0ec097d54fd6a375985d85fd026adf21831bcfb666f3ad0e49af2366ace8c3	0b9a4da711fdbee525ceeb0836fb549da57a744ce969f07ce7f3e30083acf6d4	pixels	col bin 2/rgb/col_red_lo-grad10wht100.png
4116	result/ColBinSet_0776.png	pixel-alias	0	pixel-alias	5f768cea9c187e5740e9f2a48861de0d392a18500ad9429047b428022095f63c	aaeb4e388939e6e653a05cde73425905bf12b261843f172d656887ce648e5ee0	pixels	col bin 2/rgb/col_red_lo-grad11blk-rotCCW.png
4117	result/ColBinSet_0777.png	pixel-alias	0	pixel-alias	3428813010d968464183eb2c86567af7e4c82ec1a16f84dce97c5b32da123d76	0d204c21cdc5ba556515b2f64b529b5d35a6f35cf852ad8a599dee380616dd02	pixels	col bin 2/rgb/col_red_lo-grad11blk-rotCW.png
4118	result/ColBinSet_0778.png	pixel-alias	0	pixel-alias	981053d3ca0721b47ba8954064e953f57495ae4e91d5afb3b86d76b94dded842	35d7eaaf5fe5b2cb28ac066276b3df010748bfc9d3239a1666427ba634537ffd	pixels	col bin 2/rgb/col_red_lo-grad11blk.png
4119	result/ColBinSet_0779.png	pixel-alias	0	pixel-alias	f2aeee424e43892d534d8cbbc063a5a5b683109d6a12d3a57a77b9160b6d9dc5	a8368fe266f0576293999c5af18c91c3d58b34d81e8cec4bac75fc4cf2ec1e38	pixels	col bin 2/rgb/col_red_lo-grad11wht-rotCCW.png
4120	result/ColBinSet_0780.png	pixel-alias	0	pixel-alias	5dabacd65b1c5b09afa2930e333648374c7b3a6a394682390cc8e41caf5e5251	996a3bc623bb1e649d6ba30aa461ec1e919f731acd7735aa1bdd00df88c9c14a	pixels	col bin 2/rgb/col_red_lo-grad11wht-rotCW.png
4121	result/ColBinSet_0781.png	pixel-alias	0	pixel-alias	0156f77ffa8cb8b59e37b87ecd2a618f915755fc525cba0914d8bc4ed429147e	96527f305a07ed04260bf8ac3403c3ca6317ee2f5979115996d4410748428ce4	pixels	col bin 2/rgb/col_red_lo-grad11wht.png
4122	result/ColBinSet_0782.png	pixel-alias	0	pixel-alias	0f52d69b12ee99942de26465a0457da1ea74db1b56421dbd2c55b63da2b56591	e30b6b8fab453fdc843a868936a3a94b9a4728af94797a8499cadf32fd93d7d9	pixels	col bin 2/rgb/col_red_lo-grad11wht60-rotCCW.png
4123	result/ColBinSet_0783.png	pixel-alias	0	pixel-alias	3d8d5a6927856567982f0dc7743e8c4b7db4ada38cd4995444591235cbc6cce0	3f65b2c9a45f01fef526868af1e97d637ae3e752e8183eca8a5d58f9a51beb70	pixels	col bin 2/rgb/col_red_lo-grad11wht60-rotCW.png
4124	result/ColBinSet_0784.png	pixel-alias	0	pixel-alias	bf0f84fd3bdc1ca3cbb9a5e2034bfa321adb1984f148ffe5a7776ec3d2814089	b511c45e2206aad1010b87d7d7641aab43c380d893b11779389901f691243336	pixels	col bin 2/rgb/col_red_lo-grad11wht60.png
4125	result/ColBinSet_0785.png	pixel-alias	0	pixel-alias	34af983c58199c27a8b8dd40d311e6139106dea3b3d04fb640b2930664c4dcd5	cefe0084723ad51df4be77f2a7090edd2616a9596aaa40efc35150f015bcfed3	pixels	col bin 2/rgb/col_red_lo-grad12blk-rotCCW.png
4126	result/ColBinSet_0786.png	pixel-alias	0	pixel-alias	c07d1fe89c44c1df38b424784b0233880403695443dfdc209928b9a3aa0a03f2	1ac89644e24452402e3ec88fe8fdf2b434bc9d96707083f7fff404e2a34cd803	pixels	col bin 2/rgb/col_red_lo-grad12blk-rotCW.png
4127	result/ColBinSet_0787.png	pixel-alias	0	pixel-alias	ec7de3c3e15fda8f74d0229d3d03300b9a0975c2617c46c3c139dfda9d1bbe15	2cd8610b7a274ac96c0c749777cc7531d2b299324306b95fffb65622039320b7	pixels	col bin 2/rgb/col_red_lo-grad12blk.png
4128	result/ColBinSet_0788.png	pixel-alias	0	pixel-alias	50bbf288d4f38481dd6a8937009f215df52f14800784a9e3104b5609b59eb041	d76c3cc0607ea64233e4509220c1ecf532a9804e624b56a9bac19d1c894b7f68	pixels	col bin 2/rgb/col_red_lo-grad12blk50-rotCCW.png
4129	result/ColBinSet_0789.png	pixel-alias	0	pixel-alias	e0018c7ffc7c4cc63a028a4bd3ee4cb1479e8530e3cdc9507769365f3cf83c31	dcd90bba1065b1a8253f8864139867edace0fc97d280e2a883c28c7e072621de	pixels	col bin 2/rgb/col_red_lo-grad12blk50-rotCW.png
4130	result/ColBinSet_0790.png	pixel-alias	0	pixel-alias	be3a30d9ccf7cb27fe158a9b4f5429a53cd153359764d3e6068d6e07b8c6b798	79fd6623a02f11e1647658a8f22c40b1d95c2edab92706a9e2b1bbd06e25e141	pixels	col bin 2/rgb/col_red_lo-grad12blk50.png
4131	result/ColBinSet_0791.png	pixel-alias	0	pixel-alias	d36096a462c386d542930f468deee35d993241af9e0a00014b87969e25f0b598	cc7a67ffa502d7eef4dec5095bf9d73d938ccb9abb007891471a5c6faf6b4b8c	pixels	col bin 2/rgb/col_red_lo-grad12wht-rotCCW.png
4132	result/ColBinSet_0792.png	pixel-alias	0	pixel-alias	0b66398437c5688b4ce9e2d3faf5a2d1eac6ef8dabf20bd732310fb81c146cf3	dc95eb8cd977f9719df21424a8e8881684d9b687aecba16b6b02745884ddad9a	pixels	col bin 2/rgb/col_red_lo-grad12wht-rotCW.png
4133	result/ColBinSet_0793.png	pixel-alias	0	pixel-alias	c68c2307d053c4a73f675605a1e4274bb94fbc7597d61ad18dcf168f3de5260c	9d752a679670f0bb4918a8885daccbe1212112b9610c581f8623004f19c68a7d	pixels	col bin 2/rgb/col_red_lo-grad12wht.png
4134	result/ColBinSet_0794.png	pixel-alias	0	pixel-alias	4da7d20455fb46302f6e5c13aa224034c8f71e6aa38c45aa534bb06ca5d55ea3	045a1efb8874a82e9f1dca82acd86bd806fd9703de64f201ac69c7b7ab855f5e	pixels	col bin 2/rgb/col_red_lo-grad13wht-rotCCW.png
4135	result/ColBinSet_0795.png	pixel-alias	0	pixel-alias	cd89dd54651e08dc0cdf466c4b9b5c2b8a1a2ea96d5365323b221502f7dce13b	a28d4899cc11a8f9b234f0bd9c80b90879de56062931829ee9fb42bd3fffb102	pixels	col bin 2/rgb/col_red_lo-grad13wht-rotCW.png
4136	result/ColBinSet_0796.png	pixel-alias	0	pixel-alias	ed36641cc6978c403e654d2a5e80019153201458b07b0726ca49b29e49eb3252	8dba81872c358db7d2bdaf7e8d19a93eb481985320026a990889496863e685cf	pixels	col bin 2/rgb/col_red_lo-grad13wht.png
4137	result/ColBinSet_0797.png	pixel-alias	0	pixel-alias	7e6f9920f0c89ec609b4229813f977af302c032f62e47e4d25c860bbc7746ecb	dd0a4b26505f982a52c324434c59ff920bedccaf883e609b2d3e882b9e8a3b17	pixels	col bin 2/rgb/col_red_lo-grad14blk25.png
4138	result/ColBinSet_0798.png	pixel-alias	0	pixel-alias	5554c915e7934e6e2e0cefc2b6f9145c9ba5b2504d1be27be8e86596ef06d3ad	717e818e21524760c9125e784692fb7b014cd9cab88105b3c6488848b9fc7f4c	pixels	col bin 2/rgb/col_red_lo-grad14blk50.png
4139	result/ColBinSet_0799.png	pixel-alias	0	pixel-alias	0edd348b1947c57d28b2587f9930482369ed3c093ec06eab64d302c3b81ad52b	eccee89286a39a99b379fc160eab2c1933205b87093125bfe92664833679383a	pixels	col bin 2/rgb/col_red_lo-grad14wht.png
4140	result/ColBinSet_0800.png	pixel-alias	0	pixel-alias	8ffcc3a3f29cf5b6c177fe697847ba5b9b6cb3389217567afd24201a5bb53313	4e7258a934163e62d64d89572f0fe16884f9dc2e9de55a86a08e06525bad64a1	pixels	col bin 2/rgb/col_red_lo-grad15blk25.png
4141	result/ColBinSet_0801.png	pixel-alias	0	pixel-alias	41d5bf926fc0109a4454956bb01dbb18f7f085b4a90ba40caf4e8b5b44f411a1	c049e29e647de71f5e8f7e4eeb45211cc16bc0a219f68e04daa9074d6f92c402	pixels	col bin 2/rgb/col_red_lo-grad15blk50.png
4142	result/ColBinSet_0802.png	pixel-alias	0	pixel-alias	ef16d3b4c952760baed986f99dfff26bbcc0a1c40b73acd1cc4d0b3e397516ba	36113f88b0453074ca77ea1f94f5c0f10d0da89ce6f9a049e445045052190373	pixels	col bin 2/rgb/col_red_lo-grad15blk100.png
4143	result/ColBinSet_0803.png	pixel-alias	0	pixel-alias	77132c4e9c764da1e3a600ce0973fa3f46e5baea14ab62994aa38a81db280932	28b77873321af24d309db9caddf047e86faf069acf8adff091d88a902cd28209	pixels	col bin 2/rgb/col_red_lo-grad15wht.png
4144	result/ColBinSet_0804.png	pixel-alias	0	pixel-alias	f671898aba9bd642cef8fdfd1d4bd611d134e2704c4556f83f035bc7a27e0e92	d5e813f04867709294f748d23bb72331d06bdab8fa3e04942e6f32c48309d300	pixels	col bin 2/rgb/col_red_lo-grad16blk20.png
4145	result/ColBinSet_0805.png	pixel-alias	0	pixel-alias	8031e2539d6962e6a9a6717a230289becb30f230c324c1be69618db78e228d8c	7564eade10c9667652a66509e5dfe0c0950958b300400af9af76d9d5eb60c630	pixels	col bin 2/rgb/col_red_lo-grad16wht.png
4146	result/ColBinSet_0806.png	pixel-alias	0	pixel-alias	5f505b79b4827c1b4028c1b92cd69d02400b2eb59e62586ed682e88fb0af73a2	6a7022839ca828c1db8b3fc60d6115f645882e97c85a7a072fca344c80cf841d	pixels	col bin 2/rgb/col_red_lo-grad17blk.png
4147	result/ColBinSet_0807.png	pixel-alias	0	pixel-alias	69a3aa4899ca32bbc1c89ef5eeb57f46c5ca9e3e20271a5272e2c92a204d7ed1	d7b0af4ea6e16148737b06547eef2adbe4526ca2fa456dd37882158ea0f15a48	pixels	col bin 2/rgb/col_red_lo-grad17blk50.png
4148	result/ColBinSet_0808.png	pixel-alias	0	pixel-alias	1258ed8668ee834d40d1fc23609f2eb6418105af219fb04ad78707a591a5f93a	3b255044586cfa1f3d47cf0e561b31153a68cd1638c3002302898b4cd6dd3274	pixels	col bin 2/rgb/col_red_lo-grad17wht.png
4149	result/ColBinSet_0809.png	pixel-alias	0	pixel-alias	571b2764451a2bb5c5c4cebdd6a62e2e87aeb9020dc062f99183f639c584d8bc	31a481914c0ff5790588eb5f039efbbf35c91c0f03d5f253ff50f8a0a9cfd116	pixels	col bin 2/rgb/col_red_lo.png
4150	result/ColBinSet_0810.png	pixel-alias	0	pixel-alias	06557263b65192f88d2fb40b6d0c663cb0fc262083bf34646b41e3a0c7bb247d	5326d1d355a72a37808b4824eb96e72a870f09d0b51b81ab06419ce24d622d66	pixels	col bin 2/rgb/col_yellow_hi-grad00blk25.png
4151	result/ColBinSet_0811.png	pixel-alias	0	pixel-alias	4330bc4a7d506d0ea3a9883e019b603d631b17d5395480c8b79b14b24b12c616	2ccb45df5020b883a0e10e0fa12b31f2f25558a93d1a9e2bd102ea93c28da46f	pixels	col bin 2/rgb/col_yellow_hi-grad00blk100.png
4152	result/ColBinSet_0812.png	pixel-alias	0	pixel-alias	fa5a0b0425108108f6a2080751ed05a8cf76913b4a7c4b9a8a91c994ab1436e2	29ac8f06c5b1f2c1a4c882232080408728914a35fc9723b11811174c284710ff	pixels	col bin 2/rgb/col_yellow_hi-grad00wht.png
4153	result/ColBinSet_0813.png	pixel-alias	0	pixel-alias	45bd25e88b3f2c397e553ecaca567acd5c6809fe4bb7ce4b6fba559a828b8c7c	72655528775647c96e000e0defc0e25d9043233fddafb434c003c81527095897	pixels	col bin 2/rgb/col_yellow_hi-grad01blk25.png
4154	result/ColBinSet_0814.png	pixel-alias	0	pixel-alias	d03a6b4b56eaf722360d88a0da45f6002349c2c0d26a6b0875fdfc6eca3c4f3b	edd3b213c0e23ef41b212cdf78baa901c3fd0f0a03e474f67ff12308c486cbff	pixels	col bin 2/rgb/col_yellow_hi-grad01blk100.png
4155	result/ColBinSet_0815.png	pixel-alias	0	pixel-alias	0ec78bdee4bb110c20e7d5ab9aac796624efd839ec1e9df2d2bb80537cbd55ea	5699ccfeb14be62068e204f7a0e2f6237ad8901d72641176013122916aa6ae68	pixels	col bin 2/rgb/col_yellow_hi-grad01wht.png
4156	result/ColBinSet_0816.png	pixel-alias	0	pixel-alias	84ddbada85fc102c588f4f1229d98e2993be451fd7569bb9fa43d34e2fdcdd7c	7ed5d99ad69061cc69f51704daba79e3fedc344fa0e373b57a026a80f44f7474	pixels	col bin 2/rgb/col_yellow_hi-grad02blk50.png
4157	result/ColBinSet_0817.png	pixel-alias	0	pixel-alias	f8836deec5522c7ab67a1149e5b42aacf9e753ae3b0b9b000abf0e9321997013	48807a2355edb292a44b3c8d6a832e29d507aac230df098aa55ddc125a3157eb	pixels	col bin 2/rgb/col_yellow_hi-grad02blk100.png
4158	result/ColBinSet_0818.png	pixel-alias	0	pixel-alias	9dd6fc0a37e3dd689b6a5b5bae6551bae61978742e19522ec813f17b5c1e39ea	08328ffe3f92af3b524e64da8fb5a5eef7ec07dcd15e7aa41da3b3cdbba1c5ab	pixels	col bin 2/rgb/col_yellow_hi-grad02wht.png
4159	result/ColBinSet_0819.png	pixel-alias	0	pixel-alias	e221d3db1464fe676cbbef3b2bcdc9974f02c8979e6a111fddfa3e03da1cd3b0	958ddb7c861b6d9177759d8be69c0a54412263f1799593aa8311fa89ea3dcfee	pixels	col bin 2/rgb/col_yellow_hi-grad03blk25.png
4160	result/ColBinSet_0820.png	pixel-alias	0	pixel-alias	b680a0b85c43425eb5241e6dd178d7753b3cc1c007dfda093a8726129e4990e2	f004db91ad33962e355f803f7ec605431b1fc13ba65c84c441ea99364a6c4b8a	pixels	col bin 2/rgb/col_yellow_hi-grad03blk50.png
4161	result/ColBinSet_0821.png	pixel-alias	0	pixel-alias	ea92adae0455dfeaf9c9008925b958b4dc5a7377b20eaf96a0c486d4c859967d	04b932d3d4355f26af21d45daa60c168fc6cad3575a0304db723492cdede62bd	pixels	col bin 2/rgb/col_yellow_hi-grad03blk100.png
4162	result/ColBinSet_0822.png	pixel-alias	0	pixel-alias	070dbba070ce083e1a287a858442c02261d2a6fc9e5124ad0711182535fe7a9f	30afc2ea3f99423404aebb17c6dcbd8cd0dca7deaf6ec9481bceed89e6a1099d	pixels	col bin 2/rgb/col_yellow_hi-grad03wht100.png
4163	result/ColBinSet_0823.png	pixel-alias	0	pixel-alias	c19aab65696771d0c89b08557b794646723bbb590822fb67e7d951b81df56c8d	47042536550e68c2a7415db5281155e400262d7a9bbcd463ce61953c8e3d1c81	pixels	col bin 2/rgb/col_yellow_hi-grad04blk50.png
4164	result/ColBinSet_0824.png	pixel-alias	0	pixel-alias	741c2ad6712d2980141279fa0f08158c34fb5601a55d28d36cdf7d9990bbd33a	c968cf7761f2ab98710000fcb30725af187cd54b7142473df56305354ac733df	pixels	col bin 2/rgb/col_yellow_hi-grad04blk100.png
4165	result/ColBinSet_0825.png	pixel-alias	0	pixel-alias	5801a6df17589815ba1720f29231ea451a97134d44f935cfaa088bc743f36e29	5873b64948699ebe05fbca6618b0acdada3a70b0aa3a3698f868cf31dc5558a5	pixels	col bin 2/rgb/col_yellow_hi-grad04wht.png
4166	result/ColBinSet_0826.png	pixel-alias	0	pixel-alias	13e0757adf189a94ffe45c2a9364cf621bbe20d60943e4f5b9c758d9af0b9cf0	f50fbcf98ccdcc66a9abef6c58053f94c293e89eb929f9bba1bcb08c65181835	pixels	col bin 2/rgb/col_yellow_hi-grad05blk50.png
4167	result/ColBinSet_0827.png	pixel-alias	0	pixel-alias	75ad52b7bf14a2c6277834831d143b83ac23b930914abe234397e9d00e005dee	e26c999ae303d735bf31ccd1bada083654134c8e48fff034899c5a367c810e50	pixels	col bin 2/rgb/col_yellow_hi-grad05blk100.png
4168	result/ColBinSet_0828.png	pixel-alias	0	pixel-alias	96a2b0e9f8ff0bb8bc042faa8e2dc103fc003cff94ad248ecc443f5ef3c8a5af	d1282922f3473c2556f5d549763ed672b95a124482ce26986e1a016b6ee3b665	pixels	col bin 2/rgb/col_yellow_hi-grad05wht50.png
4169	result/ColBinSet_0829.png	pixel-alias	0	pixel-alias	6b974c05ca81736a19cfbaf696f8c505c66175267f6d6a61976176f7148c7ca9	4ac1b9c3d9e313dc3f8a1a12d9fc261c74d86f2d339cc1a5f58c5f5ff9983aba	pixels	col bin 2/rgb/col_yellow_hi-grad06blk40.png
4170	result/ColBinSet_0830.png	raster-fallback	0	raster-asset	832f69071a2dc75f599e465e1eb3e017bd04f8ecd8590aa8e6b8c63a53a2d19c	906c9e8fbcab9be3d10f4fba97504fa6ff7d2d5ef2d74f1a075d7fd462330fb5		
4171	result/ColBinSet_0831.png	pixel-alias	0	pixel-alias	54c96f7b1848c28b5ea30d0218bc4a214fbc9b90dbc8de11f4757a92040a263e	9ee550c8c58cf6595ab570eff2e12d92ae711c8985bff3f482d22b29bc0b807d	pixels	col bin 2/rgb/col_yellow_hi-grad07blk40-rotCCW.png
4172	result/ColBinSet_0832.png	pixel-alias	0	pixel-alias	3320ae03fe1acd0d5ccd739a57d36c144b1b64b77226bcc3cba7ab89013744a9	8047fdf1b7340acbaabf58be87ddce25431b7855a2e73061ce1d5f29aa3c5ef6	pixels	col bin 2/rgb/col_yellow_hi-grad07blk40.png
4173	result/ColBinSet_0833.png	pixel-alias	0	pixel-alias	6381e9cb743a22760f0a65ab2b48f8949cc5624e45eff5adf20c88dc394f1e9a	f280f42e2cafcbe3d88506bf03ebc9bc91fcb44fd83dadb0f36e6ac9884e9098	pixels	col bin 2/rgb/col_yellow_hi-grad07wht-rotCCW.png
4174	result/ColBinSet_0834.png	pixel-alias	0	pixel-alias	a7b00431ddfeb61b73351eac9f977e117b1c4c8e6682237eb1643caf7c0234c7	be54a0ba726bbdb285ba9123d2aa9a4c4cb2ce1dcf191861b07b771a54e44938	pixels	col bin 2/rgb/col_yellow_hi-grad07wht.png
4175	result/ColBinSet_0835.png	pixel-alias	0	pixel-alias	6836532e6b4c8d7c142d6e6ccf51d6d0f81fd2a0f9639b1a3a82fe6fe21de99b	751b13f18d675e4327ef387fbd653bb150453a49eefafddf83ebd824cea21256	pixels	col bin 2/rgb/col_yellow_hi-grad08blk-rotCCW.png
4176	result/ColBinSet_0836.png	pixel-alias	0	pixel-alias	cde1a62a340bbe3dd563185d31072056acb28949e76b572e02d8aa9809c5ae62	0a4441e44d15a6905d2f78f8ef14e51be8a9bb6329e60b7cfc8953f114cc2b1e	pixels	col bin 2/rgb/col_yellow_hi-grad08blk.png
4177	result/ColBinSet_0837.png	pixel-alias	0	pixel-alias	771061847beeda56fa7627653c0dfef0370b91a40044d8233418132613cd111f	25c3c76bacda6bcbd4b6e8b6c2cfd180ee03c02bab514e73ff3ce7a134c43266	pixels	col bin 2/rgb/col_yellow_hi-grad08blk50-rotCCW.png
4178	result/ColBinSet_0838.png	pixel-alias	0	pixel-alias	5b6c276659f48d3e92316512f4b4b5f8ee9627cc85f72f7c612406e35bac498a	caaea735e3cf2d44314b16d1b628479671b5534d9035ec77409c300dc32cccf1	pixels	col bin 2/rgb/col_yellow_hi-grad08blk50.png
4179	result/ColBinSet_0839.png	pixel-alias	0	pixel-alias	189b110ddf5e94184f0e6116b57c5845cb7119750253b2ad192fdda54e9ffd92	a1978399c9ac370b51c289d170493952c1e31fd3c3e0831d03da112b17bed768	pixels	col bin 2/rgb/col_yellow_hi-grad08wht100-rotCCW.png
4180	result/ColBinSet_0840.png	pixel-alias	0	pixel-alias	30491f2170cbdd2f3034f36c57239eeb0002b039ba4af49cde48a46500517bd0	35c18be109e773ac593dd032b4027d57cc2f0d2e18107ec7e50f940266a01a80	pixels	col bin 2/rgb/col_yellow_hi-grad08wht100.png
4181	result/ColBinSet_0841.png	pixel-alias	0	pixel-alias	14d21a3830a31d00e52e589e7f7b59734c8c2ec28800cfbe7b3accdff6f434e0	e7c968ac53d8528ab971841c94f79a2c2929c75a1f6b1ce5944e64263241b969	pixels	col bin 2/rgb/col_yellow_hi-grad09blk-rotCCW.png
4182	result/ColBinSet_0842.png	pixel-alias	0	pixel-alias	a87f423c9a881aa20e837beca7d8f702b71d84a6e7e7dd24d32475722a9dc941	5997d42f418ede6b08a2c445c6781f568b71572935e11bb52bf38732a5d89480	pixels	col bin 2/rgb/col_yellow_hi-grad09blk.png
4183	result/ColBinSet_0843.png	pixel-alias	0	pixel-alias	0bb85e977f1b753bd634f929efb2d44a118e3c222a9825583b2a4a287bd112f6	9a6da35b146b64d5250a5faa3ccf69b4e33b8f2b7f911935528040ac51b609af	pixels	col bin 2/rgb/col_yellow_hi-grad09wht-rotCCW.png
4184	result/ColBinSet_0844.png	pixel-alias	0	pixel-alias	e8f2c816ac22f6f377edd78fba1520e1701e1db42a3da49c4b68813a77e763d1	68f556f982a08a7fa39e554e20e751ad43d91e927214ceb510f0f4e096724ad3	pixels	col bin 2/rgb/col_yellow_hi-grad09wht.png
4185	result/ColBinSet_0845.png	pixel-alias	0	pixel-alias	87ffe4944bf4b83c5bc371813ef777929026c7c58f7fc4d27a883ee740968510	0e4b00d9ab2c450ecedac3064535053d0b82d904ffb2f7d22554a44f4fb7118d	pixels	col bin 2/rgb/col_yellow_hi-grad10blk-rotCCW.png
4186	result/ColBinSet_0846.png	pixel-alias	0	pixel-alias	f7f327d2f88c5ca7afa62f23c037d77f640827969ec8958070ebfe3f04990262	e7e3bae626247f86340c90d0470c5b4de4eeb6f8771af79903828e27b0d35221	pixels	col bin 2/rgb/col_yellow_hi-grad10blk-rotCW.png
4187	result/ColBinSet_0847.png	pixel-alias	0	pixel-alias	e3a262ed344ef7da94e780ec2e41b55429a1a1eb912032f6d810937cba115d4f	b45164c3f036168c9577fbc36b73ad928db1faf139dbecf1007f3f9b2c43af55	pixels	col bin 2/rgb/col_yellow_hi-grad10blk.png
4188	result/ColBinSet_0848.png	pixel-alias	0	pixel-alias	a50f1e84782266e2ee345db30b9d1b46ad6ba25570f522aa1b6a8acd5921215e	ec3b57094d0b957674311360abf27576ce394e460158d7d209fb40f7b69023e1	pixels	col bin 2/rgb/col_yellow_hi-grad10blk50-rotCCW.png
4189	result/ColBinSet_0849.png	pixel-alias	0	pixel-alias	c99660bc6d39b685a02f6ea44b5edc68a6e86303b625e99825353f5f90fdcdb0	3932cc14965db017b700e47cd6b0a6a699d2029765072aac15fad15738897c49	pixels	col bin 2/rgb/col_yellow_hi-grad10blk50-rotCW.png
4190	result/ColBinSet_0850.png	pixel-alias	0	pixel-alias	61e7afad792393e4a0dda149d8772b4299a273d3d87fc4e95950abc2f3e93943	83e39e2a6a6a83c9098456d3309f3d163309cbd3dd0d498325e0adcf14f206e7	pixels	col bin 2/rgb/col_yellow_hi-grad10blk50.png
4191	result/ColBinSet_0851.png	pixel-alias	0	pixel-alias	6a3d58cecf012dd8c3be75d9f910edaa91b9436ec0cee6008d14e741338841bd	39fab3d6905b439abd4fe4b5b4fdaa62f153cd032c988ae98b1bb79ab5b62582	pixels	col bin 2/rgb/col_yellow_hi-grad10wht70-rotCCW.png
4192	result/ColBinSet_0852.png	pixel-alias	0	pixel-alias	bf664970d763c6fb5d7d61de7adc44fc26d702bfc521c924e249c520e1df05a6	a594d8449fe957a9240fc6c253465d160e8e72d6bb766693b08e3a15eabee80c	pixels	col bin 2/rgb/col_yellow_hi-grad10wht70-rotCW.png
4193	result/ColBinSet_0853.png	pixel-alias	0	pixel-alias	0c96138c2ac6b30147dc31e427c423fe74e23c7f6f3899bda2c593619ddf89f8	971b5f8b7e1116e6511ae1faf9669fb801220520ef8b46611c7886e3700a192f	pixels	col bin 2/rgb/col_yellow_hi-grad10wht70.png
4194	result/ColBinSet_0854.png	pixel-alias	0	pixel-alias	285c354e36b1584db1d98a64a979065f430a2c86d4657668acdc94ae8745f81e	c5e1e63bacd7e074b313a8468ef8f374d2819c6b057dc1e1a78bdc574e8c0588	pixels	col bin 2/rgb/col_yellow_hi-grad10wht100-rotCCW.png
4195	result/ColBinSet_0855.png	pixel-alias	0	pixel-alias	c36ec8e1dd02d03f66288eef532f45a7beb2e0ccc01ab455e0d2e4dd068762fa	335374c4e838bd033bad345a2a5f6042ac3899beb335e8b2393ada1649234912	pixels	col bin 2/rgb/col_yellow_hi-grad10wht100-rotCW.png
4196	result/ColBinSet_0856.png	pixel-alias	0	pixel-alias	85697d85b6f1f50c989abc16e3836567b56d1ef7086ce16af3c729e084462b6f	0a5e973e1bc877ee77ad5651feb43aa91ba7f3ddb5d411e74b5dfffd698f5087	pixels	col bin 2/rgb/col_yellow_hi-grad10wht100.png
4197	result/ColBinSet_0857.png	pixel-alias	0	pixel-alias	23b218b9da5fe502bdcaea6fbe29074f80241ccfe40ab2e31636f4e9cc6a85b0	30323f0d0b54f20c3a73a9b3a9652b5c8256fca9314cd699aaa59dc89cd7cb06	pixels	col bin 2/rgb/col_yellow_hi-grad11blk-rotCCW.png
4198	result/ColBinSet_0858.png	pixel-alias	0	pixel-alias	24e493fab4ca1ed99c43cc41be2d53933d46e753cd32cd566fbeb8e16e1ebd91	00a593906b7a576f86d205a1698986ecc9d525dd5c9b314935dc0b6e37240cec	pixels	col bin 2/rgb/col_yellow_hi-grad11blk-rotCW.png
4199	result/ColBinSet_0859.png	pixel-alias	0	pixel-alias	1387ae129b2933613e8cefe6dc3bed91148f08f868adb610180de475cb6de9e4	b995b9821ce9c4439d8c50824058b867bec38e5328d07ed01d8d04cb00d58b22	pixels	col bin 2/rgb/col_yellow_hi-grad11blk.png
4200	result/ColBinSet_0860.png	pixel-alias	0	pixel-alias	ad8c1f25a5cb9f3073816ea8b76096f4ac9e3c9a805ec6f0ffd740e2d66c4126	c2307dae2b4748e995f66c44173d9d47d51fe9f39349789be5fccbf3b9a349e4	pixels	col bin 2/rgb/col_yellow_hi-grad11wht-rotCCW.png
4201	result/ColBinSet_0861.png	pixel-alias	0	pixel-alias	46f8d8f7b03a8c03e53e5b5a4040cb23e72f2d46a0e0ca4d3c411e7fcc58de6b	6b044be273639b3a141d8efb359da3638dd2533cc3db6c6b096753fb39f369cb	pixels	col bin 2/rgb/col_yellow_hi-grad11wht-rotCW.png
4202	result/ColBinSet_0862.png	pixel-alias	0	pixel-alias	2cf628d6b113369709a317a4736c1e667634952c4e438d5d5f35505104d9137f	925af962e67dec44d4163b5bb020f7a340dae0cbb225c7a77a2004d67a98dcd9	pixels	col bin 2/rgb/col_yellow_hi-grad11wht.png
4203	result/ColBinSet_0863.png	pixel-alias	0	pixel-alias	e3cd24a61c78f0a95b034caf8dd8a9306e81ecada4f2367bc7ff79a5e817a61e	4c6d36eaa3d7c0ac2c384f0f3def768acd6f20db09b3a23d868a0d1e8412096d	pixels	col bin 2/rgb/col_yellow_hi-grad11wht60-rotCCW.png
4204	result/ColBinSet_0864.png	pixel-alias	0	pixel-alias	eddc80a9ad374280da4ec834b26b7b5a94f25fa6cbedcbe6dfe0060ec1b5aaa2	50abe2dcc98b9e30058d7d97046b14fee4fdfe2c694609001b9c247a51482695	pixels	col bin 2/rgb/col_yellow_hi-grad11wht60-rotCW.png
4205	result/ColBinSet_0865.png	pixel-alias	0	pixel-alias	a2e51981a5874e29d0aacc835bc5500ae51533e8fc1f61f757a0aa721947e842	113074f35f5b9aaf995ff809162b777af4b022ce23dd10860a4d2f77dcf74314	pixels	col bin 2/rgb/col_yellow_hi-grad11wht60.png
4206	result/ColBinSet_0866.png	pixel-alias	0	pixel-alias	06703862bbdca05898d53de62472e4fe95a7eb1c2356760e11e56c7883d7388f	2306f52cacad9bd3fe9c485e0320a3875dcf8421876a51a13939de00e2068d03	pixels	col bin 2/rgb/col_yellow_hi-grad12blk-rotCCW.png
4207	result/ColBinSet_0867.png	pixel-alias	0	pixel-alias	6bc6cf54984dd79fbba475fcd98f36733b581218d8dd9f5498fff3f486148c76	1e3ee9db416f97f8c2c377890ede0497e9f188713d49dbaf6fddcf6d5b82ebe5	pixels	col bin 2/rgb/col_yellow_hi-grad12blk-rotCW.png
4208	result/ColBinSet_0868.png	pixel-alias	0	pixel-alias	41f87cbb54d9a61aadb7a7924495dbba12376a1e54e03c79984f4ff94c21c8b6	713a0512e934ed51bbceb6518dddceb3ed754fa3d9654a4dbffa7125750f6e45	pixels	col bin 2/rgb/col_yellow_hi-grad12blk.png
4209	result/ColBinSet_0869.png	pixel-alias	0	pixel-alias	7909286f09d77009495571f902c73e0282439aa0d4e843bf9224f0e575421b32	9dc12e8e7ab0b94efbec3fff1b45fda539eb6ea81485a5b8e236e3eff9f137ae	pixels	col bin 2/rgb/col_yellow_hi-grad12blk50-rotCCW.png
4210	result/ColBinSet_0870.png	pixel-alias	0	pixel-alias	eccec4ed663b62710f97621412b4118934e4f4feffcc753f09385df80654eb03	c25f3d9b1301ca28bd162e674585aa27b367fcc301ea25cb442121e2231cdc9c	pixels	col bin 2/rgb/col_yellow_hi-grad12blk50-rotCW.png
4211	result/ColBinSet_0871.png	pixel-alias	0	pixel-alias	300aeff877340a7ef215ddcee38e8d0e8a8fbf06cb2c3c56891bae887bf9bbad	7e653d9d8b8a89e697c969ccfe8332c069a5ed39489ce6555addfdc333a74d27	pixels	col bin 2/rgb/col_yellow_hi-grad12blk50.png
4212	result/ColBinSet_0872.png	pixel-alias	0	pixel-alias	01e25606e30b498c16798009faec2d453d373f778fcfe9fa258d38380e0811a6	79fcae00fdad51f0a800df6de584bfb6b092bca3cf20064a2214ce4f13a372f6	pixels	col bin 2/rgb/col_yellow_hi-grad12wht-rotCCW.png
4213	result/ColBinSet_0873.png	pixel-alias	0	pixel-alias	83f36d12df6a7ca3ff02c259aa440532ee342f806065aba8d6d4a591f0a0082a	79da21e403c28f4a6c5223f55e5ca4503f4328acd717c8ba84715589412a0e2f	pixels	col bin 2/rgb/col_yellow_hi-grad12wht-rotCW.png
4214	result/ColBinSet_0874.png	pixel-alias	0	pixel-alias	27a5f3c28f7606a2270528c12ccdafbc884c791fb6afcba87bba000c2cd4c0d7	0bcfcfbacbe94070e651f7a6e17a4e7a451a73653da240cf1a386ec64ee1941f	pixels	col bin 2/rgb/col_yellow_hi-grad12wht.png
4215	result/ColBinSet_0875.png	pixel-alias	0	pixel-alias	1522875282191c5669b43ee8bb5c69229a29419a22eda3ee177862a7d0e92f92	7958fae7b11b85c19230f1aad771e218b883a4bc13e03c7982a6a17966a530d9	pixels	col bin 2/rgb/col_yellow_hi-grad13wht-rotCCW.png
4216	result/ColBinSet_0876.png	pixel-alias	0	pixel-alias	544f9e4d19fd4e7cb6832b9866332cb3f6b77f75e3f224c2efedb87ce22d3e1f	227aa89128e91d4a847c8216620461a9b0e64eb8159960f999ff91f9bcd33ab0	pixels	col bin 2/rgb/col_yellow_hi-grad13wht-rotCW.png
4217	result/ColBinSet_0877.png	pixel-alias	0	pixel-alias	39723e016872e64602753432897d3c8a0ac0428d473514b075b56bc6983e32f6	c755decd1e9f626add6d6607b32393f47053ecd1c178b14b57442108d82b3e1b	pixels	col bin 2/rgb/col_yellow_hi-grad13wht.png
4218	result/ColBinSet_0878.png	pixel-alias	0	pixel-alias	0f9e68bce222f42d10269e3afa011a84048dbfe36882c72edf38f312d8a95ce0	4fc6d01a07cf1e4e2fb5481d94adf66b444255cc6639735b87e001227d0dac8b	pixels	col bin 2/rgb/col_yellow_hi-grad14blk25.png
4219	result/ColBinSet_0879.png	pixel-alias	0	pixel-alias	5c3587302b1cb88fbe6cfdad5813a1d4383f7b29534f7caa9c687ad7f2a09e3f	a84fc5a8c729caf01dbcb57a317f5567d24057df06847ea891d8aa9744a5330e	pixels	col bin 2/rgb/col_yellow_hi-grad14blk50.png
4220	result/ColBinSet_0880.png	pixel-alias	0	pixel-alias	6d68c05d56b6dcb523783593aa8a933ef29a2d27347080241c30f2e1830d3ffa	594ea1141ad3def57b72052a9d423d17ce8de23f0507ef10025cf06ac444591f	pixels	col bin 2/rgb/col_yellow_hi-grad14wht.png
4221	result/ColBinSet_0881.png	pixel-alias	0	pixel-alias	aa5184ba77a034bb629d3b194acba0cce123d839f80884d609025a7912422343	223ae0e1850f7f3e4e7337adf1d4ca162fc6cf0f944111a2cd5d8127f73b9b26	pixels	col bin 2/rgb/col_yellow_hi-grad15blk25.png
4222	result/ColBinSet_0882.png	pixel-alias	0	pixel-alias	e1fa485d905fe517a6f23b7382d5c4b348d9f0f5015f4ee7fb566d8ea9d5a498	f251dd7da5d3b759397e9c3a810813e16b047403ed92d4a940fedcc964d8c9c4	pixels	col bin 2/rgb/col_yellow_hi-grad15blk50.png
4223	result/ColBinSet_0883.png	pixel-alias	0	pixel-alias	e90341fbda65a396ef2e7b7bb34e80d4b89cd804caea3ce8035204599b4b5fd9	cdb10c0c031854ab0d1289f9e652fd3a3758a23cc7d01ee0f89ab258daa78314	pixels	col bin 2/rgb/col_yellow_hi-grad15blk100.png
4224	result/ColBinSet_0884.png	pixel-alias	0	pixel-alias	111eeff42a8b90f70a2787effebaa0770b70f776e65f50d88ffd85accb8408ea	c213e014aa277179dfd5cac598474f777b2541161b7417d39a7019c33b03e22d	pixels	col bin 2/rgb/col_yellow_hi-grad15wht.png
4225	result/ColBinSet_0885.png	pixel-alias	0	pixel-alias	d6fa2fbd12726c590823883be87888a1aaa4e4b63651ec42009a398bea57e286	e8ca80c0f555c8ffece3e2ecf954ced2e7a97531f0764e2343a00e65a60757e2	pixels	col bin 2/rgb/col_yellow_hi-grad16blk20.png
4226	result/ColBinSet_0886.png	pixel-alias	0	pixel-alias	ba313bebf0febd870453ead83194e47e8ab83cf8777c461dcca55001f0b79dde	80ae78bc938c6a18c3fe85441f1734a6af90b7fd16a34bc038d752b54b101d62	pixels	col bin 2/rgb/col_yellow_hi-grad16wht.png
4227	result/ColBinSet_0887.png	pixel-alias	0	pixel-alias	7826535d496b400daa0ceabb495bbee67765755944e3cc525333777d5d08f8fd	ad641d3bdbca76e88c289b873aece7f32afb6051fb852df0b65201d6a16539c4	pixels	col bin 2/rgb/col_yellow_hi-grad17blk.png
4228	result/ColBinSet_0888.png	pixel-alias	0	pixel-alias	323a9aa38ca257ad5b0684e21ddcf220d2ed3a1a5db407b268774c6c8de8444b	961824f559458a262289a99e6fb6e67896bc969db830798047141ba24ba02ce9	pixels	col bin 2/rgb/col_yellow_hi-grad17blk50.png
4229	result/ColBinSet_0889.png	pixel-alias	0	pixel-alias	1b34062f176f0ac4271399a24c007d4d2309f129b4977719275f12fc424fd642	ed5a2af46f022c7f00033f8d6de308184c64443bf2b09a0ba943a9f00dd93c30	pixels	col bin 2/rgb/col_yellow_hi-grad17wht.png
4230	result/ColBinSet_0890.png	pixel-alias	0	pixel-alias	dde6bc7b9ee85fef4bd15c4e7c3e65565faad0829d32c2b7ceffe953840ec9f1	85bc807cecab3dadf765e4007344acdd5fdd76acc5a7fdeb61efed02d58cdeaf	pixels	col bin 2/rgb/col_yellow_hi.png
4231	result/ColBinSet_0891.png	pixel-alias	0	pixel-alias	2f12e93acba6c8da6bd019555d35874fad76613acc1ecbc0a9b3e6a8f9274a7f	007dcca4f3b2a6ae71a79f63dee962d64c8047b7ce26daafbfb10db0955e17bb	pixels	col bin 2/rgb/col_yellow_lo-grad00blk25.png
4232	result/ColBinSet_0892.png	pixel-alias	0	pixel-alias	b8fdc1a842ade074bbf7fe7c3c6c247a1bd93580cde5b65720f7bc445897d4c0	a31a8ba5254675c83d9ee8178a4f85dd9e2275f5a499228474902914cc8968a9	pixels	col bin 2/rgb/col_yellow_lo-grad00blk100.png
4233	result/ColBinSet_0893.png	pixel-alias	0	pixel-alias	896ff566b3df66ddb941443da1c4be4b4a032a3233ae8d38526530e54c8c87f0	4904b888fc76cdf23ddb079c207f6bbae7f8deef52497960ac2f91a46b22d32b	pixels	col bin 2/rgb/col_yellow_lo-grad00wht.png
4234	result/ColBinSet_0894.png	pixel-alias	0	pixel-alias	e2de14b790994fa0f5110714e44c1e53009201c757abfa073835403335fea5ac	32c6f67442ccd956631457917a4059c01a36127f6ea2ff0a5dd2f8e2d5fcf7f7	pixels	col bin 2/rgb/col_yellow_lo-grad01blk25.png
4235	result/ColBinSet_0895.png	pixel-alias	0	pixel-alias	a7667827c9214863dca64d0026320a17b372a7303f2e71fa63bcb23b460ea54f	604bb37b36bdfac3b503adf57caa2ee02ebc33fdda52c8501e9485e3f38bd607	pixels	col bin 2/rgb/col_yellow_lo-grad01blk100.png
4236	result/ColBinSet_0896.png	pixel-alias	0	pixel-alias	e44de91e3fa46a22fa27338253a7dcec3c6c2db98f7698e845dcb117e737d7ff	6bb7aa6166f79ea4f0018bf9edf4ed77159eeb50d5c75b932d74ab444248fd76	pixels	col bin 2/rgb/col_yellow_lo-grad01wht.png
4237	result/ColBinSet_0897.png	pixel-alias	0	pixel-alias	b842915874afb445cbf1cbb650fde68bdbadc801a196354e5dddfb76a8084031	039038b3fec51e4ec1ee47045242801882958cee0a5dee726b087b7a5051e923	pixels	col bin 2/rgb/col_yellow_lo-grad02blk50.png
4238	result/ColBinSet_0898.png	pixel-alias	0	pixel-alias	39fbfe49b6c306017453ce33b5395e71ac172f8dbebd1078e72518018547fddb	71df3a8dbc62f9deff2aa1977e112776280feb110ed83b3784fede97589c8199	pixels	col bin 2/rgb/col_yellow_lo-grad02blk100.png
4239	result/ColBinSet_0899.png	pixel-alias	0	pixel-alias	05c79765a62294a9769302018772d724d544d0119a42b89496aeabb3a3f282d7	f2e28d7ed3966d8b78c1d504ad4b00e23f77fcf6d9c74cda245ba66772faa4d6	pixels	col bin 2/rgb/col_yellow_lo-grad02wht.png
4240	result/ColBinSet_0900.png	pixel-alias	0	pixel-alias	01f712b3496201804f7e77ca25a6d363f6a98f04a8c9fad94495e2e4ee2ce0fa	c234f1448806a18536a090a60cf4eea026453b291bf9a12970107ed2da63a40d	pixels	col bin 2/rgb/col_yellow_lo-grad03blk25.png
4241	result/ColBinSet_0901.png	pixel-alias	0	pixel-alias	2280838804404228a43c809d70bcdfc364509ab9dd1e31b89807722f4ff97bc7	bd8947bde7287d6867cc36e98943ec7395e2a62f7a09e9a1a22afd1f09dd00de	pixels	col bin 2/rgb/col_yellow_lo-grad03blk50.png
4242	result/ColBinSet_0902.png	pixel-alias	0	pixel-alias	5d5f421d81c2f95517846a0be921b95b30eeee712a24d4336a7eb39c37d38596	ef40c02492089762e89dbb859eea3ed03a03e48d97bcb4deb3cde421f738f398	pixels	col bin 2/rgb/col_yellow_lo-grad03blk100.png
4243	result/ColBinSet_0903.png	pixel-alias	0	pixel-alias	8d2ace90773f604122ad21069bb49e1e46a99df8060518912d5e22f859a0af81	acf61d8d056bb1587c7b7d7a443d377b98231cb201da7ea452f94b076b99b3c2	pixels	col bin 2/rgb/col_yellow_lo-grad03wht100.png
4244	result/ColBinSet_0904.png	pixel-alias	0	pixel-alias	b77cf50233bd565c6c1fbf14866c3e293ec7db6d97133bbe9372a23319527df2	f882f4fd3953a3e3058645d3885c3fac26143bb14a1ba1c4f2cd124bc3d84fd7	pixels	col bin 2/rgb/col_yellow_lo-grad04blk50.png
4245	result/ColBinSet_0905.png	pixel-alias	0	pixel-alias	f4ad6554f8456e168d892060dd626965d1e5cd027862138916c125073f809b76	38b337e25a7fd7d5fedf3a84dffc38e0625b4ddc03a20462d7aebaeba93d596b	pixels	col bin 2/rgb/col_yellow_lo-grad04blk100.png
4246	result/ColBinSet_0906.png	pixel-alias	0	pixel-alias	f832628424257513e3aeb5688957e998f1a14d250d9fa3a271f9499d527f0938	0cc67d5fbf3f8508ccde061400ddc3f837af07f93420793f8b4a48c59935452d	pixels	col bin 2/rgb/col_yellow_lo-grad04wht.png
4247	result/ColBinSet_0907.png	pixel-alias	0	pixel-alias	52a0ec8639cbc90c5fcb6321a81cfa4ad831ff5e924afd14fea573ef98bc3478	5c577880bacba76b26e648d6c873e8873d4d7e473167634a5e4e4137d1925561	pixels	col bin 2/rgb/col_yellow_lo-grad05blk50.png
4248	result/ColBinSet_0908.png	pixel-alias	0	pixel-alias	d14005572041263385d3ef11f726e2b73bcbb9d5c5f9314565b248ac6d4ebb6a	9e48d3786ac058d1f0cabf28ffc0e7691613d04453b9f5e37a210d0ad9a6334e	pixels	col bin 2/rgb/col_yellow_lo-grad05blk100.png
4249	result/ColBinSet_0909.png	pixel-alias	0	pixel-alias	579d58fd95c42a2d531373d583282fb407536bb5b34fd85f6e83813840971411	cbc1d8448ac154c2461d0cac388fa98805a361aad7c43c8dc7655cb4c2443ec4	pixels	col bin 2/rgb/col_yellow_lo-grad05wht50.png
4250	result/ColBinSet_0910.png	pixel-alias	0	pixel-alias	541363e7acaa7850ed47fe61cbb015ec832a16905a287c6ffef9e93f1a3d95d4	eddb491e5bf804698839e44033fcc469d35e1e883df1dce7d5f132409fd428af	pixels	col bin 2/rgb/col_yellow_lo-grad06blk40.png
4251	result/ColBinSet_0911.png	raster-fallback	0	raster-asset	59f88f3c889a40ce63a4ea1c21b5d64f561b3ef486059d6b81e7bff9c15b51bd	5c4294046ac03b484b6f373e89faef28a36f2db0231bf1dc990342cded7e8fb9		
4252	result/ColBinSet_0912.png	pixel-alias	0	pixel-alias	863e1ce69ded2a5414ec945d9e38854f8d586b0550c32bb952fbfede3a999ff4	61131fbd0005905c1112578d5ef61da764678f5afe2754a024ef31fd566fa7f0	pixels	col bin 2/rgb/col_yellow_lo-grad07blk40-rotCCW.png
4253	result/ColBinSet_0913.png	pixel-alias	0	pixel-alias	8d6e45575dc5fc5c7d71bb3ab2885f960d2715c8d96010bbbcae61b1bada41b7	5bb4e6ce66d28e2b67adf6925081c0c241a35b5bdc94ffacfac776f20973092d	pixels	col bin 2/rgb/col_yellow_lo-grad07blk40.png
4254	result/ColBinSet_0914.png	pixel-alias	0	pixel-alias	8514d873f2f6d13f6cd649ec3f6bd450f12ced2ba15817046aad37d3c9a7875a	f2ea9d6bfa090caff1e86af2b27b2df8eebbd1ea2476a7d1341987d7fcc7aaca	pixels	col bin 2/rgb/col_yellow_lo-grad07wht-rotCCW.png
4255	result/ColBinSet_0915.png	pixel-alias	0	pixel-alias	19569266569b59cf4e63109b128c03b14dde2838f4925d186ffba5b4c4247a2d	7473aafd45738736860ab96b171e8a588399f24d15edb990330482d4e1fd6a02	pixels	col bin 2/rgb/col_yellow_lo-grad07wht.png
4256	result/ColBinSet_0916.png	pixel-alias	0	pixel-alias	b2ebc4bae0dd83c5ec29d8162a1634e1a215f4aa650ee0db7a81ad3d2f632ce4	d2929224566f52829c0df64dedb92b4dc510ae14e80228abcb03fedaff6db4dc	pixels	col bin 2/rgb/col_yellow_lo-grad08blk-rotCCW.png
4257	result/ColBinSet_0917.png	pixel-alias	0	pixel-alias	88041de16e8831068142b0299f6d3153a44df55ec52166b05f821d7ec52971c7	ff9078d815fe1699b2794bb75477cde01a3c5522b68cf5bf6ed61cbe180c94a2	pixels	col bin 2/rgb/col_yellow_lo-grad08blk.png
4258	result/ColBinSet_0918.png	pixel-alias	0	pixel-alias	8c65d10b2965135fde12ff70a6a84b64b32ef787c9c072cfb6056e7c6cafec3b	b5d29779e3960e333e9de8dbb5dfbc2265fad7745c3975dab0e13e8b0bb57c2f	pixels	col bin 2/rgb/col_yellow_lo-grad08blk50-rotCCW.png
4259	result/ColBinSet_0919.png	pixel-alias	0	pixel-alias	213774a8134e8771ccf460854af69c6b5c3d19b2fc1216de1e2a363b6f2f2831	981b35f694adef01c588715d9c20b20869a6cec93f8dc387ee5415bfac39844c	pixels	col bin 2/rgb/col_yellow_lo-grad08blk50.png
4260	result/ColBinSet_0920.png	pixel-alias	0	pixel-alias	46bcdcbe6597a42888938ba910a847ca8cc79e19afe8826873380f57af87cc9f	009ca5f0b1f6fd7bc8617ad11e2691859546e83bcfcad7deb3eb65af6af1d38b	pixels	col bin 2/rgb/col_yellow_lo-grad08wht100-rotCCW.png
4261	result/ColBinSet_0921.png	pixel-alias	0	pixel-alias	be72567cff088097373b070a383a3cb966ccbb5133eb527dc63d9f0aa3d56c20	74cc04fb181060165e54db9823ac00d0ebcf8398214b57b8a9660a6ed4879fb5	pixels	col bin 2/rgb/col_yellow_lo-grad08wht100.png
4262	result/ColBinSet_0922.png	pixel-alias	0	pixel-alias	5d0a4052a48a53a7b6bdb32ccd55a1415633671d9586a44f9a54963d4592fa14	d674e51461afa104c02de6662d4b054975e81de427e9cd5468c19b2847e0109a	pixels	col bin 2/rgb/col_yellow_lo-grad09blk-rotCCW.png
4263	result/ColBinSet_0923.png	pixel-alias	0	pixel-alias	7eb399404b8afa6b7c19ef40e459d789980fedb0aae5c6c20d1d310622e06ab0	ac64c8fd7cdd8672fee1bd82ab5b3d76f388ae98478c33790879e5cc2004fa58	pixels	col bin 2/rgb/col_yellow_lo-grad09blk.png
4264	result/ColBinSet_0924.png	pixel-alias	0	pixel-alias	2e36445e3e1286e0480f4889cd625593e035d02645f8bb3e347e793cc0958568	b22655336fa4fd9495954a2ae3a7000ee2036ec84af1239b9654c70e005118d6	pixels	col bin 2/rgb/col_yellow_lo-grad09wht-rotCCW.png
4265	result/ColBinSet_0925.png	pixel-alias	0	pixel-alias	5874052d57e416db1a94da9cdbe3b496285cbfb0e58c3dd50cd5d6cfbdf8f801	9a5b37da6608ac8e24e58e7fb9a821f26f7425f39a1894311b4d4380748c7352	pixels	col bin 2/rgb/col_yellow_lo-grad09wht.png
4266	result/ColBinSet_0926.png	pixel-alias	0	pixel-alias	792227d00a82ff095c9566ef2d3292c026ac1387b7d59eed47ac12a7f7f9b6fb	5ace243406ecb579987e62af3100298fb1e8e0679179847459cb2922550e279e	pixels	col bin 2/rgb/col_yellow_lo-grad10blk-rotCCW.png
4267	result/ColBinSet_0927.png	pixel-alias	0	pixel-alias	cf5ed3ac9228fa7a1ee2276fa1d36e6fca97ccddfa5e305aac6c00cddfa938eb	fd72fbbf0f73d43c6998b1e31fae8e90117b3b8cd82a03bc831208509017f456	pixels	col bin 2/rgb/col_yellow_lo-grad10blk-rotCW.png
4268	result/ColBinSet_0928.png	pixel-alias	0	pixel-alias	cd972873a39ab916c717639a9932e52f47436fee4a56777d80d1508678e2bc71	010756cfb6bdbd93773905c0c2095b27e9ce84209157cc1d773f0762df06db5c	pixels	col bin 2/rgb/col_yellow_lo-grad10blk.png
4269	result/ColBinSet_0929.png	pixel-alias	0	pixel-alias	011a5de6aa8103a209567f625bc3124a40d7652711d32ee25946b6d7bbd1080d	3922e95ab7320747b768d47f753983dc7e6969e8a742b4e717ddeb7f0ae2e90d	pixels	col bin 2/rgb/col_yellow_lo-grad10blk50-rotCCW.png
4270	result/ColBinSet_0930.png	pixel-alias	0	pixel-alias	f454d458e0b689b567325f8107e25291e9bd4d1c5e934341b8ee6ee2c2b78563	12b2529200a38c5a22d459e2c830d09b8e21a6415f683b5e96e5e0f6bb16f686	pixels	col bin 2/rgb/col_yellow_lo-grad10blk50-rotCW.png
4271	result/ColBinSet_0931.png	pixel-alias	0	pixel-alias	7f7ecf214da9a26f1c1cefc9c6d5f198c66dbed97e1ee97c9bbf65c8f8803cee	02ecbce357b781de11faed5ebbfc2727c530c05730240cf2255d5704f46b0179	pixels	col bin 2/rgb/col_yellow_lo-grad10blk50.png
4272	result/ColBinSet_0932.png	pixel-alias	0	pixel-alias	7a838aadf0a863e32d2f5b81d71bf3d3f40002601c731c807c9bdf7557380b70	6c2926dec815d644df3afe35aa9c045c9014ae0485c12ea96f4bc5a723c6e9f9	pixels	col bin 2/rgb/col_yellow_lo-grad10wht70-rotCCW.png
4273	result/ColBinSet_0933.png	pixel-alias	0	pixel-alias	073d3fc3fb7fd72f8617e004ab390521e3ed921b47d7645c05a4c6db39dce33a	53ba7c4edf118a6dbaa699ebb6b3e02616147e5b66ddb3ae22c0c901fff20c90	pixels	col bin 2/rgb/col_yellow_lo-grad10wht70-rotCW.png
4274	result/ColBinSet_0934.png	pixel-alias	0	pixel-alias	daad82b740335d7347c7ef0af5d4ed7d7a32dc7bf39da7d64f22ab652c9229c2	1182873ac04a4fc9fbed8474b7b10e18d4eb6b98bfbc026f8b46c75717debcbe	pixels	col bin 2/rgb/col_yellow_lo-grad10wht70.png
4275	result/ColBinSet_0935.png	pixel-alias	0	pixel-alias	e3ff34a070f47ac2cf36e1fdbff29c19f66dd6e2e9e3613f97c79b6bed6c60aa	ce544429d2cd97b0c2e77dfe511f7b5171b933aa9fcd3692114e3ac0a5845a51	pixels	col bin 2/rgb/col_yellow_lo-grad10wht100-rotCCW.png
4276	result/ColBinSet_0936.png	pixel-alias	0	pixel-alias	a0930282575fa9b5f8a4aed9fcda49e5e760c9219a8f147e8da9f14d28d952b0	7e83d3919f449f614cc619d4aa832a8fe110374d3106ae62579a144288bbcd3d	pixels	col bin 2/rgb/col_yellow_lo-grad10wht100-rotCW.png
4277	result/ColBinSet_0937.png	pixel-alias	0	pixel-alias	99cc7dcff49f4464ab08d4093c4853e4b9fcca5de34b11e9648ca8dc7009a49d	1f27dd2d60c5c4f9c74c774b1af8f455ee250a322f4ee7a5407d5d120de69fce	pixels	col bin 2/rgb/col_yellow_lo-grad10wht100.png
4278	result/ColBinSet_0938.png	pixel-alias	0	pixel-alias	1679b02ddce7eb3d9f720182aa1404fb2deb5accf7b8244fbb41f6f7e9dd11ad	2fcef6cbcf08a92ca147012927b8630e2067d426429ef864fc52ae18dfed0511	pixels	col bin 2/rgb/col_yellow_lo-grad11blk-rotCCW.png
4279	result/ColBinSet_0939.png	pixel-alias	0	pixel-alias	cedc841fbc973aab1c6cb340fefa768f47f6d550c3635db71c86d11e03fec895	4c8b149db9697efc59cc75352c5a99757b0904622b7c907140629a77f4c1bf8f	pixels	col bin 2/rgb/col_yellow_lo-grad11blk-rotCW.png
4280	result/ColBinSet_0940.png	pixel-alias	0	pixel-alias	22c69879dbc5c7cb6cde1ff5a13200d3563627aa02fe45ced4fac4c3a8b4ed11	f7b4fba784d9dda5cd8787e7e9a18429a07ea79184b50cda2666086d67975cfe	pixels	col bin 2/rgb/col_yellow_lo-grad11blk.png
4281	result/ColBinSet_0941.png	pixel-alias	0	pixel-alias	c10c3b35753944b88c46eb2648381f8db3a59853da4b9a94f99a21d7f549e2a3	b106c2880f99539c91a268fec2f88e130e60190b07dce766f5f3ab4dfa7e94e0	pixels	col bin 2/rgb/col_yellow_lo-grad11wht-rotCCW.png
4282	result/ColBinSet_0942.png	pixel-alias	0	pixel-alias	6ce80bc57d69cff6b65a08d322d0257d9b6cc631f38383fae9e2a5ba9b2c1834	9fa41d94a38a6e48b3f775d2cdc8d89cdccd643fe6b9d99cd4c1e9dde7ce3e0d	pixels	col bin 2/rgb/col_yellow_lo-grad11wht-rotCW.png
4283	result/ColBinSet_0943.png	pixel-alias	0	pixel-alias	8211b0ef8aa219389feb5609d6b433614adc0bc066ba61f256a1801153d27ff8	abf40907bf9fbb2a9bd85463b2438636372b3fad8c68a9493f1e5bedc8624544	pixels	col bin 2/rgb/col_yellow_lo-grad11wht.png
4284	result/ColBinSet_0944.png	pixel-alias	0	pixel-alias	02b7326e30a3f3426268862fa300027cdb7034fd373921af2b307ed9afc659e8	3efeb318ffc6566faf18747bea0a348735b32f81d39c8aa407d4b577879e4997	pixels	col bin 2/rgb/col_yellow_lo-grad11wht60-rotCCW.png
4285	result/ColBinSet_0945.png	pixel-alias	0	pixel-alias	8647284c16d800c15d4012f6beeee808aeaf1348b4af33557a48973cb514d2d7	6ba237700b4b6d54df24bbc6bc060ec0f51719da16607402d43bd5b599ec3258	pixels	col bin 2/rgb/col_yellow_lo-grad11wht60-rotCW.png
4286	result/ColBinSet_0946.png	pixel-alias	0	pixel-alias	b76cdb4ab1fd1e5a6ac9603b09161b548eeb47be8ce0ffa1aac9c829f21a5c38	db1d553af2c5442aa1aba353a02fd64fbf371c5d9aa3e9f10dd1fdf8f58f4ef6	pixels	col bin 2/rgb/col_yellow_lo-grad11wht60.png
4287	result/ColBinSet_0947.png	pixel-alias	0	pixel-alias	262f3ee4e02674ac1e6f83905b941aa6d07c5fe048d5868f5b87ff12c887f5d8	eb4b677df26542ec7c126b8542cb7adaa28be00b3b70364c41b5f3e42de8b34b	pixels	col bin 2/rgb/col_yellow_lo-grad12blk-rotCCW.png
4288	result/ColBinSet_0948.png	pixel-alias	0	pixel-alias	ff29de2239c463a5abedcc278b563bc7301624b19779a47e5e385e1df2e32df0	0d7c194ac7def936f922d381700af6b49f242a271ab4af6af030c83482410929	pixels	col bin 2/rgb/col_yellow_lo-grad12blk-rotCW.png
4289	result/ColBinSet_0949.png	pixel-alias	0	pixel-alias	3b7bedf994ff02643399ac0ee15f37bb1c2b1c7fc488d783386233ab909fd9a5	f45323fd3c0a250eaf0d96a08d568a315660731a31ed740a1704d5a4a53247d7	pixels	col bin 2/rgb/col_yellow_lo-grad12blk.png
4290	result/ColBinSet_0950.png	pixel-alias	0	pixel-alias	e59a3a35fb09bd2965d804a60b47674bb45058c7fcbfc59f5c6d0f6817bbe360	df7f0df3bc6ec5f30bf2073f470255b4e7797ac45f41b058c3df9d6528056254	pixels	col bin 2/rgb/col_yellow_lo-grad12blk50-rotCCW.png
4291	result/ColBinSet_0951.png	pixel-alias	0	pixel-alias	f8578635ecf165642b49ad5c2079e49bbd2fb53cf40b54bad3f8eed522f4feef	ee023ac449d0682229cb0d4172555581de633d2bf2a5bce9181e9b2175c72e31	pixels	col bin 2/rgb/col_yellow_lo-grad12blk50-rotCW.png
4292	result/ColBinSet_0952.png	pixel-alias	0	pixel-alias	956283645a44bcf295225fde8fe8e16d56c1527db027c3d5bb6e063513690e02	fbe52e27c42929fc0058d209b818a3b12c5892cbea4cea48847f2093991c48c3	pixels	col bin 2/rgb/col_yellow_lo-grad12blk50.png
4293	result/ColBinSet_0953.png	pixel-alias	0	pixel-alias	4a94f64d5cdcb5f746bd3934dafe7254393de89ea4a81472b4537c54e2243a8d	bbaa052cc44753f88a9e717a668768b913b73c9c6b2136d8eb49488493ed5a26	pixels	col bin 2/rgb/col_yellow_lo-grad12wht-rotCCW.png
4294	result/ColBinSet_0954.png	pixel-alias	0	pixel-alias	2ed8c767e5a853f335c617694fa4d15118f0ec572385463c3c425691f5fb6227	2e2b8e2812256193e666ad0434d790c433553424693eb202e6c367ec45b76130	pixels	col bin 2/rgb/col_yellow_lo-grad12wht-rotCW.png
4295	result/ColBinSet_0955.png	pixel-alias	0	pixel-alias	986c33d92b08c0dce7170c285f9c1a31cb04850082f53e7627d8cc43b0be17fc	0ca19523e43637d7ee280e9b55f464a4236c965c60515e16d4b5cceafce97624	pixels	col bin 2/rgb/col_yellow_lo-grad12wht.png
4296	result/ColBinSet_0956.png	pixel-alias	0	pixel-alias	a2efa4bfca4a24108df711ff16b363b8ccf1050e5149206f5a33b4370ca987fa	07c449c4d87ce636085f1924e66e87eb580dbf96e0e9a9d9a32fd6d5b7c2d365	pixels	col bin 2/rgb/col_yellow_lo-grad13wht-rotCCW.png
4297	result/ColBinSet_0957.png	pixel-alias	0	pixel-alias	f2299687e806db5d289c7b09b1871841380fc48a1e4df61e064ab0cc87ba6cc1	d70a660ca406ac28c775f2a1c071d108cf4f5a006c72049bab532b862f3083b1	pixels	col bin 2/rgb/col_yellow_lo-grad13wht-rotCW.png
4298	result/ColBinSet_0958.png	pixel-alias	0	pixel-alias	f5a745477ec02de5e9a0975ad59450272b8c3cc0e97d8335fe6ae79a4c589391	21f566d5d0953dbf0d9464695f6cd0d17706427ceeb0744b8644c5ab07900753	pixels	col bin 2/rgb/col_yellow_lo-grad13wht.png
4299	result/ColBinSet_0959.png	pixel-alias	0	pixel-alias	ad3591b7cf6bf2e07bf8cb401ef42eddd10fdcf81bf42c3836bc2e1e818e0887	b1890b0f96e03769e2f808a1cf5fb84a061049fb2634e45d3f197575bc896375	pixels	col bin 2/rgb/col_yellow_lo-grad14blk25.png
4300	result/ColBinSet_0960.png	pixel-alias	0	pixel-alias	8839ab5bfcb108f36c260746f775ba22dee0016ffd78f038658c80e3181f25f7	bc5b7e04dd382cedcbc851b0fad3e27182407aa162d37221eaf78e9e33af699d	pixels	col bin 2/rgb/col_yellow_lo-grad14blk50.png
4301	result/ColBinSet_0961.png	pixel-alias	0	pixel-alias	acce22f371650d8c4a5c889fd5f6c19e49324501fc5ae7525ade917c78b54a34	1dd5c33bbacd4194c4ce89d10c4a36a6efe823f69c861a11541042afe5635f53	pixels	col bin 2/rgb/col_yellow_lo-grad14wht.png
4302	result/ColBinSet_0962.png	pixel-alias	0	pixel-alias	ec52851dae16f94b66dff7f0b30cbc62bd35e9809d3065d829b11c315a219060	648cf62900cf8821eea69d5ce6f6822006715c7f102dbb54749ba79d4b4b315b	pixels	col bin 2/rgb/col_yellow_lo-grad15blk25.png
4303	result/ColBinSet_0963.png	pixel-alias	0	pixel-alias	f3448f8eb57e57286c0b97ca580e2cbeec71ac2ea43a21127a55036625215fc7	3c8b25fe59306421de6fa0542a58d24759e28802dc43ba6936d0695e13600c80	pixels	col bin 2/rgb/col_yellow_lo-grad15blk50.png
4304	result/ColBinSet_0964.png	pixel-alias	0	pixel-alias	8c08b13de476d586c82f4d7e6e9180ad8b9f3fa06594532a2538bf0ebf4aaae1	36b24a7960649b5dddd1b558b991292a1ce43f26528a06f7bd04de75f5f9ae06	pixels	col bin 2/rgb/col_yellow_lo-grad15blk100.png
4305	result/ColBinSet_0965.png	pixel-alias	0	pixel-alias	6cbbf5d4fbfeb6e7975cb71256b4505da2fb58537c32fc29a17a02471bc5ab4d	ab1d79507c56b2f108f2a3d11dc043f70b29932ce7e7e5a0f3fb2f20eb577bc2	pixels	col bin 2/rgb/col_yellow_lo-grad15wht.png
4306	result/ColBinSet_0966.png	pixel-alias	0	pixel-alias	ad900ee12deb1cbffec51da9f19bcaff4bcd4c0ccb91db740d07a4122b05cf00	e9ac9fc803b774c6f48b354375a4cde353cfddb719e5d30b0f34d8b857ae82a9	pixels	col bin 2/rgb/col_yellow_lo-grad16blk20.png
4307	result/ColBinSet_0967.png	pixel-alias	0	pixel-alias	03081439af65c4aacc6a259c7e88819c14382072fe4c7da16be33893647c21f2	9b44a4a7cd57ee75ce2e9810e5b86e7a235087a8a90e6be77c027d2e15791341	pixels	col bin 2/rgb/col_yellow_lo-grad16wht.png
4308	result/ColBinSet_0968.png	pixel-alias	0	pixel-alias	e78af61ab4077e7fe2ed79616a271d3bbf7199202673e1fabc41682240483e13	5dfa555f916746c8bb5638b17d091ecde79675e8a607a253ce7d1d2641cedf8b	pixels	col bin 2/rgb/col_yellow_lo-grad17blk.png
4309	result/ColBinSet_0969.png	pixel-alias	0	pixel-alias	6ca22468b152696b08a07f63c0553bcad939b13d06d8dd847d6f6c0b31bba7e4	c9aba6133f5e227451dbddd270141a64b5ab6b7006f1b2e8d6c92e1f26763489	pixels	col bin 2/rgb/col_yellow_lo-grad17blk50.png
4310	result/ColBinSet_0970.png	pixel-alias	0	pixel-alias	71adc54943adb90bc651c6994e481c35d40508ddeb244a5a11107156b60fc576	6ccd9e9a350be7bca4ffd4e935d43287ff47896de96c8617d0684c268eb85815	pixels	col bin 2/rgb/col_yellow_lo-grad17wht.png
4311	result/ColBinSet_0971.png	pixel-alias	0	pixel-alias	910a01cde437d4676e66a9effd54743c2c7c0163d1afae23fceb481d1848b374	c06a819b8e4f2ab40a4271edce746710a24e2fbbc37db996872643f994230e83	pixels	col bin 2/rgb/col_yellow_lo.png
